strategy,suite,seed,channel,kind,first_found_time_s,clear_time_s,found_to_clear_s,supplement_measure_count,reacquisition_attempts,reacquisition_successes,reacquisition_no_signal,reacquisition_move_m,reacquisition_switch_count,reacquisition_time_s,mean_planned_step_m,max_planned_step_m,coarse_probe_count,intersection_probe_count,fallback_probe_count,cleared
w6_persistent_bearing,random,0,1,dir,432.0,946.916166,514.916166,1,0,0,0,0.0,0,0.0,0.0,0.0,0,0,0,1
w6_persistent_bearing,random,0,2,omni,645.106668,6470.546291,5825.439622999999,19,17,5,12,4054.633570780821,13,908.9267141561643,200.38814101538173,500.0,5,0,0,1
w6_persistent_bearing,random,0,3,omni,1380.759911,6957.478353,5576.718442,16,14,3,11,2164.5116315045916,12,514.9023263009183,353.1198555125213,500.0,3,0,0,1
w6_persistent_bearing,random,0,4,dir,2655.344916,3182.183611,526.8386949999999,3,0,0,0,0.0,0,0.0,0.0,0.0,0,0,0,1
w6_persistent_bearing,random,0,5,omni,29.0,1477.224874,1448.224874,3,0,0,0,0.0,0,0.0,0.0,0.0,0,0,0,1
w6_persistent_bearing,random,0,6,dir,1770.74127,2199.256936,428.51566600000024,2,0,0,0,0.0,0,0.0,0.0,0.0,0,0,0,1
w6_persistent_bearing,random,0,7,dir,5171.584181,5908.205594,736.6214129999998,27,26,5,21,1648.475124033513,0,459.69502480670263,136.0096153846154,500.0,25,0,1,1
w6_persistent_bearing,random,0,8,dir,3594.416209,4031.179061,436.76285199999984,3,0,0,0,0.0,0,0.0,0.0,0.0,0,0,0,1
w6_persistent_bearing,random,0,9,dir,4556.975668,5043.762627,486.786959,3,0,0,0,0.0,0,0.0,0.0,0.0,0,0,0,1
w6_persistent_bearing,random,0,10,dir,378.0,4458.147291,4080.147291,19,18,6,12,756.5200948342227,11,252.30401896684455,100.14346440262437,389.3461909942919,8,0,0,1
w6_persistent_bearing,random,0,12,omni,71.0,1582.937235,1511.937235,4,3,3,0,557.5489790522672,3,129.50979581045345,500.0,500.0,1,0,0,1
w6_persistent_bearing,random,0,13,dir,1806.74127,2472.893645,666.1523750000001,11,10,4,6,1088.1835491772863,1,268.6367098354573,167.32808096434752,500.0,10,0,0,1
w6_persistent_bearing,random,0,14,dir,2067.065666,3462.557479,1395.491813,8,7,6,1,1221.1103824566896,3,282.22207649133793,242.7866008752861,500.0,5,0,0,1
w6_persistent_bearing,random,0,16,omni,729.106668,6138.586845,5409.4801769999995,15,14,2,12,446.0068802386238,14,173.20137604772475,446.0068802386238,446.0068802386238,1,0,0,1
w6_persistent_bearing,random,0,18,omni,107.0,1682.124692,1575.124692,3,2,1,1,0.0,2,12.0,0.0,0.0,0,0,0,1
w6_persistent_bearing,random,0,20,dir,119.0,1061.167439,942.1674390000001,4,2,1,1,577.5535701581366,1,126.51071403162732,393.4713073173544,393.4713073173544,1,0,0,1
w6_persistent_bearing,random,1,3,omni,1036.720975,2067.362408,1030.641433,3,0,0,0,0.0,0,0.0,0.0,0.0,0,0,0,1
w6_persistent_bearing,random,1,4,omni,23.0,7599.75699,7576.75699,25,24,8,16,399.87914743780334,24,223.97582948756067,399.8791474378034,399.8791474378034,1,0,0,1
w6_persistent_bearing,random,1,7,dir,4940.634006,8068.535514,3127.901508,28,27,3,24,5257.277389959312,9,1195.4554779918624,148.4375,500.0,21,0,0,1
w6_persistent_bearing,random,1,8,omni,47.0,1269.812519,1222.812519,7,6,5,1,567.0946125106053,3,146.41892250212106,141.77365312765133,306.3298259601239,4,0,0,1
w6_persistent_bearing,random,1,9,omni,1072.720975,1761.640364,688.9193890000001,4,0,0,0,0.0,0,0.0,0.0,0.0,0,0,0,1
w6_persistent_bearing,random,1,11,omni,65.0,909.599442,844.599442,3,0,0,0,0.0,0,0.0,0.0,0.0,0,0,0,1
w6_persistent_bearing,random,1,13,omni,1090.720975,1714.198519,623.4775440000001,3,0,0,0,0.0,0,0.0,0.0,0.0,0,0,0,1
w6_persistent_bearing,random,1,14,omni,83.0,579.989982,496.98998200000005,1,0,0,0,0.0,0,0.0,0.0,0.0,0,0,0,1
w6_persistent_bearing,random,1,16,omni,95.0,4166.871335,4071.871335,15,13,5,8,485.2057064165862,13,175.04114128331724,485.20570641658617,485.20570641658617,1,0,0,1
w6_persistent_bearing,random,1,17,omni,2506.948594,3493.427054,986.4784600000003,5,3,3,0,666.5433902687122,2,150.30867805374243,408.4906759168806,500.0,2,0,0,1
w6_persistent_bearing,random,1,19,dir,2729.948594,3135.217857,405.26926300000014,4,2,2,0,434.5143536686452,0,96.90287073372903,232.84160772286162,327.1797928875891,2,0,0,1
w6_persistent_bearing,random,2,1,omni,2352.794719,2634.552062,281.7573430000002,1,0,0,0,0.0,0,0.0,0.0,0.0,0,0,0,1
w6_persistent_bearing,random,2,2,omni,426.0,1336.450672,910.4506719999999,3,2,2,0,0.0,2,12.0,0.0,0.0,0,0,0,1
w6_persistent_bearing,random,2,3,omni,17.0,4698.692726,4681.692726,13,12,6,6,2363.496197401436,7,539.6992394802871,244.7854449758147,500.0,6,0,0,1
w6_persistent_bearing,random,2,4,dir,2118.654311,3538.494424,1419.8401130000002,13,12,6,6,1347.2046390431815,1,330.4409278086363,141.9378481164351,500.0,12,0,0,1
w6_persistent_bearing,random,2,5,omni,2370.794719,2715.546571,344.7518519999999,1,0,0,0,0.0,0,0.0,0.0,0.0,0,0,0,1
w6_persistent_bearing,random,2,6,dir,1452.684529,3970.638794,2517.954265,24,23,4,19,1580.721847386331,2,433.1443694772662,129.27327758404527,500.0,22,0,0,1
w6_persistent_bearing,random,2,10,omni,59.0,1990.251563,1931.251563,11,10,7,3,613.9831208150648,6,178.79662416301295,194.80020007909695,500.0,6,0,0,1
w6_persistent_bearing,random,2,11,dir,65.0,2446.244485,2381.244485,11,10,6,4,931.4069071351321,7,243.28138142702642,232.851726783783,499.80274635194064,4,0,0,1
w6_persistent_bearing,random,2,12,dir,366.0,4186.868903,3820.8689029999996,8,7,3,4,672.413186801592,6,175.4826373603184,425.7200525120196,500.0,2,0,0,1
w6_persistent_bearing,random,2,13,dir,77.0,1728.462028,1651.462028,13,12,6,6,650.4864377804528,6,196.09728755609055,86.75151082154733,335.41363515923763,8,0,0,1
w6_persistent_bearing,random,2,14,omni,1025.010204,3454.426723,2429.4165190000003,4,1,0,1,0.0,1,6.0,0.0,0.0,0,0,0,1
w6_persistent_bearing,random,2,15,omni,89.0,1851.89338,1762.89338,10,9,6,3,423.1949213890303,7,136.63898427780606,136.29109380799963,354.4826995615266,5,0,0,1
w6_persistent_bearing,random,2,16,omni,2064.654311,3016.15381,951.499499,1,0,0,0,0.0,0,0.0,0.0,0.0,0,0,0,1
w6_persistent_bearing,random,2,17,dir,336.0,1380.894684,1044.894684,4,3,3,0,390.0121539310897,3,96.00243078621794,390.01215393108976,390.01215393108976,1,0,0,1
w6_persistent_bearing,random,2,19,dir,2430.794719,5174.80922,2744.014501,23,22,4,18,1800.5824691508888,1,471.1164938301778,144.53125,500.0,22,0,0,1
w6_persistent_bearing,random,2,20,omni,2436.794719,2786.94141,350.1466909999999,1,0,0,0,0.0,0,0.0,0.0,0.0,0,0,0,1
w6_persistent_bearing,random,3,1,dir,2897.537156,3732.792541,835.2553849999999,12,10,2,8,1439.344762070291,1,338.8689524140582,287.5,500.0,10,0,0,1
w6_persistent_bearing,random,3,2,omni,426.0,1226.687069,800.6870690000001,2,0,0,0,0.0,0,0.0,0.0,0.0,0,0,0,1
w6_persistent_bearing,random,3,5,dir,29.0,6679.442756,6650.442756,34,33,8,25,1535.1272861442387,22,494.02545722884776,235.57692307692307,500.0,13,0,0,1
w6_persistent_bearing,random,3,8,omni,5589.084005,6177.876025,588.7920199999999,3,0,0,0,0.0,0,0.0,0.0,0.0,0,0,0,1
w6_persistent_bearing,random,3,10,dir,5010.084005,6309.753703,1299.6696980000006,5,4,3,1,427.8641542769231,4,109.57283085538462,427.86415427692316,427.86415427692316,1,0,0,1
w6_persistent_bearing,random,3,11,omni,943.918372,6937.192934,5993.274562,19,18,2,16,0.0,18,108.0,0.0,0.0,0,0,0,1
w6_persistent_bearing,random,3,12,omni,949.918372,7017.437102,6067.51873,19,18,2,16,0.0,18,108.0,0.0,0.0,0,0,0,1
w6_persistent_bearing,random,3,14,omni,83.0,1105.192158,1022.1921580000001,3,0,0,0,0.0,0,0.0,0.0,0.0,0,0,0,1
w6_persistent_bearing,random,3,16,omni,2562.083437,3065.191199,503.1077620000001,3,0,0,0,0.0,0,0.0,0.0,0.0,0,0,0,1
w6_persistent_bearing,random,3,18,dir,985.918372,6644.255716,5658.337344,20,19,2,17,493.8668354258343,19,212.77336708516685,493.86683542583427,493.86683542583427,1,0,0,1
w6_persistent_bearing,random,3,19,dir,3869.727773,4936.08091,1066.3531369999996,9,8,8,0,1216.7656849917769,3,286.35313699835535,202.79428083196282,500.0,6,0,0,1
w6_persistent_bearing,random,4,1,omni,1974.776455,2737.338042,762.5615869999999,2,0,0,0,0.0,0,0.0,0.0,0.0,0,0,0,1
w6_persistent_bearing,random,4,2,omni,1980.776455,2649.397343,668.6208880000001,2,0,0,0,0.0,0,0.0,0.0,0.0,0,0,0,1
w6_persistent_bearing,random,4,4,omni,23.0,556.700998,533.700998,2,0,0,0,0.0,0,0.0,0.0,0.0,0,0,0,1
w6_persistent_bearing,random,4,5,dir,5289.483769,6005.591774,716.108005,4,1,1,0,337.14729681724515,0,72.42945936344903,481.73741683256685,481.73741683256685,1,0,0,1
w6_persistent_bearing,random,4,7,omni,41.0,1453.769143,1412.769143,8,7,6,1,681.3002511556014,3,174.26005023112026,136.26005023112026,353.26596854098483,5,0,0,1
w6_persistent_bearing,random,4,9,omni,53.0,576.114965,523.114965,2,0,0,0,0.0,0,0.0,0.0,0.0,0,0,0,1
w6_persistent_bearing,random,4,10,omni,1617.228323,2959.374284,1342.145961,4,0,0,0,0.0,0,0.0,0.0,0.0,0,0,0,1
w6_persistent_bearing,random,4,13,omni,2028.776455,2699.688422,670.9119670000002,3,0,0,0,0.0,0,0.0,0.0,0.0,0,0,0,1
w6_persistent_bearing,random,4,15,omni,89.0,2168.172747,2079.172747,6,5,2,3,241.1481328346735,5,78.2296265669347,241.14813283467353,241.14813283467353,1,0,0,1
w6_persistent_bearing,random,4,16,omni,95.0,1762.306924,1667.306924,5,3,3,0,1068.7202680615835,3,231.7440536123167,500.0,500.0,1,0,0,1
w6_persistent_bearing,random,4,17,omni,101.0,6224.02253,6123.02253,22,19,2,17,0.0,19,114.0,0.0,0.0,0,0,0,1
w6_persistent_bearing,random,5,1,omni,5.0,1224.788801,1219.788801,8,6,6,0,321.364239412854,2,96.2728478825708,194.3608513562492,500.0,6,0,0,1
w6_persistent_bearing,random,5,2,omni,325.0,1527.293134,1202.293134,4,3,3,0,534.5886528057424,1,122.91773056114849,267.29432640287126,357.4784175291412,2,0,0,1
w6_persistent_bearing,random,5,3,dir,3444.360127,3803.25794,358.89781300000004,2,0,0,0,0.0,0,0.0,0.0,0.0,0,0,0,1
w6_persistent_bearing,random,5,4,omni,337.0,2305.546999,1968.5469990000001,5,0,0,0,0.0,0,0.0,0.0,0.0,0,0,0,1
w6_persistent_bearing,random,5,6,dir,35.0,5729.788048,5694.788048,21,19,3,16,808.5487034965306,19,275.7097406993061,500.0,500.0,2,0,0,1
w6_persistent_bearing,random,5,7,omni,41.0,5542.496101,5501.496101,19,15,0,15,0.0,15,90.0,0.0,0.0,0,0,0,1
w6_persistent_bearing,random,5,8,omni,704.0,3155.356851,2451.356851,9,8,5,3,880.2859359324474,7,223.05718718648947,440.14296796622375,500.0,2,0,0,1
w6_persistent_bearing,random,5,9,omni,53.0,5360.96829,5307.96829,19,18,3,15,0.0,18,108.0,0.0,0.0,0,0,0,1
w6_persistent_bearing,random,5,11,omni,65.0,856.55046,791.55046,2,0,0,0,0.0,0,0.0,0.0,0.0,0,0,0,1
w6_persistent_bearing,random,5,12,omni,71.0,5506.827716,5435.827716,19,15,2,13,0.0,15,90.0,0.0,0.0,0,0,0,1
w6_persistent_bearing,random,5,13,dir,1313.855044,6819.533476,5505.678432,21,18,1,17,0.0,18,108.0,0.0,0.0,0,0,0,1
w6_persistent_bearing,random,5,15,omni,403.0,2411.062549,2008.0625490000002,6,4,4,0,500.0,4,124.0,500.0,500.0,1,0,0,1
w6_persistent_bearing,random,5,17,omni,101.0,1159.730771,1058.730771,4,2,2,0,633.0760937647258,2,138.61521875294517,378.79905020814977,500.0,2,0,0,1
w6_persistent_bearing,random,5,18,dir,107.0,5481.007594,5374.007594,19,16,1,15,0.0,16,96.0,0.0,0.0,0,0,0,1
w6_persistent_bearing,random,6,1,dir,6001.320967,6254.777288,253.45632100000057,2,0,0,0,0.0,0,0.0,0.0,0.0,0,0,0,1
w6_persistent_bearing,random,6,2,dir,2764.946967,9045.773406,6280.826439,21,20,2,18,2404.263755078232,11,591.8527510156464,233.80030202243262,437.75375697817174,11,0,0,1
w6_persistent_bearing,random,6,3,dir,2164.936763,4020.209618,1855.2728549999997,6,5,3,2,192.12249986010622,5,68.42449997202124,500.0,500.0,1,0,0,1
w6_persistent_bearing,random,6,4,omni,23.0,8601.673572,8578.673572,25,24,10,14,1027.455453165748,19,344.4910906331496,214.46947934772618,500.0,6,0,0,1
w6_persistent_bearing,random,6,6,dir,4192.139238,8235.09925,4042.9600119999996,6,2,0,2,0.0,2,12.0,0.0,0.0,0,0,0,1
w6_persistent_bearing,random,6,8,dir,4983.763497,8145.88795,3162.1244530000004,24,23,4,19,1072.9334067260374,3,332.58668134520747,156.99404761904762,500.0,21,0,0,1
w6_persistent_bearing,random,6,9,dir,2200.936763,3442.350968,1241.414205,8,7,2,5,803.9328591809053,3,198.78657183618105,240.9831436359721,415.07569276754094,5,0,0,1
w6_persistent_bearing,random,6,10,omni,59.0,8515.374272,8456.374272,22,21,9,12,971.7463774251278,20,319.34927548502554,414.98212828564783,500.0,3,0,0,1
w6_persistent_bearing,random,6,11,dir,5953.320967,6898.393952,945.0729850000007,21,20,5,15,2080.103778604218,0,516.0207557208436,188.28125,500.0,20,0,0,1
w6_persistent_bearing,random,6,12,dir,4597.753293,8401.601406,3803.848113,6,3,1,2,894.8943480875051,3,196.97886961750103,448.48801286582403,448.48801286582403,1,0,0,1
w6_persistent_bearing,random,6,14,dir,1055.934623,1310.089064,254.1544409999999,1,0,0,0,0.0,0,0.0,0.0,0.0,0,0,0,1
w6_persistent_bearing,random,6,15,omni,89.0,572.036733,483.036733,2,0,0,0,0.0,0,0.0,0.0,0.0,0,0,0,1
w6_persistent_bearing,random,6,16,dir,1865.861169,8756.538084,6890.676915,14,11,1,10,0.0,11,66.0,0.0,0.0,0,0,0,1
w6_persistent_bearing,random,6,18,omni,2242.936763,3522.685678,1279.7489149999997,3,1,0,1,0.0,1,6.0,0.0,0.0,0,0,0,1
w6_persistent_bearing,random,6,19,dir,113.0,7609.467762,7496.467762,42,41,5,36,2349.2867243889755,20,694.8573448777951,111.36252851142919,500.0,22,0,1,1
w6_persistent_bearing,random,6,20,dir,119.0,7255.984507,7136.984507,22,21,5,16,8240.977840504518,17,1770.1955681009035,380.13479551728466,500.0,3,0,0,1
w6_persistent_bearing,random,7,1,omni,6799.926727,7646.476264,846.5495369999999,2,0,0,0,0.0,0,0.0,0.0,0.0,0,0,0,1
w6_persistent_bearing,random,7,2,dir,7079.815642,7341.864959,262.0493170000009,1,0,0,0,0.0,0,0.0,0.0,0.0,0,0,0,1
w6_persistent_bearing,random,7,3,omni,1082.012174,3449.513788,2367.5016140000002,7,6,4,2,512.4706485715279,6,138.4941297143056,500.0,500.0,1,0,0,1
w6_persistent_bearing,random,7,4,omni,5891.11721,6349.507261,458.3900509999994,1,0,0,0,0.0,0,0.0,0.0,0.0,0,0,0,1
w6_persistent_bearing,random,7,5,omni,29.0,4433.754562,4404.754562,17,16,7,9,1185.578502274555,11,328.115700454911,197.59641704575915,500.0,6,0,0,1
w6_persistent_bearing,random,7,6,dir,35.0,5444.467613,5409.467613,27,26,6,20,1388.490650845959,16,423.6981301691918,269.2307692307692,500.0,13,0,0,1
w6_persistent_bearing,random,7,9,omni,53.0,1752.834386,1699.834386,6,4,4,0,630.3032152087239,1,147.06064304174478,116.22775095198864,253.7157472027347,4,0,0,1
w6_persistent_bearing,random,7,10,dir,4106.638861,5049.936871,943.2980099999995,8,7,2,5,1423.616531425301,2,321.7233062850602,416.6666666666667,500.0,6,0,0,1
w6_persistent_bearing,random,7,13,dir,77.0,5630.453402,5553.453402,40,39,4,35,2900.1521428192627,16,791.0304285638525,129.59134615384616,500.0,24,0,2,1
w6_persistent_bearing,random,7,16,dir,95.0,5807.421019,5712.421019,17,15,3,12,1227.7240668236268,14,334.54481336472537,258.604102600236,445.98755561424616,3,0,0,1
w6_persistent_bearing,random,7,18,dir,2434.557877,2976.535287,541.97741,2,0,0,0,0.0,0,0.0,0.0,0.0,0,0,0,1
w6_persistent_bearing,random,7,19,dir,6440.482727,6947.035558,506.55283099999997,3,0,0,0,0.0,0,0.0,0.0,0.0,0,0,0,1
w6_persistent_bearing,random,8,2,omni,11.0,1888.298665,1877.298665,10,9,7,2,1024.7195384366228,6,255.94390768732455,204.94390768732455,500.0,5,0,0,1
w6_persistent_bearing,random,8,3,omni,17.0,585.155209,568.155209,1,0,0,0,0.0,0,0.0,0.0,0.0,0,0,0,1
w6_persistent_bearing,random,8,4,omni,23.0,4610.737083,4587.737083,17,12,2,10,0.0,12,72.0,0.0,0.0,0,0,0,1
w6_persistent_bearing,random,8,5,dir,467.76009,1004.231046,536.470956,2,0,0,0,0.0,0,0.0,0.0,0.0,0,0,0,1
w6_persistent_bearing,random,8,7,omni,1207.210128,3876.971921,2669.7617929999997,11,9,3,6,1071.1700497574316,9,268.2340099514863,500.0,500.0,1,0,0,1
w6_persistent_bearing,random,8,9,omni,53.0,2009.083287,1956.083287,9,8,5,3,454.5206638729872,5,135.90413277459743,155.9588248490328,342.10799576469947,4,0,0,1
w6_persistent_bearing,random,8,12,omni,71.0,347.355463,276.355463,2,0,0,0,0.0,0,0.0,0.0,0.0,0,0,0,1
w6_persistent_bearing,random,8,13,omni,77.0,5974.40878,5897.40878,22,20,2,18,0.0,20,120.0,0.0,0.0,0,0,0,1
w6_persistent_bearing,random,8,16,omni,407.76009,5908.832067,5501.0719770000005,22,21,4,17,500.00000000000006,21,226.0,500.0,500.0,1,0,0,1
w6_persistent_bearing,random,8,17,omni,101.0,6152.873829,6051.873829,22,21,2,19,0.0,21,126.0,0.0,0.0,0,0,0,1
w6_persistent_bearing,random,8,19,omni,113.0,1264.972222,1151.972222,6,5,5,0,655.2100428210995,4,160.04200856421988,322.49819688561297,500.0,3,0,0,1
w6_persistent_bearing,random,9,1,dir,2921.460544,3609.192059,687.731515,3,1,1,0,237.74258056735866,0,52.548516113471734,257.14080450162766,257.14080450162766,1,0,0,1
w6_persistent_bearing,random,9,2,omni,11.0,3194.771659,3183.771659,9,8,2,6,163.8507734456771,8,80.77015468913542,287.9312070819051,287.9312070819051,1,0,0,1
w6_persistent_bearing,random,9,5,dir,2382.64185,5066.171587,2683.529737,10,9,6,3,911.5904391007855,7,234.3180878201571,303.86347970026185,500.0,3,0,0,1
w6_persistent_bearing,random,9,6,dir,1973.069942,6076.220776,4103.150834,24,23,5,18,2664.9300270211143,11,658.9860054042229,245.53571428571428,500.0,14,0,0,1
w6_persistent_bearing,random,9,8,dir,2963.460544,5800.022232,2836.5616880000002,24,23,6,17,952.660872750584,7,312.5321745501168,81.69475308368828,500.0,17,0,0,1
w6_persistent_bearing,random,9,9,omni,53.0,2204.197615,2151.197615,8,7,4,3,888.9858313518978,6,218.79716627037956,444.49291567594895,500.0,2,0,0,1
w6_persistent_bearing,random,9,11,dir,1127.510887,8606.543078,7479.032191,21,19,6,13,715.0794764668527,15,253.01589529337053,143.01589529337056,370.5443224156895,5,0,0,1
w6_persistent_bearing,random,9,12,dir,705.826386,9539.857544,8834.031158,29,28,3,25,2993.300446372918,18,756.6600892745836,306.8181818181818,500.0,11,0,0,1
w6_persistent_bearing,random,9,14,dir,397.0,975.549869,578.549869,5,4,3,1,1003.6174183575583,2,222.72348367151167,270.55671159618333,465.5849936793161,3,0,0,1
w6_persistent_bearing,random,9,16,dir,6415.79823,7684.193752,1268.3955219999998,26,25,5,20,2732.010033379105,3,674.402006675821,149.11684782608697,500.0,23,0,0,1
w6_persistent_bearing,random,9,18,dir,1544.112358,8683.593583,7139.4812249999995,37,36,5,31,6638.732744075687,13,1520.7465488151374,127.6786566524991,434.04845864313785,23,0,0,1
w6_persistent_bearing,random,9,19,omni,427.0,1426.308562,999.3085619999999,4,3,3,0,254.40736793254933,3,68.88147358650987,254.40736793254936,254.40736793254936,1,0,0,1
w6_persistent_bearing,random,9,20,omni,119.0,3096.808824,2977.808824,10,8,5,3,1874.3547345739328,7,421.87094691478654,472.171791696442,500.0,2,0,0,1
w6_persistent_bearing,random,10,1,omni,432.0,3150.309843,2718.309843,8,7,1,6,1280.191217057274,6,297.0382434114548,0.0,0.0,0,0,0,1
w6_persistent_bearing,random,10,2,omni,1885.456077,5825.741694,3940.2856170000005,16,15,3,12,3037.1982048221507,14,696.4396409644302,0.0,0.0,0,0,0,1
w6_persistent_bearing,random,10,3,dir,1879.456077,5976.3764,4096.920323,18,17,2,15,169.0145665793518,17,135.80291331587034,500.0,500.0,1,0,0,1
w6_persistent_bearing,random,10,5,omni,1867.456077,5791.782157,3924.32608,17,16,4,12,481.4166993251719,16,192.28333986503438,481.416699325172,481.416699325172,1,0,0,1
w6_persistent_bearing,random,10,7,omni,396.0,3119.613169,2723.613169,10,9,5,4,815.5266033684162,8,216.10532067368325,407.7633016842081,500.0,2,0,0,1
w6_persistent_bearing,random,10,8,omni,47.0,1062.543957,1015.5439570000001,7,6,6,0,848.9551783201424,3,202.79103566402847,144.23151466821852,376.66076839932833,5,0,0,1
w6_persistent_bearing,random,10,10,omni,59.0,507.862802,448.862802,1,0,0,0,0.0,0,0.0,0.0,0.0,0,0,0,1
w6_persistent_bearing,random,10,11,omni,690.840597,3830.364594,3139.5239970000002,11,10,4,6,499.99999999999994,10,160.0,500.0,500.0,1,0,0,1
w6_persistent_bearing,random,10,13,omni,360.0,2597.422824,2237.422824,11,10,7,3,940.3338375586056,6,244.06676751172114,188.06676751172108,491.5941432796789,5,0,0,1
w6_persistent_bearing,random,10,14,omni,708.840597,4605.648853,3896.808256,14,11,4,7,500.00000000000006,11,166.0,500.0,500.0,1,0,0,1
w6_persistent_bearing,random,10,15,omni,89.0,1155.608533,1066.608533,7,6,6,0,431.33929316191285,3,119.26785863238257,173.38869530756656,452.78239906812166,5,0,0,1
w6_persistent_bearing,random,10,16,dir,3986.007308,4317.797209,331.7899010000001,2,0,0,0,0.0,0,0.0,0.0,0.0,0,0,0,1
w6_persistent_bearing,random,10,17,omni,101.0,830.964069,729.964069,2,0,0,0,0.0,0,0.0,0.0,0.0,0,0,0,1
w6_persistent_bearing,random,10,19,omni,738.840597,3811.462681,3072.622084,11,10,4,6,0.17453292431296383,10,60.03490658486259,500.0,500.0,1,0,0,1
w6_persistent_bearing,random,11,2,dir,6596.54208,7690.195934,1093.6538540000001,25,24,5,19,2441.052185558001,2,610.2104371116002,144.36141304347825,500.0,23,0,0,1
w6_persistent_bearing,random,11,3,dir,3224.614339,3585.290424,360.6760849999996,3,0,0,0,0.0,0,0.0,0.0,0.0,0,0,0,1
w6_persistent_bearing,random,11,7,omni,396.0,8690.010106,8294.010106,23,20,3,17,0.0,20,120.0,0.0,0.0,0,0,0,1
w6_persistent_bearing,random,11,8,dir,1889.006395,3996.033912,2107.0275169999995,18,17,9,8,2210.375343285431,6,533.0750686570861,269.2307692307692,500.0,13,0,0,1
w6_persistent_bearing,random,11,9,dir,53.0,2831.214173,2778.214173,13,12,2,10,1761.526619999175,6,418.30532399983497,392.85714285714283,500.0,7,0,0,1
w6_persistent_bearing,random,11,10,dir,378.0,2104.739623,1726.739623,5,4,4,0,0.610865200206727,4,24.122173040041346,500.0,500.0,1,0,0,1
w6_persistent_bearing,random,11,11,omni,65.0,6488.141973,6423.141973,17,16,4,12,361.5457520733153,16,168.30915041466307,361.54575207331544,361.54575207331544,1,0,0,1
w6_persistent_bearing,random,11,13,dir,3501.705543,4598.739095,1097.0335519999999,8,6,3,3,541.6180824269157,2,140.32361648538316,158.03520188424974,468.18128704470297,6,0,0,1
w6_persistent_bearing,random,11,15,omni,5622.610739,6145.686929,523.0761900000007,2,0,0,0,0.0,0,0.0,0.0,0.0,0,0,0,1
w6_persistent_bearing,random,11,17,omni,101.0,3247.421027,3146.421027,12,11,7,4,1351.6118673007595,7,332.3223734601519,188.09823894488187,487.4878718301633,5,0,0,1
w6_persistent_bearing,random,11,18,dir,3146.614339,4794.720112,1648.1057729999998,13,12,4,8,818.3085360598232,3,226.66170721196463,133.04465722818136,500.0,11,0,0,1
w6_persistent_bearing,random,11,19,omni,324.0,2091.818103,1767.818103,5,4,4,0,369.98034455778946,4,97.9960689115579,500.0,500.0,1,0,0,1
w6_persistent_bearing,random,11,20,dir,3140.614339,4478.248499,1337.63416,5,2,2,0,649.093868838995,2,141.818773767799,384.61992843391647,500.0,2,0,0,1
w6_persistent_bearing,random,12,1,dir,1956.829545,2608.720923,651.8913779999998,2,0,0,0,0.0,0,0.0,0.0,0.0,0,0,0,1
w6_persistent_bearing,random,12,4,dir,4912.740851,6308.402433,1395.6615820000006,4,3,1,2,0.0,3,18.0,0.0,0.0,0,0,0,1
w6_persistent_bearing,random,12,5,dir,6772.723995,7152.479702,379.75570699999935,2,0,0,0,0.0,0,0.0,0.0,0.0,0,0,0,1
w6_persistent_bearing,random,12,6,dir,2772.914601,3409.784367,636.8697660000003,13,12,3,9,1284.6111269024586,1,317.92222538049174,232.43257180268927,455.37809985833,12,0,0,1
w6_persistent_bearing,random,12,8,omni,390.0,4196.49304,3806.4930400000003,10,8,1,7,855.3536615263165,8,219.0707323052633,439.796787165382,439.796787165382,1,0,0,1
w6_persistent_bearing,random,12,9,dir,7333.884967,8184.609783,850.7248159999999,24,23,4,19,1688.5730618009309,2,454.71461236018615,160.86647727272728,500.0,22,0,0,1
w6_persistent_bearing,random,12,11,dir,695.393626,3930.078814,3234.685188,9,6,2,4,472.2360531690072,6,130.44721063380143,472.23605316900716,472.23605316900716,1,0,0,1
w6_persistent_bearing,random,12,12,dir,71.0,1459.209634,1388.209634,9,7,5,2,1045.5303903175272,3,247.10607806350544,149.54506757781078,390.59216868021963,5,0,0,1
w6_persistent_bearing,random,12,13,dir,2736.914601,8888.618359,6151.703758,21,18,5,13,1090.521358308366,14,322.1042716616732,168.43577321709273,436.9668088531218,5,0,0,1
w6_persistent_bearing,random,12,15,dir,89.0,8636.939622,8547.939622,24,22,1,21,0.0,22,132.0,0.0,0.0,0,0,0,1
w6_persistent_bearing,random,12,16,dir,4960.740851,5248.347915,287.6070640000007,2,0,0,0,0.0,0,0.0,0.0,0.0,0,0,0,1
w6_persistent_bearing,random,12,17,dir,2712.914601,8449.861216,5736.946614999999,24,23,4,19,628.8695733596234,15,255.77391467192467,136.31214600649164,415.89988855637546,8,0,0,1
w6_persistent_bearing,random,12,19,omni,324.0,889.445527,565.445527,2,0,0,0,0.0,0,0.0,0.0,0.0,0,0,0,1
w6_persistent_bearing,random,13,2,dir,491.508315,7372.912274,6881.403959,32,31,2,29,2348.1403574589,23,647.62807149178,289.77272727272725,500.0,11,0,0,1
w6_persistent_bearing,random,13,3,dir,485.508315,7918.345551,7432.837236,24,22,1,21,602.2600130165212,22,252.45200260330424,500.0,500.0,1,0,0,1
w6_persistent_bearing,random,13,4,dir,23.0,3762.136222,3739.136222,15,14,6,8,582.0443791965776,12,198.4088758393155,153.70286047322364,337.574714675967,4,0,0,1
w6_persistent_bearing,random,13,5,omni,29.0,6282.234478,6253.234478,21,19,5,14,500.0,19,214.0,500.0,500.0,1,0,0,1
w6_persistent_bearing,random,13,6,dir,1519.496915,8323.183872,6803.686957,29,28,3,25,1232.1074308188663,19,405.42148616377324,287.5,500.0,10,0,0,1
w6_persistent_bearing,random,13,8,omni,47.0,561.460435,514.460435,2,0,0,0,0.0,0,0.0,0.0,0.0,0,0,0,1
w6_persistent_bearing,random,13,9,omni,53.0,4041.820845,3988.820845,12,10,7,3,0.0,10,60.0,0.0,0.0,0,0,0,1
w6_persistent_bearing,random,13,10,omni,3245.125281,4489.301518,1244.1762370000001,3,1,1,0,0.0,1,6.0,0.0,0.0,0,0,0,1
w6_persistent_bearing,random,13,11,dir,2917.262833,3683.393789,766.1309560000004,5,1,1,0,331.11738854850233,1,72.22347770970046,181.07119327140217,181.07119327140217,1,0,0,1
w6_persistent_bearing,random,13,12,omni,431.508315,6775.70077,6344.192455,20,19,3,16,0.0,19,114.0,0.0,0.0,0,0,0,1
w6_persistent_bearing,random,13,13,omni,77.0,6848.660758,6771.660758,22,21,5,16,433.1340500545052,21,212.62681001090104,433.1340500545052,433.1340500545052,1,0,0,1
w6_persistent_bearing,random,13,18,omni,4302.114109,5256.816759,954.7026500000002,8,7,7,0,715.8289165100082,3,181.16578330200164,143.16578330200164,372.02791633264184,5,0,0,1
w6_persistent_bearing,random,14,2,omni,426.0,4180.878757,3754.8787570000004,11,9,1,8,0.0,9,54.0,0.0,0.0,0,0,0,1
w6_persistent_bearing,random,14,5,dir,1467.306393,2542.751129,1075.4447360000001,6,4,3,1,962.082139783659,2,214.4164279567318,286.9152128230923,496.1648772348044,3,0,0,1
w6_persistent_bearing,random,14,8,dir,3102.271422,3702.287649,600.0162270000001,2,0,0,0,0.0,0,0.0,0.0,0.0,0,0,0,1
w6_persistent_bearing,random,14,9,dir,53.0,3198.749096,3145.749096,12,11,4,7,799.2077188438227,10,224.84154376876455,399.60385942191135,500.0,2,0,0,1
w6_persistent_bearing,random,14,11,omni,372.0,4127.689951,3755.6899510000003,11,9,1,8,0.0,9,54.0,0.0,0.0,0,0,0,1
w6_persistent_bearing,random,14,12,omni,2792.182485,6808.143444,4015.9609590000005,14,12,3,9,0.0,12,72.0,0.0,0.0,0,0,0,1
w6_persistent_bearing,random,14,17,dir,4310.651158,4969.374677,658.7235190000001,4,1,1,0,316.2050781146936,0,68.24101562293872,335.52698611400723,335.52698611400723,1,0,0,1
w6_persistent_bearing,random,14,18,omni,107.0,3564.038131,3457.038131,12,11,3,8,335.57798263840186,11,133.11559652768037,433.15101329360283,433.15101329360283,1,0,0,1
w6_persistent_bearing,random,14,19,dir,3168.271422,6225.798368,3057.526946,25,24,6,18,2967.0674313883724,9,722.4134862776745,82.84333438707873,498.53920526068123,15,0,0,1
w6_persistent_bearing,random,14,20,omni,318.0,871.027269,553.027269,2,0,0,0,0.0,0,0.0,0.0,0.0,0,0,0,1
w6_persistent_bearing,random,15,1,omni,319.0,852.919973,533.919973,2,0,0,0,0.0,0,0.0,0.0,0.0,0,0,0,1
w6_persistent_bearing,random,15,2,dir,2899.503093,7463.394625,4563.891532,16,13,1,12,3356.074972168124,11,747.2149944336248,308.4947325901763,308.4947325901763,1,0,0,1
w6_persistent_bearing,random,15,3,omni,17.0,3341.950439,3324.950439,14,12,6,6,1035.246039485958,9,276.0492078971916,309.0592541092885,500.0,4,0,0,1
w6_persistent_bearing,random,15,6,omni,35.0,3646.008303,3611.008303,13,12,8,4,873.16382422238,11,245.632764844476,436.58191211119004,500.0,2,0,0,1
w6_persistent_bearing,random,15,8,omni,2306.226691,3093.065431,786.8387400000001,3,0,0,0,0.0,0,0.0,0.0,0.0,0,0,0,1
w6_persistent_bearing,random,15,11,omni,4385.003891,5762.445997,1377.4421059999995,6,5,2,3,0.0,5,30.0,0.0,0.0,0,0,0,1
w6_persistent_bearing,random,15,13,omni,4397.003891,6586.092189,2189.0882979999997,10,9,3,6,1029.8533231618715,9,259.9706646323743,500.0,500.0,1,0,0,1
w6_persistent_bearing,random,15,15,dir,89.0,4284.607769,4195.607769,18,16,7,9,1961.042778658786,11,483.2085557317572,234.93461875579362,500.0,6,0,0,1
w6_persistent_bearing,random,15,17,omni,1895.670747,2433.082877,537.4121299999999,3,0,0,0,0.0,0,0.0,0.0,0.0,0,0,0,1
w6_persistent_bearing,random,15,19,dir,6721.590233,7299.367218,577.7769850000004,3,1,1,0,297.5270126358181,0,64.50540252716362,316.64328885662394,316.64328885662394,1,0,0,1
w6_persistent_bearing,random,15,20,dir,1913.670747,2632.365638,718.6948910000003,7,5,5,0,832.9611157014826,0,191.59222314029654,206.50552779988266,500.0,5,0,0,1
w6_persistent_bearing,random,16,1,dir,2518.476199,5737.1852,3218.7090009999997,13,12,3,9,4485.848231281573,8,965.1696462563146,400.63670876302797,500.0,2,0,0,1
w6_persistent_bearing,random,16,4,omni,337.0,1901.569169,1564.569169,6,5,3,2,941.7484119206474,4,217.3496823841295,419.3759994007481,500.0,2,0,0,1
w6_persistent_bearing,random,16,5,omni,2536.476199,5515.385177,2978.908978,10,8,2,6,0.0,8,48.0,0.0,0.0,0,0,0,1
w6_persistent_bearing,random,16,7,omni,41.0,2667.076795,2626.076795,7,6,1,5,0.0,6,36.0,0.0,0.0,0,0,0,1
w6_persistent_bearing,random,16,8,omni,361.0,1311.802951,950.8029509999999,3,0,0,0,0.0,0,0.0,0.0,0.0,0,0,0,1
w6_persistent_bearing,random,16,10,omni,59.0,2862.486392,2803.486392,10,9,4,5,755.4178909437053,7,203.08357818874106,303.35272999528405,500.0,3,0,0,1
w6_persistent_bearing,random,16,11,omni,379.0,6551.554275,6172.554275,21,20,3,17,230.8560539340403,20,166.17121078680805,500.0,500.0,1,0,0,1
w6_persistent_bearing,random,16,14,omni,2933.81797,4924.213336,1990.3953659999997,8,6,3,3,0.0,6,36.0,0.0,0.0,0,0,0,1
w6_persistent_bearing,random,16,16,omni,2116.252807,6270.997269,4154.744462000001,15,13,2,11,0.0,13,78.0,0.0,0.0,0,0,0,1
w6_persistent_bearing,random,16,18,omni,2608.476199,5454.168636,2845.692437,10,9,2,7,0.0,9,54.0,0.0,0.0,0,0,0,1
w6_persistent_bearing,random,16,19,omni,113.0,595.263727,482.263727,1,0,0,0,0.0,0,0.0,0.0,0.0,0,0,0,1
w6_persistent_bearing,random,16,20,omni,2098.252807,6158.256965,4060.0041579999997,14,12,2,10,2997.0563275247578,10,669.4112655049515,0.0,0.0,0,0,0,1
w6_persistent_bearing,random,17,1,omni,4602.707429,5069.456297,466.7488679999997,2,0,0,0,0.0,0,0.0,0.0,0.0,0,0,0,1
w6_persistent_bearing,random,17,2,dir,325.0,6111.551654,5786.551654,19,18,3,15,2090.0510190801297,17,525.010203816026,0.0,0.0,0,0,0,1
w6_persistent_bearing,random,17,5,dir,1567.623125,7899.034585,6331.41146,20,19,1,18,0.0,19,114.0,0.0,0.0,0,0,0,1
w6_persistent_bearing,random,17,6,dir,3512.691942,4331.545368,818.8534260000001,4,3,3,0,752.0298087903361,2,167.40596175806724,451.94340218052963,500.0,2,0,0,1
w6_persistent_bearing,random,17,9,dir,1919.775303,7781.001162,5861.225859,19,17,1,16,0.0,17,102.0,0.0,0.0,0,0,0,1
w6_persistent_bearing,random,17,10,dir,5892.866281,7517.245784,1624.379503,27,26,7,19,1881.0361515921245,3,509.2072303184249,170.5163043478261,500.0,23,0,0,1
w6_persistent_bearing,random,17,11,omni,65.0,1435.026854,1370.026854,5,4,4,0,862.9524136397213,4,196.59048272794425,374.5589004691914,500.0,2,0,0,1
w6_persistent_bearing,random,17,12,omni,71.0,984.428902,913.428902,6,5,5,0,327.3741068944385,3,93.4748213788877,175.17323589608756,500.0,4,0,0,1
w6_persistent_bearing,random,17,13,omni,77.0,1791.042765,1714.042765,8,7,5,2,597.0982008617443,4,158.41964017234886,149.2745502154361,326.62587026934915,4,0,0,1
w6_persistent_bearing,random,17,14,dir,3418.691942,3981.333872,562.6419300000002,9,7,4,3,558.2881977182165,1,147.65763954364328,94.11740722330664,332.33541820630546,7,0,0,1
w6_persistent_bearing,random,17,15,omni,1937.775303,7117.097739,5179.322436,22,20,7,13,731.3883910065779,16,262.27767820131555,146.27767820131558,382.47169083157246,5,0,0,1
w6_persistent_bearing,random,17,18,dir,107.0,8267.253038,8160.253038000001,28,26,4,22,3461.8949545785485,24,846.3789909157097,362.4000489138659,500.0,3,0,0,1
w6_persistent_bearing,random,17,19,omni,914.870993,3295.724272,2380.853279,8,6,1,5,0.0,6,36.0,0.0,0.0,0,0,0,1
w6_persistent_bearing,random,17,20,omni,433.0,6353.529651,5920.529651,19,18,1,17,5272.678147414817,17,1161.5356294829635,0.0,0.0,0,0,0,1
w6_persistent_bearing,random,18,3,omni,1736.364098,3452.261517,1715.897419,4,2,1,1,0.0,2,12.0,0.0,0.0,0,0,0,1
w6_persistent_bearing,random,18,4,omni,23.0,956.887819,933.887819,3,2,2,0,379.3653511139316,2,87.87307022278631,379.3653511139316,379.3653511139316,1,0,0,1
w6_persistent_bearing,random,18,5,dir,5984.493063,6275.820967,291.32790399999976,2,0,0,0,0.0,0,0.0,0.0,0.0,0,0,0,1
w6_persistent_bearing,random,18,7,dir,41.0,1230.530484,1189.530484,5,4,4,0,314.4855365129089,3,85.89710730258177,449.5369290343379,500.0,2,0,0,1
w6_persistent_bearing,random,18,8,dir,721.380918,5906.957639,5185.576721,22,21,3,18,2081.3575056214127,16,537.2715011242825,245.8331468710902,500.0,6,0,0,1
w6_persistent_bearing,random,18,11,dir,4930.066785,5454.686138,524.619353,2,0,0,0,0.0,0,0.0,0.0,0.0,0,0,0,1
w6_persistent_bearing,random,18,13,dir,2014.606671,3317.192844,1302.5861730000001,4,0,0,0,0.0,0,0.0,0.0,0.0,0,0,0,1
w6_persistent_bearing,random,18,15,dir,1676.364098,3133.729554,1457.365456,4,2,1,1,0.0,2,12.0,0.0,0.0,0,0,0,1
w6_persistent_bearing,random,18,17,omni,101.0,591.540244,490.54024400000003,2,0,0,0,0.0,0,0.0,0.0,0.0,0,0,0,1
w6_persistent_bearing,random,18,18,dir,107.0,2136.07487,2029.07487,7,5,3,2,500.0,5,130.0,500.0,500.0,1,0,0,1
w6_persistent_bearing,random,18,19,dir,2262.661035,2781.335035,518.674,9,7,4,3,649.8776535914983,0,164.97553071829967,112.17232963710619,402.50382418533263,7,0,0,1
w6_persistent_bearing,random,19,2,dir,325.0,3902.948534,3577.948534,20,19,5,14,1189.8924522095551,8,340.97849044191105,135.57401516768215,500.0,13,0,0,1
w6_persistent_bearing,random,19,3,omni,17.0,1587.705302,1570.705302,8,7,6,1,660.4321936707296,4,171.08643873414593,146.24336958057407,381.43598216276763,5,0,0,1
w6_persistent_bearing,random,19,4,omni,23.0,1188.822305,1165.822305,8,7,7,0,1095.3103705290569,2,256.06207410581135,227.9879064555051,500.0,6,0,0,1
w6_persistent_bearing,random,19,5,dir,343.0,3237.583594,2894.583594,7,5,2,3,683.0499549352286,5,166.6099909870457,500.0,500.0,1,0,0,1
w6_persistent_bearing,random,19,6,omni,35.0,931.159595,896.159595,2,0,0,0,0.0,0,0.0,0.0,0.0,0,0,0,1
w6_persistent_bearing,random,19,7,omni,41.0,6356.974742,6315.974742,21,20,5,15,623.0443433523167,20,244.60886867046332,311.52217167615834,311.52217167615834,2,0,0,1
w6_persistent_bearing,random,19,9,omni,367.0,3199.77277,2832.77277,6,5,3,2,0.0,5,30.0,0.0,0.0,0,0,0,1
w6_persistent_bearing,random,19,10,dir,5530.714204,5759.108932,228.3947280000002,3,1,1,0,149.88754432719603,0,34.977508865439205,172.82618877480797,172.82618877480797,1,0,0,1
w6_persistent_bearing,random,19,11,omni,65.0,2000.670355,1935.670355,4,0,0,0,0.0,0,0.0,0.0,0.0,0,0,0,1
w6_persistent_bearing,random,19,12,dir,71.0,1872.648668,1801.648668,4,3,1,2,0.0,3,18.0,0.0,0.0,0,0,0,1
w6_persistent_bearing,random,19,16,omni,95.0,1670.354183,1575.354183,8,7,6,1,359.90065214813774,4,110.98013042962755,177.17546113028408,462.83881101534496,5,0,0,1
w6_persistent_bearing,random,19,17,omni,415.0,2407.6607,1992.6607,7,6,4,2,691.978678310512,4,172.3957356621024,230.6595594368373,397.3755812477073,3,0,0,1
w6_persistent_bearing,random,19,18,dir,1309.553618,4891.352457,3581.798839,10,7,1,6,0.0,7,42.0,0.0,0.0,0,0,0,1
w6_persistent_bearing,random,19,19,omni,1303.553618,5429.870271,4126.316653,12,11,1,10,2287.670069967058,10,522.5340139934117,0.0,0.0,0,0,0,1
w6_persistent_bearing,random,19,20,dir,433.0,3804.407105,3371.407105,22,21,4,17,2649.056096551823,6,640.8112193103645,128.6680955568953,461.86443088681284,15,0,0,1
w6_persistent_bearing,random,20,1,omni,319.0,4072.071788,3753.071788,11,10,4,6,2642.7844269554735,9,587.5568853910947,475.9827210834396,500.0,3,0,0,1
w6_persistent_bearing,random,20,2,omni,11.0,3079.759267,3068.759267,7,6,3,3,0.0,6,36.0,0.0,0.0,0,0,0,1
w6_persistent_bearing,random,20,3,omni,17.0,3752.283394,3735.283394,10,9,3,6,474.8341748396866,9,148.96683496793733,474.8341748396866,474.8341748396866,1,0,0,1
w6_persistent_bearing,random,20,4,dir,23.0,2391.56567,2368.56567,9,7,1,6,825.3528257986393,7,207.07056515972786,371.5713394869028,371.5713394869028,1,0,0,1
w6_persistent_bearing,random,20,5,dir,3631.257107,6971.045087,3339.7879800000005,12,11,2,9,4947.277061203767,9,1053.4554122407533,0.0,0.0,0,0,0,1
w6_persistent_bearing,random,20,6,dir,35.0,3134.026496,3099.026496,9,7,2,5,1330.9011000668806,7,308.18022001337613,423.79476048754896,500.0,2,0,0,1
w6_persistent_bearing,random,20,7,dir,5722.97641,5889.984884,167.0084740000002,1,0,0,0,0.0,0,0.0,0.0,0.0,0,0,0,1
w6_persistent_bearing,random,20,8,dir,712.054036,6378.981528,5666.927492000001,21,18,4,14,964.8140537372628,15,297.9628107474526,135.56296061892377,292.05347630625846,4,0,0,1
w6_persistent_bearing,random,20,9,omni,53.0,952.931119,899.931119,3,2,2,0,169.22112409162415,2,45.84422481832483,296.9580897208465,296.9580897208465,1,0,0,1
w6_persistent_bearing,random,20,11,omni,65.0,6600.665733,6535.665733,21,20,9,11,218.04691946318908,20,163.60938389263782,497.6276769906081,497.6276769906081,1,0,0,1
w6_persistent_bearing,random,20,12,omni,71.0,6675.884622,6604.884622,21,20,5,15,315.321917102516,20,183.0643834205032,500.0,500.0,1,0,0,1
w6_persistent_bearing,random,20,14,dir,83.0,7206.790136,7123.790136,31,30,7,23,1217.8555680724526,23,416.5711136144905,312.5,500.0,10,0,0,1
w6_persistent_bearing,random,20,16,omni,95.0,3109.864252,3014.864252,7,6,1,5,0.0,6,36.0,0.0,0.0,0,0,0,1
w6_persistent_bearing,random,20,18,dir,3338.376079,4928.028295,1589.652216,5,3,2,1,0.0,3,18.0,0.0,0.0,0,0,0,1
w6_persistent_bearing,random,20,20,omni,119.0,1065.84139,946.84139,7,6,6,0,1027.6084686540535,3,238.52169373081068,133.74075024881486,350.02870531505494,5,0,0,1
w6_persistent_bearing,random,21,3,dir,786.490832,4129.736459,3343.245627,14,13,7,6,885.7709857748742,9,251.15419715497484,168.00004642164552,436.3026961074428,5,0,0,1
w6_persistent_bearing,random,21,7,dir,41.0,2105.60996,2064.60996,7,6,3,3,540.0542152028029,6,144.0108430405606,500.0,500.0,1,0,0,1
w6_persistent_bearing,random,21,8,dir,47.0,1143.275985,1096.275985,4,3,3,0,874.2833433784494,2,191.8566686756899,437.14167168922467,500.0,2,0,0,1
w6_persistent_bearing,random,21,9,omni,53.0,656.845379,603.845379,1,0,0,0,0.0,0,0.0,0.0,0.0,0,0,0,1
w6_persistent_bearing,random,21,10,dir,385.704575,2365.639287,1979.934712,7,5,4,1,976.3728432418407,3,223.27456864836813,401.5472898519035,500.0,3,0,0,1
w6_persistent_bearing,random,21,12,dir,71.0,1736.395496,1665.395496,6,5,4,1,869.514598968743,4,202.9029197937486,434.7572994843716,500.0,2,0,0,1
w6_persistent_bearing,random,21,13,omni,840.490832,3458.56787,2618.077038,8,7,4,3,116.11980600826524,7,65.22396120165305,500.0,500.0,1,0,0,1
w6_persistent_bearing,random,21,14,dir,846.490832,3843.875724,2997.384892,11,10,4,6,515.6236670248549,10,163.12473340497098,454.0052799195688,500.0,2,0,0,1
w6_persistent_bearing,random,21,15,dir,5419.706374,6044.751996,625.0456219999996,2,0,0,0,0.0,0,0.0,0.0,0.0,0,0,0,1
w6_persistent_bearing,random,21,16,dir,5319.706374,5581.204041,261.49766699999964,4,2,2,0,191.2427569082458,0,48.248551381649165,117.16312281568929,166.81362661016198,2,0,0,1
w6_persistent_bearing,random,21,20,dir,882.490832,3918.936289,3036.4454570000003,10,9,6,3,1930.6072961175578,8,439.1214592235116,500.0,500.0,1,0,0,1
w6_persistent_bearing,random,22,1,omni,5.0,2827.341182,2822.341182,10,7,3,4,1839.7754288513788,6,408.9550857702758,500.0,500.0,1,0,0,1
w6_persistent_bearing,random,22,2,omni,11.0,4129.609142,4118.609142,17,16,6,10,2811.1206047039823,12,654.2241209407964,236.96525058947614,500.0,5,0,0,1
w6_persistent_bearing,random,22,4,omni,23.0,6283.450854,6260.450854,23,21,7,14,950.2820989651448,20,315.05641979302897,475.1410494825724,500.0,2,0,0,1
w6_persistent_bearing,random,22,5,omni,695.099992,4433.03438,3737.934388,12,11,4,7,283.87999989452817,11,122.77599997890563,283.8799998945283,283.8799998945283,1,0,0,1
w6_persistent_bearing,random,22,6,omni,35.0,1684.482465,1649.482465,6,5,5,0,500.00000000000006,5,130.0,500.0,500.0,1,0,0,1
w6_persistent_bearing,random,22,8,omni,47.0,1818.763138,1771.763138,5,0,0,0,0.0,0,0.0,0.0,0.0,0,0,0,1
w6_persistent_bearing,random,22,11,omni,65.0,511.350438,446.350438,1,0,0,0,0.0,0,0.0,0.0,0.0,0,0,0,1
w6_persistent_bearing,random,22,12,dir,373.912491,1958.624356,1584.711865,9,6,3,3,549.1004417420961,4,143.82008834841923,157.7553136149528,272.45822198428726,3,0,0,1
w6_persistent_bearing,random,22,15,omni,3937.786551,5445.689603,1507.9030519999997,8,7,4,3,712.0298237634192,5,182.40596475268384,237.3432745878064,408.4849410001557,3,0,0,1
w6_persistent_bearing,random,22,16,omni,1419.098528,4510.675862,3091.577334,9,7,1,6,0.0,7,42.0,0.0,0.0,0,0,0,1
w6_persistent_bearing,random,22,17,omni,101.0,3586.268275,3485.268275,11,8,1,7,0.0,8,48.0,0.0,0.0,0,0,0,1
w6_persistent_bearing,random,23,1,dir,5.0,6262.094103,6257.094103,23,22,3,19,5386.658472255148,15,1202.3316944510295,154.5948073357563,500.0,8,0,0,1
w6_persistent_bearing,random,23,2,dir,740.0,2021.00303,1281.00303,7,4,4,0,944.92927491082,1,209.985854982164,125.21385683117857,269.55334275841057,4,0,0,1
w6_persistent_bearing,random,23,3,dir,2202.142262,4900.750958,2698.608696,6,5,3,2,148.18692387282252,5,59.6373847745645,500.0,500.0,1,0,0,1
w6_persistent_bearing,random,23,4,omni,2627.229092,5470.897485,2843.6683930000004,8,6,4,2,500.00000000000006,6,136.0,500.0,500.0,1,0,0,1
w6_persistent_bearing,random,23,5,dir,722.0,1365.772085,643.7720850000001,1,0,0,0,0.0,0,0.0,0.0,0.0,0,0,0,1
w6_persistent_bearing,random,23,6,dir,2214.142262,2686.780778,472.638516,2,0,0,0,0.0,0,0.0,0.0,0.0,0,0,0,1
w6_persistent_bearing,random,23,7,dir,2889.352758,6175.492878,3286.14012,28,27,5,22,2532.641498553155,9,650.528299710631,169.53125,500.0,20,0,0,1
w6_persistent_bearing,random,23,8,dir,6850.834899,9623.144515,2772.3096159999996,26,25,3,22,5270.609863860485,4,1183.121972772097,122.00536847930657,500.0,21,0,0,1
w6_persistent_bearing,random,23,9,dir,367.0,9128.44426,8761.44426,22,20,1,19,775.1211257120029,20,275.0242251424006,500.0,500.0,1,0,0,1
w6_persistent_bearing,random,23,10,dir,59.0,1138.990406,1079.990406,16,15,7,8,1425.3127174288045,3,363.0625434857609,114.99588628215358,500.0,14,0,0,1
w6_persistent_bearing,random,23,11,dir,65.0,2396.770483,2331.770483,7,6,2,4,124.63931387292162,6,60.92786277458433,477.82136874569835,477.82136874569835,1,0,0,1
w6_persistent_bearing,random,23,14,dir,2585.229092,3898.958963,1313.729871,3,1,1,0,607.0272292933191,1,127.40544585866382,428.0010891059007,428.0010891059007,1,0,0,1
w6_persistent_bearing,random,23,17,dir,2937.352758,7492.890727,4555.537969,11,9,3,6,616.2433158793621,9,177.24866317587242,500.0,500.0,1,0,0,1
w6_persistent_bearing,random,23,18,dir,8199.873681,8835.225516,635.3518350000013,27,26,5,21,1608.3328590159351,0,451.666571803187,141.41826923076923,500.0,25,0,1,1
w6_persistent_bearing,random,23,19,dir,113.0,3102.244241,2989.244241,14,13,7,6,937.1154352161558,9,261.42308704323113,204.04740861948434,500.0,6,0,0,1
w6_persistent_bearing,random,23,20,dir,2549.229092,4746.999831,2197.770739,19,18,5,13,2439.264466287943,4,581.8528932575886,235.68871580302616,500.0,15,0,0,1
w6_persistent_bearing,random,24,1,dir,3106.902335,9493.286041,6386.383705999999,13,12,3,9,4170.8383122470095,12,906.1676624494019,500.0,500.0,1,0,0,1
w6_persistent_bearing,random,24,2,dir,5960.59542,6475.744467,515.1490470000008,3,0,0,0,0.0,0,0.0,0.0,0.0,0,0,0,1
w6_persistent_bearing,random,24,3,dir,17.0,3269.697384,3252.697384,9,8,1,7,0.0,8,48.0,0.0,0.0,0,0,0,1
w6_persistent_bearing,random,24,4,dir,1504.0,2020.405518,516.405518,2,0,0,0,0.0,0,0.0,0.0,0.0,0,0,0,1
w6_persistent_bearing,random,24,5,dir,29.0,8381.546937,8352.546937,30,29,3,26,1557.4266819938657,19,475.48533639877314,306.8181818181818,500.0,11,0,0,1
w6_persistent_bearing,random,24,6,dir,716.0,4885.875558,4169.875558,17,16,3,13,1875.542953938853,10,465.1085907877706,392.85714285714283,500.0,7,0,0,1
w6_persistent_bearing,random,24,7,omni,355.0,5777.230049,5422.230049,13,12,5,7,500.0,12,172.0,500.0,500.0,1,0,0,1
w6_persistent_bearing,random,24,11,dir,65.0,8452.459847,8387.459847,20,18,4,14,916.1664819342827,18,291.2332963868565,500.0,500.0,1,0,0,1
w6_persistent_bearing,random,24,13,dir,1795.010204,10403.59617,8608.585966,18,17,2,15,0.0,17,102.0,0.0,0.0,0,0,0,1
w6_persistent_bearing,random,24,14,dir,2803.828549,9356.327788,6552.499239000001,28,27,5,22,1344.5611173810437,13,416.91222347620874,219.48281098708884,500.0,15,0,0,1
w6_persistent_bearing,random,24,15,dir,89.0,3036.756402,2947.756402,11,10,4,6,630.7401191790111,8,184.14802383580223,210.24670639300368,361.96986804154227,3,0,0,1
w6_persistent_bearing,random,24,17,dir,6292.605624,7582.94832,1290.3426960000006,7,5,4,1,1404.1009885589733,2,307.82019771179466,320.5224889738323,500.0,4,0,0,1
w6_persistent_bearing,random,24,18,dir,5184.00692,11018.968974,5834.962054,38,37,5,32,5645.681993665344,12,1326.1363987330687,127.59615384615384,500.0,25,0,1,1
w6_persistent_bearing,random,24,19,dir,113.0,2682.483652,2569.483652,20,19,8,11,1422.3183359810535,7,386.4636671962107,115.49435846906961,500.0,13,0,0,1
w6_persistent_bearing,random,24,20,dir,1837.010204,10010.242526,8173.232322,21,20,6,14,5631.614552697893,16,1242.3229105395785,217.8819300377267,500.0,5,0,0,1
w6_persistent_bearing,random,25,1,dir,4859.915529,5953.618003,1093.7024739999997,3,0,0,0,0.0,0,0.0,0.0,0.0,0,0,0,1
w6_persistent_bearing,random,25,2,dir,6453.733806,7389.567079,935.8332730000002,4,3,2,1,416.8202401551947,2,100.36404803103895,500.0,500.0,1,0,0,1
w6_persistent_bearing,random,25,5,dir,29.0,930.891087,901.891087,2,0,0,0,0.0,0,0.0,0.0,0.0,0,0,0,1
w6_persistent_bearing,random,25,7,dir,2148.540875,2340.596071,192.0551959999998,1,0,0,0,0.0,0,0.0,0.0,0.0,0,0,0,1
w6_persistent_bearing,random,25,10,omni,373.0,6881.13432,6508.13432,23,21,4,17,475.16263231062555,21,221.0325264621251,475.1626323106255,475.1626323106255,1,0,0,1
w6_persistent_bearing,random,25,13,dir,4250.348829,4597.291418,346.9425890000002,1,0,0,0,0.0,0,0.0,0.0,0.0,0,0,0,1
w6_persistent_bearing,random,25,14,omni,1816.540875,2760.934636,944.393761,4,0,0,0,0.0,0,0.0,0.0,0.0,0,0,0,1
w6_persistent_bearing,random,25,15,dir,89.0,3752.538715,3663.538715,13,12,3,9,902.8347526710966,12,252.5669505342193,413.6316365282562,500.0,2,0,0,1
w6_persistent_bearing,random,25,16,dir,95.0,5274.999189,5179.999189,21,20,3,17,849.9160921164689,17,286.9832184232938,400.0,500.0,5,0,0,1
w6_persistent_bearing,random,25,17,dir,415.0,1294.881865,879.8818650000001,1,0,0,0,0.0,0,0.0,0.0,0.0,0,0,0,1
w6_persistent_bearing,random,25,18,omni,107.0,538.462131,431.462131,2,0,0,0,0.0,0,0.0,0.0,0.0,0,0,0,1
w6_persistent_bearing,random,25,19,dir,113.0,858.390698,745.390698,8,7,5,2,1095.7715696733726,2,256.1543139346745,285.7416046890635,500.0,7,0,0,1
w6_persistent_bearing,random,25,20,dir,6110.723602,7154.432442,1043.7088400000002,5,2,1,1,573.7443016725649,2,126.74886033451298,454.4816103149203,454.4816103149203,1,0,0,1
w6_persistent_bearing,random,26,1,dir,5.0,5913.837031,5908.837031,30,29,4,25,5768.905326328382,14,1312.7810652656765,193.99373206036262,500.0,14,0,0,1
w6_persistent_bearing,random,26,2,omni,11.0,1632.021665,1621.021665,8,7,6,1,1098.7792649542064,3,257.7558529908413,219.75585299084128,500.0,5,0,0,1
w6_persistent_bearing,random,26,3,omni,17.0,5771.589197,5754.589197,17,12,8,4,374.7133052158508,12,146.94266104317018,500.0,500.0,1,0,0,1
w6_persistent_bearing,random,26,4,omni,1738.872505,2071.428607,332.5561019999998,2,0,0,0,0.0,0,0.0,0.0,0.0,0,0,0,1
w6_persistent_bearing,random,26,5,omni,1744.872505,2771.313437,1026.4409319999997,4,0,0,0,0.0,0,0.0,0.0,0.0,0,0,0,1
w6_persistent_bearing,random,26,6,omni,35.0,1944.848011,1909.848011,8,7,5,2,464.6699747131021,4,131.93399494262042,116.16749367827553,249.06377428193122,4,0,0,1
w6_persistent_bearing,random,26,7,omni,2116.805779,3372.349055,1255.5432760000003,8,6,6,0,702.3992290948752,2,172.47984581897504,140.479845818975,365.6087636649521,5,0,0,1
w6_persistent_bearing,random,26,8,omni,47.0,851.257709,804.257709,2,0,0,0,0.0,0,0.0,0.0,0.0,0,0,0,1
w6_persistent_bearing,random,26,9,dir,3789.841351,5486.464381,1696.6230299999997,7,5,2,3,497.16640985949107,5,129.43328197189823,497.166409859491,497.166409859491,1,0,0,1
w6_persistent_bearing,random,26,10,dir,1333.265812,2911.108253,1577.8424409999998,5,2,1,1,0.0,2,12.0,0.0,0.0,0,0,0,1
w6_persistent_bearing,random,26,11,omni,3174.703175,3833.167841,658.4646659999999,2,0,0,0,0.0,0,0.0,0.0,0.0,0,0,0,1
w6_persistent_bearing,random,26,13,omni,360.0,4471.218584,4111.218584,17,16,7,9,957.6176393829621,12,283.5235278765924,191.52352787659242,498.87053818900614,5,0,0,1
w6_persistent_bearing,random,26,14,omni,83.0,5693.654227,5610.654227,16,14,4,10,0.0,14,84.0,0.0,0.0,0,0,0,1
w6_persistent_bearing,random,26,15,dir,89.0,6065.539554,5976.539554,17,15,2,13,500.00000000000006,15,190.0,500.0,500.0,1,0,0,1
w6_persistent_bearing,random,26,20,omni,119.0,1126.229064,1007.2290640000001,3,2,2,0,382.86617993865787,2,88.57323598773158,500.0,500.0,1,0,0,1
w6_persistent_bearing,random,27,2,dir,1897.745835,7818.745407,5920.999572000001,22,20,2,18,799.7363745032492,19,278.94727490064986,387.0475130225989,500.0,2,0,0,1
w6_persistent_bearing,random,27,3,dir,763.866849,5166.090489,4402.22364,21,20,3,17,1578.1434163882552,15,430.628683277651,357.14285714285717,500.0,7,0,0,1
w6_persistent_bearing,random,27,5,dir,29.0,4001.342247,3972.342247,10,8,1,7,0.0,8,48.0,0.0,0.0,0,0,0,1
w6_persistent_bearing,random,27,6,dir,2205.587724,3656.756093,1451.168369,6,5,4,1,499.9999999999999,5,129.99999999999997,500.0,500.0,1,0,0,1
w6_persistent_bearing,random,27,7,dir,6961.329299,7404.094769,442.7654700000003,5,3,3,0,606.1119503973559,0,136.22239007947118,200.22985368296932,365.166190214691,3,0,0,1
w6_persistent_bearing,random,27,9,omni,2223.587724,7215.707668,4992.119944,19,17,2,15,0.0,17,102.0,0.0,0.0,0,0,0,1
w6_persistent_bearing,random,27,10,dir,59.0,3987.860889,3928.860889,22,20,6,14,1054.1746649455508,9,319.83493298911014,83.00938165053194,456.3963583457698,12,0,0,1
w6_persistent_bearing,random,27,12,omni,71.0,3707.626022,3636.626022,10,8,2,6,0.0,8,48.0,0.0,0.0,0,0,0,1
w6_persistent_bearing,random,27,13,omni,77.0,1673.714918,1596.714918,4,3,3,0,44.14248178776699,3,26.828496357553398,500.0,500.0,1,0,0,1
w6_persistent_bearing,random,27,14,omni,83.0,1066.68095,983.6809499999999,5,4,4,0,1049.8295107559088,4,233.96590215118175,337.91421250342455,500.0,3,0,0,1
w6_persistent_bearing,random,27,15,dir,89.0,2331.838294,2242.838294,6,5,3,2,500.0,5,130.0,500.0,500.0,1,0,0,1
w6_persistent_bearing,random,27,16,dir,1825.745835,7592.285331,5766.539496,22,20,4,16,500.00000000000006,20,220.0,500.0,500.0,1,0,0,1
w6_persistent_bearing,random,27,17,omni,101.0,518.025976,417.025976,3,0,0,0,0.0,0,0.0,0.0,0.0,0,0,0,1
w6_persistent_bearing,random,27,19,omni,113.0,3471.068672,3358.068672,9,7,4,3,0.0,7,42.0,0.0,0.0,0,0,0,1
w6_persistent_bearing,random,27,20,omni,1260.296897,6507.277941,5246.981044,19,16,2,14,5541.272985175866,13,1201.2545970351732,0.0,0.0,0,0,0,1
w6_persistent_bearing,random,28,4,dir,3835.571227,7126.772615,3291.201388,23,21,4,17,1263.6473773514113,10,367.72947547028224,146.8916585476428,500.0,12,0,0,1
w6_persistent_bearing,random,28,5,dir,5124.284958,6262.379994,1138.0950359999997,5,4,3,1,81.94563465310381,4,40.38912693062076,284.76826078916054,284.76826078916054,1,0,0,1
w6_persistent_bearing,random,28,6,dir,2233.864921,2566.028903,332.16398200000003,1,0,0,0,0.0,0,0.0,0.0,0.0,0,0,0,1
w6_persistent_bearing,random,28,7,omni,1486.010204,2061.881143,575.8709390000001,3,0,0,0,0.0,0,0.0,0.0,0.0,0,0,0,1
w6_persistent_bearing,random,28,8,omni,4214.581431,6965.335684,2750.754253,9,6,3,3,0.0,6,36.0,0.0,0.0,0,0,0,1
w6_persistent_bearing,random,28,11,dir,5100.284958,6182.731143,1082.4461849999998,10,9,5,4,234.84468013102236,4,95.96893602620447,48.88314411586924,125.4804296629458,6,0,0,1
w6_persistent_bearing,random,28,13,omni,77.0,5236.479094,5159.479094,18,17,3,14,500.0,17,202.0,500.0,500.0,1,0,0,1
w6_persistent_bearing,random,28,17,omni,1974.023651,2698.728832,724.7051809999998,2,0,0,0,0.0,0,0.0,0.0,0.0,0,0,0,1
w6_persistent_bearing,random,28,18,omni,3769.571227,4634.780057,865.20883,2,0,0,0,0.0,0,0.0,0.0,0.0,0,0,0,1
w6_persistent_bearing,random,28,20,omni,119.0,4979.384203,4860.384203,16,15,1,14,5150.1020381602575,13,1118.0204076320515,0.0,0.0,0,0,0,1
w6_persistent_bearing,random,29,1,dir,1985.394659,8077.731661,6092.337002,27,26,2,24,7018.218786861507,18,1551.6437573723015,375.0,500.0,6,0,0,1
w6_persistent_bearing,random,29,2,dir,11.0,4730.825967,4719.825967,24,23,3,20,1325.594600894299,12,392.1189201788598,302.0833333333333,500.0,12,0,0,1
w6_persistent_bearing,random,29,3,dir,427.175934,3448.26566,3021.089726,8,7,4,3,428.77625812669373,6,126.75525162533874,369.11456302675765,493.67258973610853,2,0,0,1
w6_persistent_bearing,random,29,4,omni,5607.140985,6525.478783,918.3377979999996,4,0,0,0,0.0,0,0.0,0.0,0.0,0,0,0,1
w6_persistent_bearing,random,29,6,omni,1645.066312,7725.700413,6080.634101,20,18,3,15,464.7995179430948,18,200.95990358861897,464.79951794309477,464.79951794309477,1,0,0,1
w6_persistent_bearing,random,29,7,omni,41.0,631.587347,590.587347,2,0,0,0,0.0,0,0.0,0.0,0.0,0,0,0,1
w6_persistent_bearing,random,29,8,dir,5957.151189,7005.525523,1048.374334,3,0,0,0,0.0,0,0.0,0.0,0.0,0,0,0,1
w6_persistent_bearing,random,29,10,omni,1627.066312,2111.676395,484.61008300000003,2,0,0,0,0.0,0,0.0,0.0,0.0,0,0,0,1
w6_persistent_bearing,random,29,12,dir,1615.066312,3301.195384,1686.1290720000002,7,6,5,1,1390.600988209876,6,314.1201976419752,359.9546421874771,500.0,3,0,0,1
w6_persistent_bearing,random,29,13,dir,5939.151189,6795.204211,856.053022,9,8,2,6,907.1410516383697,2,223.42821032767395,188.45780612771847,500.0,7,0,0,1
w6_persistent_bearing,random,29,15,dir,3134.19357,3897.87597,763.6824000000001,9,8,3,5,1493.702060287407,1,339.7404120574814,265.7188193725365,500.0,8,0,0,1
w6_persistent_bearing,random,29,16,dir,95.0,1404.90529,1309.90529,6,5,5,0,1083.5379761442975,2,243.7075952288595,270.8844940360744,500.0,4,0,0,1
w6_persistent_bearing,random,29,19,omni,331.175934,4319.106226,3987.930292,9,8,2,6,0.0,8,48.0,0.0,0.0,0,0,0,1
w6_persistent_bearing,random,29,20,omni,1573.066312,7680.486184,6107.419872,20,19,3,16,3749.6956657480437,18,862.9391331496088,451.52472873517814,451.52472873517814,1,0,0,1
w6_persistent_bearing,random,30,1,omni,5.0,753.12544,748.12544,2,0,0,0,0.0,0,0.0,0.0,0.0,0,0,0,1
w6_persistent_bearing,random,30,2,omni,325.0,4032.018785,3707.018785,9,7,1,6,1220.7391459416617,7,286.14782918833237,0.0,0.0,0,0,0,1
w6_persistent_bearing,random,30,3,omni,17.0,886.286955,869.286955,2,0,0,0,0.0,0,0.0,0.0,0.0,0,0,0,1
w6_persistent_bearing,random,30,4,omni,23.0,595.754298,572.754298,2,0,0,0,0.0,0,0.0,0.0,0.0,0,0,0,1
w6_persistent_bearing,random,30,7,omni,2464.923558,6113.971586,3649.0480279999997,15,13,2,11,0.0,13,78.0,0.0,0.0,0,0,0,1
w6_persistent_bearing,random,30,8,omni,1357.244638,2049.21042,691.965782,3,0,0,0,0.0,0,0.0,0.0,0.0,0,0,0,1
w6_persistent_bearing,random,30,9,omni,53.0,3337.872559,3284.872559,10,8,3,5,500.00000000000006,8,148.0,500.0,500.0,1,0,0,1
w6_persistent_bearing,random,30,10,omni,373.0,1737.737048,1364.737048,7,6,6,0,195.85327528731733,4,73.17065505746346,141.05633393729497,302.65231201012375,4,0,0,1
w6_persistent_bearing,random,30,11,dir,5209.017899,5490.44893,281.43103099999917,2,0,0,0,0.0,0,0.0,0.0,0.0,0,0,0,1
w6_persistent_bearing,random,30,15,omni,89.0,2624.954135,2535.954135,11,10,6,4,885.0596703354167,8,235.01193406708336,221.26491758385419,500.0,4,0,0,1
w6_persistent_bearing,random,30,16,omni,95.0,3422.647475,3327.647475,9,7,1,6,0.0,7,42.0,0.0,0.0,0,0,0,1
w6_persistent_bearing,random,30,17,omni,415.0,1678.316684,1263.316684,7,6,6,0,395.68444591184976,4,113.13688918236996,96.30502433826652,206.09939082986833,4,0,0,1
w6_persistent_bearing,random,30,18,dir,1119.234434,3803.93454,2684.7001060000002,8,5,1,4,0.0,5,30.0,0.0,0.0,0,0,0,1
w6_persistent_bearing,random,30,19,omni,427.0,3965.433857,3538.433857,9,7,1,6,0.0,7,42.0,0.0,0.0,0,0,0,1
w6_persistent_bearing,random,31,2,omni,11.0,3614.563008,3603.563008,11,10,2,8,0.0,10,60.0,0.0,0.0,0,0,0,1
w6_persistent_bearing,random,31,3,omni,17.0,1146.001114,1129.001114,2,1,1,0,0.0,1,6.0,0.0,0.0,0,0,0,1
w6_persistent_bearing,random,31,4,omni,23.0,3478.85908,3455.85908,14,13,4,9,247.1470161450522,11,125.42940322901043,82.3823387150174,141.90938999447394,3,0,0,1
w6_persistent_bearing,random,31,5,omni,965.013119,4311.362553,3346.3494339999997,10,9,2,7,0.0,9,54.0,0.0,0.0,0,0,0,1
w6_persistent_bearing,random,31,9,dir,3842.56334,6418.274187,2575.710847,14,13,3,10,1627.3942912083357,7,397.4788582416671,392.85714285714283,500.0,7,0,0,1
w6_persistent_bearing,random,31,13,omni,3368.984729,7174.460276,3805.475547,10,8,3,5,0.0,8,48.0,0.0,0.0,0,0,0,1
w6_persistent_bearing,random,31,15,dir,905.013119,5495.224152,4590.211033,15,14,4,10,485.67757286722343,14,181.13551457344468,500.0,500.0,1,0,0,1
w6_persistent_bearing,random,31,16,omni,95.0,1115.285757,1020.2857570000001,2,0,0,0,0.0,0,0.0,0.0,0.0,0,0,0,1
w6_persistent_bearing,random,31,19,omni,427.0,5298.102142,4871.102142,15,14,3,11,773.3079200818602,14,238.66158401637205,0.0,0.0,0,0,0,1
w6_persistent_bearing,random,31,20,dir,119.0,4090.477608,3971.477608,19,18,2,16,5880.118276065381,8,1274.0236552130762,392.85714285714283,500.0,7,0,0,1
w6_persistent_bearing,random,32,1,dir,5540.610391,7984.315483,2443.705092,10,9,5,4,2215.8456826639585,5,493.1691365327917,138.22715729245,296.5674600837317,4,0,0,1
w6_persistent_bearing,random,32,2,dir,4570.06139,5167.925232,597.8638419999997,3,0,0,0,0.0,0,0.0,0.0,0.0,0,0,0,1
w6_persistent_bearing,random,32,5,omni,655.0,7098.582191,6443.582191,17,16,2,14,1065.18401065453,16,309.03680213090604,478.03405823572484,478.03405823572484,1,0,0,1
w6_persistent_bearing,random,32,6,dir,3001.333783,3965.363972,964.0301890000001,6,5,5,0,989.8774774364703,1,223.97549548729404,168.0622632660575,435.1487374508593,5,0,0,1
w6_persistent_bearing,random,32,7,dir,396.0,3179.008287,2783.008287,19,18,3,15,1816.9350992405903,10,463.38701984811803,306.8181818181818,500.0,11,0,0,1
w6_persistent_bearing,random,32,8,dir,47.0,3733.714174,3686.714174,12,11,3,8,1329.6606854271022,11,331.93213708542044,394.766147590332,500.0,2,0,0,1
w6_persistent_bearing,random,32,10,dir,685.0,6535.335257,5850.335257,22,21,2,19,1321.8074674982593,15,384.36149349965183,392.85714285714283,500.0,7,0,0,1
w6_persistent_bearing,random,32,12,dir,3550.627003,5783.24472,2232.6177169999996,8,7,3,4,1506.089241214246,7,343.2178482428492,447.6127901301155,500.0,2,0,0,1
w6_persistent_bearing,random,32,15,dir,1903.500341,2622.865695,719.365354,2,0,0,0,0.0,0,0.0,0.0,0.0,0,0,0,1
w6_persistent_bearing,random,32,16,dir,342.0,1717.989262,1375.989262,5,4,2,2,469.33889987269833,4,117.86777997453967,469.3388998726983,469.3388998726983,1,0,0,1
w6_persistent_bearing,random,33,3,dir,2116.694258,4954.165766,2837.471508,16,15,4,11,828.7969344739524,5,245.75938689479048,146.4063701441969,415.62546388878263,11,0,0,1
w6_persistent_bearing,random,33,6,omni,1112.880673,6421.075355,5308.194682,14,13,2,11,0.0,13,78.0,0.0,0.0,0,0,0,1
w6_persistent_bearing,random,33,8,dir,1766.091201,2385.668633,619.5774320000003,2,0,0,0,0.0,0,0.0,0.0,0.0,0,0,0,1
w6_persistent_bearing,random,33,9,omni,1094.880673,6217.719937,5122.839264,14,12,3,9,493.7062650483625,12,170.7412530096725,493.7062650483625,493.7062650483625,1,0,0,1
w6_persistent_bearing,random,33,10,dir,2929.950118,3941.867661,1011.917543,12,10,4,6,910.634589868713,1,233.1269179737426,86.74862573143585,383.3007542913709,9,0,0,1
w6_persistent_bearing,random,33,11,dir,65.0,1894.25577,1829.25577,6,5,3,2,491.9585427941475,5,128.3917085588295,491.9585427941476,491.9585427941476,1,0,0,1
w6_persistent_bearing,random,33,13,dir,77.0,2578.298949,2501.298949,7,6,2,4,159.67653801928913,6,67.93530760385782,500.0,500.0,1,0,0,1
w6_persistent_bearing,random,33,14,dir,354.0,7301.826675,6947.826675,20,18,0,18,2873.6560435756796,17,681.731208715136,0.0,0.0,0,0,0,1
w6_persistent_bearing,random,33,15,omni,89.0,859.29819,770.29819,3,0,0,0,0.0,0,0.0,0.0,0.0,0,0,0,1
w6_persistent_bearing,random,33,16,dir,2182.694258,4356.466789,2173.772531,5,4,3,1,575.8767417623145,3,138.1753483524629,414.35059977977727,500.0,2,0,0,1
w6_persistent_bearing,random,33,17,dir,727.0,1186.018681,459.018681,2,0,0,0,0.0,0,0.0,0.0,0.0,0,0,0,1
w6_persistent_bearing,random,33,18,dir,2188.694258,3337.89529,1149.201032,10,9,3,6,1270.803230093802,2,301.1606460187604,392.85714285714283,500.0,7,0,0,1
w6_persistent_bearing,random,33,19,dir,2899.950118,3181.834968,281.8848499999999,2,0,0,0,0.0,0,0.0,0.0,0.0,0,0,0,1
w6_persistent_bearing,random,33,20,dir,2200.694258,4485.943811,2285.249553,6,5,2,3,673.5904765519107,3,162.71809531038213,500.0,500.0,3,0,0,1
w6_persistent_bearing,random,34,1,omni,5.0,504.819663,499.819663,1,0,0,0,0.0,0,0.0,0.0,0.0,0,0,0,1
w6_persistent_bearing,random,34,2,dir,4665.25368,5624.381537,959.1278570000004,14,12,4,8,1832.3198815021938,2,428.46397630043873,42.11999396318836,181.16010667177966,10,0,0,1
w6_persistent_bearing,random,34,5,dir,349.324396,881.107392,531.782996,1,0,0,0,0.0,0,0.0,0.0,0.0,0,0,0,1
w6_persistent_bearing,random,34,6,omni,1412.981296,8202.762774,6789.781478000001,18,16,2,14,0.0,16,96.0,0.0,0.0,0,0,0,1
w6_persistent_bearing,random,34,7,dir,1406.981296,8449.542374,7042.561078000001,20,18,2,16,0.0,18,108.0,0.0,0.0,0,0,0,1
w6_persistent_bearing,random,34,8,omni,47.0,6200.734849,6153.734849,17,15,2,13,0.0,15,90.0,0.0,0.0,0,0,0,1
w6_persistent_bearing,random,34,10,omni,59.0,6108.19872,6049.19872,21,20,5,15,485.5033791834759,17,214.1006758366952,121.37584479586896,261.1501839636748,4,0,0,1
w6_persistent_bearing,random,34,12,dir,5933.967494,7161.724748,1227.7572539999992,3,2,2,0,563.0261410056917,2,124.60522820113833,459.6283972232619,459.6283972232619,1,0,0,1
w6_persistent_bearing,random,34,13,dir,3166.066234,4326.305316,1160.239082,11,10,4,6,1567.725028587583,2,365.5450057175166,333.3333333333333,500.0,9,0,0,1
w6_persistent_bearing,random,34,14,dir,746.606533,3316.025544,2569.419011,11,10,5,5,870.9003317310189,9,233.18006634620377,435.45016586550946,500.0,2,0,0,1
w6_persistent_bearing,random,34,15,omni,89.0,577.417985,488.41798500000004,2,0,0,0,0.0,0,0.0,0.0,0.0,0,0,0,1
w6_persistent_bearing,random,34,18,dir,5915.967494,8760.499985,2844.532491,21,20,2,18,1897.5608193846238,9,488.5121638769248,225.96153846153845,500.0,13,0,0,1
w6_persistent_bearing,random,34,19,dir,113.0,6537.633774,6424.633774,18,17,2,15,0.0,17,102.0,0.0,0.0,0,0,0,1
w6_persistent_bearing,random,34,20,dir,6982.727716,7801.503784,818.7760680000001,2,0,0,0,0.0,0,0.0,0.0,0.0,0,0,0,1
w6_persistent_bearing,random,35,1,omni,5.0,3128.421579,3123.421579,10,9,2,7,1848.1828171764375,9,423.6365634352875,297.18499582097803,297.18499582097803,1,0,0,1
w6_persistent_bearing,random,35,2,dir,325.0,835.614511,510.614511,2,0,0,0,0.0,0,0.0,0.0,0.0,0,0,0,1
w6_persistent_bearing,random,35,3,omni,17.0,1022.022902,1005.022902,6,5,5,0,788.554659625119,2,184.7109319250238,109.70555751654972,237.28028472800716,4,0,0,1
w6_persistent_bearing,random,35,5,omni,2006.924584,2601.187133,594.2625489999998,2,0,0,0,0.0,0,0.0,0.0,0.0,0,0,0,1
w6_persistent_bearing,random,35,6,omni,35.0,5039.98532,5004.98532,16,14,1,13,0.0,14,84.0,0.0,0.0,0,0,0,1
w6_persistent_bearing,random,35,7,omni,355.0,4192.737931,3837.7379309999997,13,11,4,7,500.0,11,166.0,500.0,500.0,1,0,0,1
w6_persistent_bearing,random,35,9,omni,53.0,5193.178761,5140.178761,19,17,5,12,356.72575455980586,16,172.34515091196118,369.1616510172846,492.2112918330664,2,0,0,1
w6_persistent_bearing,random,35,10,omni,699.324396,3481.804306,2782.47991,8,5,1,4,0.0,5,30.0,0.0,0.0,0,0,0,1
w6_persistent_bearing,random,35,11,omni,65.0,3018.810169,2953.810169,14,13,7,6,185.48054737115612,11,113.09610947423123,193.01839266685812,500.0,5,0,0,1
w6_persistent_bearing,random,35,14,omni,2380.934788,6372.858033,3991.9232450000004,16,14,4,10,486.3372837611105,14,181.2674567522221,486.3372837611104,486.3372837611104,1,0,0,1
w6_persistent_bearing,random,35,16,omni,95.0,2977.989222,2882.989222,12,11,5,6,539.7420645091817,11,173.94841290183632,264.2230951680422,500.0,3,0,0,1
w6_persistent_bearing,random,35,17,omni,101.0,5279.048208,5178.048208,19,18,5,13,641.2857190487989,18,236.25714380975978,377.3238495525762,500.0,2,0,0,1
w6_persistent_bearing,random,35,19,omni,1227.561487,1861.994982,634.433495,7,6,6,0,775.0980397075194,2,187.0196079415039,155.01960794150392,405.2900775246011,5,0,0,1
w6_persistent_bearing,random,35,20,omni,639.324396,3593.580157,2954.255761,8,5,0,5,1919.657186082439,5,413.9314372164878,0.0,0.0,0,0,0,1
w6_persistent_bearing,random,36,1,dir,6316.311583,7623.375487,1307.0639040000005,11,9,3,6,2694.8759192820735,1,584.9751838564147,265.6705052513726,500.0,8,0,0,1
w6_persistent_bearing,random,36,2,dir,3329.642144,5490.166444,2160.5243000000005,13,8,5,3,355.38550231644444,2,113.07710046328889,56.94776286564617,184.15691823136163,7,0,0,1
w6_persistent_bearing,random,36,3,omni,427.734183,2080.102804,1652.368621,9,8,6,2,607.4073112447909,5,166.48146224895817,151.85182781119767,323.94996697600254,4,0,0,1
w6_persistent_bearing,random,36,4,dir,8293.671836,9080.481832,786.809996,1,0,0,0,0.0,0,0.0,0.0,0.0,0,0,0,1
w6_persistent_bearing,random,36,5,dir,29.0,7942.822563,7913.822563,35,34,8,26,1685.1574752595145,24,531.0314950519029,197.9443989954931,500.0,12,0,0,1
w6_persistent_bearing,random,36,6,dir,4564.033202,5646.738213,1082.705011,28,27,5,22,1839.528732902546,2,504.9057465805092,131.8028846153846,500.0,25,0,1,1
w6_persistent_bearing,random,36,7,dir,41.0,8268.372953,8227.372953,27,25,5,20,1094.336786493442,21,364.86735729868843,204.75696620402283,500.0,5,0,0,1
w6_persistent_bearing,random,36,9,dir,939.600934,7902.388847,6962.787913,20,17,1,16,0.0,17,102.0,0.0,0.0,0,0,0,1
w6_persistent_bearing,random,36,10,omni,59.0,4682.642483,4623.642483,17,16,4,12,500.00000000000006,16,196.0,500.0,500.0,1,0,0,1
w6_persistent_bearing,random,36,11,dir,2971.63194,8537.62464,5565.9927,21,20,6,14,689.7640201943432,13,250.95280403886863,91.39555743300245,354.2951975598944,8,0,0,1
w6_persistent_bearing,random,36,17,dir,343.734183,8015.174829,7671.440646,21,20,2,18,0.0,20,120.0,0.0,0.0,0,0,0,1
w6_persistent_bearing,random,36,19,omni,2923.63194,8832.51015,5908.87821,14,11,2,9,0.0,11,66.0,0.0,0.0,0,0,0,1
w6_persistent_bearing,random,37,2,omni,733.137618,6766.20092,6033.0633020000005,15,14,2,12,0.0,14,84.0,0.0,0.0,0,0,0,1
w6_persistent_bearing,random,37,3,omni,17.0,2330.986645,2313.986645,5,1,0,1,0.0,1,6.0,0.0,0.0,0,0,0,1
w6_persistent_bearing,random,37,4,dir,3250.546001,4733.195913,1482.6499119999994,15,14,3,11,1017.3317629443939,4,277.46635258887875,129.8890925987946,437.26977405060654,11,0,0,1
w6_persistent_bearing,random,37,5,dir,6907.493785,7492.082551,584.5887660000008,2,0,0,0,0.0,0,0.0,0.0,0.0,0,0,0,1
w6_persistent_bearing,random,37,6,omni,35.0,1652.278745,1617.278745,5,4,4,0,690.7824943246021,4,162.15649886492042,439.37194216147657,500.0,2,0,0,1
w6_persistent_bearing,random,37,7,dir,396.0,8012.950392,7616.950392,34,33,3,30,3032.193031209564,22,793.4386062419128,245.53571428571428,500.0,14,0,0,1
w6_persistent_bearing,random,37,8,dir,47.0,1551.259398,1504.259398,5,4,3,1,188.73651246162243,4,61.747302492324486,381.3676884677724,500.0,2,0,0,1
w6_persistent_bearing,random,37,9,omni,53.0,2664.646159,2611.646159,10,9,6,3,1032.0260770384941,4,255.40521540769882,227.05542659165778,500.0,6,0,0,1
w6_persistent_bearing,random,37,11,omni,372.0,2889.58073,2517.58073,4,3,1,2,0.0,3,18.0,0.0,0.0,0,0,0,1
w6_persistent_bearing,random,37,12,dir,71.0,2114.863307,2043.863307,12,11,6,5,1644.8869169863942,5,388.97738339727886,323.2569490138452,500.0,8,0,0,1
w6_persistent_bearing,random,37,13,dir,77.0,1578.583101,1501.583101,5,4,4,0,252.06666581687657,4,74.41333316337531,409.9054164182309,500.0,2,0,0,1
w6_persistent_bearing,random,37,15,dir,89.0,3448.626386,3359.626386,12,11,2,9,1017.7061989369457,7,265.54123978738915,416.6666666666667,500.0,6,0,0,1
w6_persistent_bearing,random,37,17,dir,101.0,6423.076397,6322.076397,25,24,3,21,946.6447459092373,18,327.32894918184746,265.6922523357355,500.0,8,0,0,1
w6_persistent_bearing,random,37,18,omni,2781.261378,3679.812737,898.551359,2,0,0,0,0.0,0,0.0,0.0,0.0,0,0,0,1
w6_persistent_bearing,random,37,20,omni,1402.443941,5768.77,4366.326059000001,13,11,4,7,4574.542978508328,8,977.9085957016656,412.8669474559884,500.0,2,0,0,1
w6_persistent_bearing,random,38,1,dir,3721.841275,6012.177627,2290.336352,10,8,5,3,711.2565264164142,3,185.25130528328285,178.414774651948,463.62360594801544,5,0,0,1
w6_persistent_bearing,random,38,3,dir,17.0,4757.583683,4740.583683,15,13,1,12,776.7336214413456,13,233.34672428826912,500.0,500.0,1,0,0,1
w6_persistent_bearing,random,38,4,dir,23.0,5176.203085,5153.203085,19,18,7,11,1169.2368109568822,15,338.8473621913764,211.79289461611816,500.0,5,0,0,1
w6_persistent_bearing,random,38,6,dir,2454.758163,3055.363203,600.6050399999999,3,0,0,0,0.0,0,0.0,0.0,0.0,0,0,0,1
w6_persistent_bearing,random,38,8,omni,47.0,3580.201078,3533.201078,13,12,3,9,783.1606709942798,11,227.63213419885597,391.5803354971399,500.0,2,0,0,1
w6_persistent_bearing,random,38,9,dir,53.0,5017.64543,4964.64543,14,12,1,11,0.0,12,72.0,0.0,0.0,0,0,0,1
w6_persistent_bearing,random,38,10,omni,378.0,1803.81626,1425.81626,6,5,5,0,879.1457261905907,5,205.82914523811814,435.52830383475,500.0,2,0,0,1
w6_persistent_bearing,random,38,11,omni,65.0,4109.04135,4044.0413500000004,13,12,3,9,0.0,12,72.0,0.0,0.0,0,0,0,1
w6_persistent_bearing,random,38,12,omni,3673.841275,5837.173312,2163.3320369999997,5,3,3,0,0.0,3,18.0,0.0,0.0,0,0,0,1
w6_persistent_bearing,random,38,13,omni,77.0,563.699343,486.699343,2,0,0,0,0.0,0,0.0,0.0,0.0,0,0,0,1
w6_persistent_bearing,random,38,14,omni,83.0,4483.532083,4400.532083,14,11,4,7,0.0,11,66.0,0.0,0.0,0,0,0,1
w6_persistent_bearing,random,38,16,omni,95.0,3851.279372,3756.279372,13,12,2,10,305.55061934450254,12,133.1101238689005,305.5506193445026,305.5506193445026,1,0,0,1
w6_persistent_bearing,random,38,17,omni,336.0,874.664441,538.664441,1,0,0,0,0.0,0,0.0,0.0,0.0,0,0,0,1
w6_persistent_bearing,random,38,19,omni,1920.909181,2337.870129,416.9609479999999,2,0,0,0,0.0,0,0.0,0.0,0.0,0,0,0,1
w6_persistent_bearing,random,38,20,dir,1212.815633,1459.136758,246.32112500000017,1,0,0,0,0.0,0,0.0,0.0,0.0,0,0,0,1
w6_persistent_bearing,random,39,1,omni,5.0,4823.17825,4818.17825,15,12,1,11,3234.2722617709314,10,716.8544523541863,0.0,0.0,0,0,0,1
w6_persistent_bearing,random,39,5,dir,29.0,1760.074114,1731.074114,7,6,4,2,755.369319977064,5,186.0738639954128,377.6846599885321,500.0,2,0,0,1
w6_persistent_bearing,random,39,7,dir,6072.43948,6615.63902,543.1995399999996,2,0,0,0,0.0,0,0.0,0.0,0.0,0,0,0,1
w6_persistent_bearing,random,39,8,dir,3851.392038,4618.714915,767.3228769999996,15,13,4,9,787.9312593098692,1,223.58625186197384,98.1110005689536,423.5142926908253,12,0,0,1
w6_persistent_bearing,random,39,9,omni,1305.0,2522.201193,1217.2011929999999,4,0,0,0,0.0,0,0.0,0.0,0.0,0,0,0,1
w6_persistent_bearing,random,39,10,dir,1004.0,7142.043858,6138.043858,21,19,1,18,0.0,19,114.0,0.0,0.0,0,0,0,1
w6_persistent_bearing,random,39,11,dir,1650.80099,6224.452468,4573.651478000001,19,18,6,12,1160.2754426039662,17,339.0550885207932,386.75848086798874,500.0,3,0,0,1
w6_persistent_bearing,random,39,12,omni,697.0,4150.95839,3453.95839,12,10,2,8,0.0,10,60.0,0.0,0.0,0,0,0,1
w6_persistent_bearing,random,39,13,omni,986.0,3311.316648,2325.316648,8,6,2,4,0.0,6,36.0,0.0,0.0,0,0,0,1
w6_persistent_bearing,random,39,17,omni,101.0,6840.038415,6739.038415,24,22,6,16,0.0,22,132.0,0.0,0.0,0,0,0,1
w6_persistent_bearing,random,39,18,dir,330.0,5558.15796,5228.15796,18,17,2,15,379.9142490798908,17,177.98284981597817,379.91424907989074,379.91424907989074,1,0,0,1
w6_persistent_bearing,random,40,2,omni,1451.359899,5291.191396,3839.831497,14,12,2,10,369.75636843554935,12,145.95127368710988,369.75636843554935,369.75636843554935,1,0,0,1
w6_persistent_bearing,random,40,3,dir,720.831426,3178.880088,2458.048662,20,19,4,15,1121.3227013675548,8,327.264540273511,110.4662084495912,452.9940864265467,12,0,0,1
w6_persistent_bearing,random,40,4,omni,23.0,971.534301,948.534301,2,1,1,0,0.0,1,6.0,0.0,0.0,0,0,0,1
w6_persistent_bearing,random,40,5,omni,29.0,856.311531,827.311531,2,0,0,0,0.0,0,0.0,0.0,0.0,0,0,0,1
w6_persistent_bearing,random,40,6,omni,402.0,3698.322569,3296.322569,12,11,4,7,481.1311079845182,11,162.22622159690366,481.13110798451817,481.13110798451817,1,0,0,1
w6_persistent_bearing,random,40,8,omni,390.0,4259.642963,3869.6429630000002,15,14,4,10,1199.551481727867,13,322.9102963455734,448.70810016718445,500.0,2,0,0,1
w6_persistent_bearing,random,40,10,omni,59.0,498.301673,439.301673,2,0,0,0,0.0,0,0.0,0.0,0.0,0,0,0,1
w6_persistent_bearing,random,40,11,omni,65.0,4758.700024,4693.700024,21,20,7,13,1189.7407127719428,15,352.94814255438854,198.2901187953238,500.0,6,0,0,1
w6_persistent_bearing,random,40,14,omni,780.831426,2040.83545,1260.004024,4,2,1,1,0.0,2,12.0,0.0,0.0,0,0,0,1
w6_persistent_bearing,random,40,15,omni,89.0,623.225978,534.225978,1,0,0,0,0.0,0,0.0,0.0,0.0,0,0,0,1
w6_persistent_bearing,random,40,17,omni,5118.227722,5537.82141,419.59368799999993,1,0,0,0,0.0,0,0.0,0.0,0.0,0,0,0,1
w6_persistent_bearing,random,40,19,omni,4072.238412,6464.22315,2391.9847379999997,10,7,2,5,300.5645376480328,7,102.11290752960656,0.0,0.0,0,0,0,1
w6_persistent_bearing,random,40,20,omni,4482.658398,6165.018028,1682.3596300000008,6,4,1,3,980.0510190801302,3,219.01020381602603,0.0,0.0,0,0,0,1
w6_persistent_bearing,random,41,1,dir,3936.961187,4330.449685,393.4884979999997,1,0,0,0,0.0,0,0.0,0.0,0.0,0,0,0,1
w6_persistent_bearing,random,41,4,omni,3296.107801,4177.757474,881.6496729999999,2,0,0,0,0.0,0,0.0,0.0,0.0,0,0,0,1
w6_persistent_bearing,random,41,5,dir,6236.561768,8402.596745,2166.034977000001,23,22,3,19,3065.6841123200525,7,730.1368224640105,201.32002679105503,500.0,18,0,0,1
w6_persistent_bearing,random,41,6,dir,35.0,3564.634584,3529.634584,11,10,1,9,0.0,10,60.0,0.0,0.0,0,0,0,1
w6_persistent_bearing,random,41,7,dir,7241.273468,8009.142715,767.8692469999996,21,20,4,16,1584.2952149213138,2,418.85904298426277,163.01675173009156,500.0,19,0,0,1
w6_persistent_bearing,random,41,8,omni,3272.107801,5093.857054,1821.749253,6,5,3,2,595.3472734775894,5,149.0694546955179,500.0,500.0,1,0,0,1
w6_persistent_bearing,random,41,9,omni,53.0,3405.324574,3352.324574,12,11,4,7,500.0000000000001,11,166.00000000000003,500.0,500.0,1,0,0,1
w6_persistent_bearing,random,41,10,dir,5318.195839,5972.913138,654.7172989999999,12,11,2,9,996.2165878567725,1,255.2433175713545,287.5,500.0,10,0,0,1
w6_persistent_bearing,random,41,11,omni,65.0,2456.960349,2391.960349,8,6,1,5,0.0,6,36.0,0.0,0.0,0,0,0,1
w6_persistent_bearing,random,41,12,dir,2603.58195,3460.277453,856.6955030000004,2,0,0,0,0.0,0,0.0,0.0,0.0,0,0,0,1
w6_persistent_bearing,random,41,13,dir,77.0,3174.120654,3097.120654,11,10,2,8,403.64173186311757,10,140.72834637262352,403.64173186311757,403.64173186311757,1,0,0,1
w6_persistent_bearing,random,41,16,omni,342.0,992.039165,650.039165,3,0,0,0,0.0,0,0.0,0.0,0.0,0,0,0,1
w6_persistent_bearing,random,41,20,dir,3005.888122,5248.805225,2242.917103,7,5,1,4,956.0038704684998,5,221.20077409369998,431.23739578221455,431.23739578221455,1,0,0,1
w6_persistent_bearing,random,42,1,omni,3182.533704,3592.804247,410.2705430000001,2,0,0,0,0.0,0,0.0,0.0,0.0,0,0,0,1
w6_persistent_bearing,random,42,2,omni,11.0,4237.770525,4226.770525,15,14,2,12,305.9507059966688,14,145.19014119933377,0.0,0.0,0,0,0,1
w6_persistent_bearing,random,42,3,omni,1095.015806,5031.100373,3936.084567,14,9,1,8,0.0,9,54.0,0.0,0.0,0,0,0,1
w6_persistent_bearing,random,42,4,omni,3164.533704,3649.560801,485.02709700000014,2,0,0,0,0.0,0,0.0,0.0,0.0,0,0,0,1
w6_persistent_bearing,random,42,7,dir,41.0,875.824729,834.824729,2,1,1,0,0.0,1,6.0,0.0,0.0,0,0,0,1
w6_persistent_bearing,random,42,8,dir,1119.015806,1976.532865,857.5170589999998,3,0,0,0,0.0,0,0.0,0.0,0.0,0,0,0,1
w6_persistent_bearing,random,42,9,omni,53.0,993.560397,940.560397,3,2,2,0,95.54413385053358,2,31.108826770106717,451.402067667084,451.402067667084,1,0,0,1
w6_persistent_bearing,random,42,11,omni,65.0,646.76652,581.76652,2,0,0,0,0.0,0,0.0,0.0,0.0,0,0,0,1
w6_persistent_bearing,random,42,12,dir,4106.048301,5822.664849,1716.616548,6,5,2,3,256.7681038593781,5,81.35362077187561,256.7681038593781,256.7681038593781,1,0,0,1
w6_persistent_bearing,random,42,13,omni,725.593584,2328.211813,1602.618229,7,6,5,1,584.4912463968926,6,152.89824927937852,400.0330686741206,500.0,2,0,0,1
w6_persistent_bearing,random,42,14,dir,4112.048301,4777.647043,665.5987420000001,6,5,2,3,1246.7355138121547,1,275.34710276243095,450.0,500.0,5,0,0,1
w6_persistent_bearing,random,42,16,omni,707.593584,1334.564346,626.9707619999999,2,0,0,0,0.0,0,0.0,0.0,0.0,0,0,0,1
w6_persistent_bearing,random,42,17,omni,101.0,523.914476,422.91447600000004,3,0,0,0,0.0,0,0.0,0.0,0.0,0,0,0,1
w6_persistent_bearing,random,42,18,omni,107.0,4008.85816,3901.85816,19,18,6,12,797.0030163342316,14,263.4006032668463,159.4006032668463,415.4031907328418,5,0,0,1
w6_persistent_bearing,random,42,19,omni,695.593584,2353.550145,1657.9565610000002,7,6,5,1,54.914466139377566,6,46.982893227875515,425.17145325573983,500.0,2,0,0,1
w6_persistent_bearing,random,43,1,dir,5.0,959.253252,954.253252,2,0,0,0,0.0,0,0.0,0.0,0.0,0,0,0,1
w6_persistent_bearing,random,43,4,dir,5499.647786,5809.83821,310.19042399999944,2,0,0,0,0.0,0,0.0,0.0,0.0,0,0,0,1
w6_persistent_bearing,random,43,5,dir,1140.551425,6787.831668,5647.280242999999,20,19,1,18,500.3762317136274,18,213.07524634272548,500.0,500.0,2,0,0,1
w6_persistent_bearing,random,43,8,dir,2029.471644,2489.260423,459.7887790000002,2,0,0,0,0.0,0,0.0,0.0,0.0,0,0,0,1
w6_persistent_bearing,random,43,10,dir,703.199198,2725.57475,2022.3755520000002,13,12,2,10,1838.8453901859036,6,433.76907803718075,229.1326618664809,500.0,8,0,0,1
w6_persistent_bearing,random,43,12,dir,71.0,521.892214,450.89221399999997,2,0,0,0,0.0,0,0.0,0.0,0.0,0,0,0,1
w6_persistent_bearing,random,43,14,dir,361.324396,3243.068325,2881.743929,10,8,3,5,1108.3560988849629,6,267.6712197769926,316.29111540453,500.0,3,0,0,1
w6_persistent_bearing,random,43,15,dir,89.0,1844.760227,1755.760227,5,3,1,2,735.9833494662694,3,165.19666989325387,500.0,500.0,1,0,0,1
w6_persistent_bearing,random,43,18,omni,107.0,869.281066,762.281066,2,1,1,0,0.0,1,6.0,0.0,0.0,0,0,0,1
w6_persistent_bearing,random,43,20,dir,3403.562742,3998.845017,595.282275,13,12,3,9,1334.8020945427888,0,326.96041890855776,237.63394842317334,500.0,12,0,0,1
w6_persistent_bearing,random,44,1,omni,766.556266,5033.115683,4266.559417,13,11,1,10,2765.545062941591,9,617.1090125883181,0.0,0.0,0,0,0,1
w6_persistent_bearing,random,44,2,omni,426.0,5998.589152,5572.589152,19,17,3,14,1382.374678309552,17,378.4749356619104,0.0,0.0,0,0,0,1
w6_persistent_bearing,random,44,4,omni,23.0,576.624676,553.624676,2,0,0,0,0.0,0,0.0,0.0,0.0,0,0,0,1
w6_persistent_bearing,random,44,5,dir,4426.461684,4907.658129,481.1964450000005,3,0,0,0,0.0,0,0.0,0.0,0.0,0,0,0,1
w6_persistent_bearing,random,44,6,omni,2271.421923,6598.972171,4327.5502480000005,17,15,2,13,0.0,15,90.0,0.0,0.0,0,0,0,1
w6_persistent_bearing,random,44,10,omni,1980.908184,3360.721745,1379.813561,5,4,4,0,1028.576383145384,3,228.71527662907678,346.9216141176223,462.94049785750286,2,0,0,1
w6_persistent_bearing,random,44,11,omni,65.0,1017.448671,952.448671,6,5,5,0,594.6398877908302,2,145.92797755816605,148.65997194770753,317.1405587435834,4,0,0,1
w6_persistent_bearing,random,44,13,omni,77.0,2107.323114,2030.3231139999998,7,6,4,2,606.2185001041552,6,157.24370002083103,425.5804071984056,500.0,2,0,0,1
w6_persistent_bearing,random,44,15,omni,89.0,705.896368,616.896368,2,0,0,0,0.0,0,0.0,0.0,0.0,0,0,0,1
w6_persistent_bearing,random,44,16,omni,95.0,2063.033635,1968.0336349999998,7,6,4,2,282.10148172606625,5,91.42029634521325,377.2207706362614,500.0,2,0,0,1
w6_persistent_bearing,random,44,17,dir,1950.908184,2773.671336,822.763152,25,24,6,18,1611.2470669157794,1,443.2494133831559,143.5546875,500.0,24,0,0,1
w6_persistent_bearing,random,44,18,omni,107.0,1217.758024,1110.758024,2,0,0,0,0.0,0,0.0,0.0,0.0,0,0,0,1
w6_persistent_bearing,random,44,19,dir,862.556266,5655.107997,4792.551731,17,16,2,14,396.36614639884664,16,175.27322927976934,396.36614639884664,396.36614639884664,1,0,0,1
w6_persistent_bearing,random,45,1,omni,3523.388601,6017.123187,2493.734586,10,8,2,6,2739.4131688102716,7,594.8826337620543,0.0,0.0,0,0,0,1
w6_persistent_bearing,random,45,2,omni,11.0,3232.219001,3221.219001,10,8,4,4,0.0,8,48.0,0.0,0.0,0,0,0,1
w6_persistent_bearing,random,45,3,omni,17.0,3331.905366,3314.905366,10,9,2,7,0.0,9,54.0,0.0,0.0,0,0,0,1
w6_persistent_bearing,random,45,5,omni,29.0,2937.572238,2908.572238,10,9,5,4,399.48911818246603,9,133.8978236364932,399.4891181824661,399.4891181824661,1,0,0,1
w6_persistent_bearing,random,45,6,omni,1829.060476,2859.193622,1030.1331459999997,3,0,0,0,0.0,0,0.0,0.0,0.0,0,0,0,1
w6_persistent_bearing,random,45,8,dir,3815.794069,5897.71394,2081.9198709999996,9,8,2,6,0.0,8,48.0,0.0,0.0,0,0,0,1
w6_persistent_bearing,random,45,9,omni,1503.060476,2079.604365,576.543889,1,0,0,0,0.0,0,0.0,0.0,0.0,0,0,0,1
w6_persistent_bearing,random,45,10,omni,59.0,2951.270637,2892.270637,9,8,4,4,0.0,8,48.0,0.0,0.0,0,0,0,1
w6_persistent_bearing,random,45,13,omni,77.0,3947.772407,3870.772407,14,13,4,9,393.91978363016983,12,155.78395672603398,389.8380830544146,500.0,2,0,0,1
w6_persistent_bearing,random,45,14,omni,83.0,4003.767106,3920.767106,13,11,3,8,500.0,11,166.0,500.0,500.0,1,0,0,1
w6_persistent_bearing,random,45,16,omni,409.0,633.004856,224.00485600000002,2,0,0,0,0.0,0,0.0,0.0,0.0,0,0,0,1
w6_persistent_bearing,random,45,20,dir,433.0,4307.195755,3874.1957549999997,14,13,3,10,4627.084788476235,9,999.416957695247,208.05471905851778,277.6603388231138,2,0,0,1
w6_persistent_bearing,random,46,1,dir,774.378056,3552.557909,2778.179853,11,9,2,7,3131.6400867100056,6,677.3280173420011,434.4157178610901,500.0,2,0,0,1
w6_persistent_bearing,random,46,2,omni,1429.247481,5637.207328,4207.959847,18,17,6,11,3196.126148621539,11,735.2252297243078,218.8027806796547,500.0,5,0,0,1
w6_persistent_bearing,random,46,5,omni,29.0,5322.852165,5293.852165,17,14,4,10,0.0,14,84.0,0.0,0.0,0,0,0,1
w6_persistent_bearing,random,46,8,omni,367.324396,4898.879457,4531.555061,17,16,4,12,314.5844009716626,15,157.91688019433252,157.29220048583133,209.69907472190434,2,0,0,1
w6_persistent_bearing,random,46,9,dir,53.0,3663.229612,3610.229612,11,7,0,7,0.0,7,42.0,0.0,0.0,0,0,0,1
w6_persistent_bearing,random,46,10,omni,379.324396,4193.284435,3813.9600389999996,13,11,3,8,361.2436952941749,11,138.24873905883499,500.0,500.0,1,0,0,1
w6_persistent_bearing,random,46,12,omni,71.0,993.727319,922.727319,7,6,6,0,941.7463160194452,2,220.34926320388905,188.34926320388905,492.79030584565373,5,0,0,1
w6_persistent_bearing,random,46,13,omni,77.0,5094.229402,5017.229402,21,20,6,14,798.9754369345093,16,275.79508738690186,228.57304939946962,500.0,5,0,0,1
w6_persistent_bearing,random,46,17,omni,101.0,522.683355,421.683355,3,0,0,0,0.0,0,0.0,0.0,0.0,0,0,0,1
w6_persistent_bearing,random,46,20,omni,1134.247481,1573.579633,439.33215199999995,2,0,0,0,0.0,0,0.0,0.0,0.0,0,0,0,1
w6_persistent_bearing,random,47,1,dir,432.0,3401.163594,2969.163594,8,7,3,4,2722.2426812493645,6,585.4485362498729,389.7094929341252,500.0,2,0,0,1
w6_persistent_bearing,random,47,3,dir,17.0,2965.98818,2948.98818,8,6,1,5,559.5169758316982,6,147.90339516633964,411.3782758139628,411.3782758139628,1,0,0,1
w6_persistent_bearing,random,47,5,dir,6368.281314,7703.897306,1335.615992,14,13,3,10,1641.2302213207383,3,396.24604426414766,306.8181818181818,500.0,11,0,0,1
w6_persistent_bearing,random,47,7,dir,396.0,2176.594572,1780.594572,5,4,2,2,0.0,4,24.0,0.0,0.0,0,0,0,1
w6_persistent_bearing,random,47,9,dir,698.0,1343.531766,645.5317660000001,7,3,3,0,221.17521745233037,0,59.235043490466076,84.66179210852549,149.89251373888047,3,0,0,1
w6_persistent_bearing,random,47,10,omni,4814.107781,5264.384848,450.277067,3,0,0,0,0.0,0,0.0,0.0,0.0,0,0,0,1
w6_persistent_bearing,random,47,11,dir,372.0,3934.721663,3562.721663,19,18,4,14,1209.5909187771144,8,339.9181837554229,306.8181818181818,500.0,11,0,0,1
w6_persistent_bearing,random,47,12,dir,71.0,7376.419503,7305.419503,27,26,8,18,1615.9357912862674,22,475.1871582572535,234.4307147331756,500.0,6,0,0,1
w6_persistent_bearing,random,47,13,dir,2698.163471,8768.713284,6070.549813,36,35,3,32,2580.9787579190106,19,710.1957515838021,166.73901662843687,500.0,18,0,0,1
w6_persistent_bearing,random,47,14,dir,354.0,2477.093878,2123.093878,11,10,7,3,1322.4965277814615,5,319.4993055562923,214.76131426259693,500.0,6,0,0,1
w6_persistent_bearing,random,47,15,dir,5774.822023,6224.531431,449.7094080000006,13,11,5,6,615.4855616474173,0,178.09711232948345,62.09936055558599,301.16514802465963,11,0,0,1
w6_persistent_bearing,random,47,18,dir,966.70929,2094.271691,1127.562401,3,0,0,0,0.0,0,0.0,0.0,0.0,0,0,0,1
w6_persistent_bearing,random,48,2,dir,2464.903619,4049.314965,1584.4113459999999,6,3,2,1,430.12761119503244,3,104.02552223900649,430.1276111950325,430.1276111950325,1,0,0,1
w6_persistent_bearing,random,48,3,dir,17.0,3498.512078,3481.512078,17,16,7,9,777.9402554974237,10,245.58805109948474,117.92471126267016,403.44939657422105,7,0,0,1
w6_persistent_bearing,random,48,4,omni,414.0,815.946947,401.946947,2,0,0,0,0.0,0,0.0,0.0,0.0,0,0,0,1
w6_persistent_bearing,random,48,5,dir,5677.920085,6338.58219,660.6621050000003,3,1,1,0,431.3809934011194,0,91.27619868022387,450.3654425928271,450.3654425928271,1,0,0,1
w6_persistent_bearing,random,48,7,dir,396.0,975.498634,579.498634,10,8,5,3,552.6170076890478,1,151.52340153780955,89.85853638893386,351.0906375078271,8,0,0,1
w6_persistent_bearing,random,48,8,dir,390.0,4316.038182,3926.0381820000002,35,34,8,26,1618.6461929109814,15,508.7292385821963,133.55724540202638,500.0,24,0,0,1
w6_persistent_bearing,random,48,10,dir,59.0,4003.469984,3944.469984,16,15,6,9,1345.9287220216293,12,356.1857444043259,205.4757164088363,500.0,5,0,0,1
w6_persistent_bearing,random,48,11,dir,6712.533099,6987.497665,274.96456599999965,4,2,2,0,254.0743130154902,0,60.814862603098035,139.6435095938067,188.58872086996354,2,0,0,1
w6_persistent_bearing,random,48,12,dir,366.0,1774.810465,1408.810465,4,2,2,0,0.0,2,12.0,0.0,0.0,0,0,0,1
w6_persistent_bearing,random,48,13,dir,77.0,5468.585697,5391.585697,25,24,3,21,1507.410193968538,15,436.4820387937076,306.8181818181818,500.0,11,0,0,1
w6_persistent_bearing,random,48,15,dir,2404.903619,3891.97212,1487.0685009999997,6,4,2,2,138.73849159817902,4,51.7476983196358,500.0,500.0,1,0,0,1
w6_persistent_bearing,random,48,16,dir,5707.920085,6113.945082,406.02499700000044,1,0,0,0,0.0,0,0.0,0.0,0.0,0,0,0,1
w6_persistent_bearing,random,48,17,dir,336.0,1201.243479,865.243479,2,0,0,0,0.0,0,0.0,0.0,0.0,0,0,0,1
w6_persistent_bearing,random,48,18,dir,107.0,4626.569366,4519.569366,12,10,1,9,0.0,10,60.0,0.0,0.0,0,0,0,1
w6_persistent_bearing,random,49,1,omni,5.0,1233.614939,1228.614939,4,3,3,0,534.2104392270825,2,123.8420878454165,500.0,500.0,1,0,0,1
w6_persistent_bearing,random,49,2,dir,1691.36452,6199.095771,4507.731251,21,19,3,16,5636.5895917984135,14,1236.3179183596826,239.24801003684794,412.7798645690136,3,0,0,1
w6_persistent_bearing,random,49,4,dir,23.0,2361.414747,2338.414747,14,12,5,7,748.5029566796338,5,214.70059133592676,101.43191125333314,392.76407047999874,8,0,0,1
w6_persistent_bearing,random,49,5,omni,29.0,1614.627691,1585.627691,4,3,1,2,0.0,3,18.0,0.0,0.0,0,0,0,1
w6_persistent_bearing,random,49,11,omni,379.0,2459.369578,2080.369578,6,5,2,3,434.42723609881267,5,116.88544721976254,434.42723609881267,434.42723609881267,1,0,0,1
w6_persistent_bearing,random,49,12,omni,71.0,1823.522241,1752.522241,7,6,4,2,615.4594886491943,5,158.09189772983888,399.85426840204167,500.0,2,0,0,1
w6_persistent_bearing,random,49,13,omni,1094.611022,4250.703296,3156.0922739999996,11,10,2,8,0.0,10,60.0,0.0,0.0,0,0,0,1
w6_persistent_bearing,random,49,14,omni,83.0,526.285204,443.285204,2,0,0,0,0.0,0,0.0,0.0,0.0,0,0,0,1
w6_persistent_bearing,random,49,17,omni,101.0,1165.423888,1064.423888,8,7,7,0,632.5281930251555,4,165.5056386050311,203.39684942474256,500.0,5,0,0,1
w6_persistent_bearing,random,49,20,dir,670.461357,3312.198667,2641.73731,11,10,4,6,2657.426720638437,6,587.4853441276874,94.8521980783367,163.8966115291261,3,0,0,1
w6_persistent_bearing,random,50,2,dir,4319.918467,5465.786577,1145.8681099999994,5,4,3,1,461.6685453738592,4,116.33370907477185,500.0,500.0,1,0,0,1
w6_persistent_bearing,random,50,3,dir,1498.218443,2930.398486,1432.180043,4,2,2,0,812.1831469461353,2,174.43662938922705,352.08923194886984,352.08923194886984,1,0,0,1
w6_persistent_bearing,random,50,4,omni,1504.218443,2895.165449,1390.947006,8,6,6,0,266.38838411395704,3,86.2776768227914,146.451865228581,379.79166679561143,5,0,0,1
w6_persistent_bearing,random,50,6,omni,773.910617,1838.204222,1064.293605,4,0,0,0,0.0,0,0.0,0.0,0.0,0,0,0,1
w6_persistent_bearing,random,50,8,omni,47.0,6655.248934,6608.248934,22,19,5,14,0.0,19,114.0,0.0,0.0,0,0,0,1
w6_persistent_bearing,random,50,9,omni,755.910617,1376.736652,620.826035,4,0,0,0,0.0,0,0.0,0.0,0.0,0,0,0,1
w6_persistent_bearing,random,50,11,dir,65.0,4363.570448,4298.570448,13,12,1,11,0.0,12,72.0,0.0,0.0,0,0,0,1
w6_persistent_bearing,random,50,12,dir,2446.831872,3600.334289,1153.5024169999997,11,10,3,7,1043.251465348564,3,261.6502930697128,148.76787585719487,456.0738880720674,8,0,0,1
w6_persistent_bearing,random,50,14,omni,4277.918467,4855.51099,577.5925229999993,1,0,0,0,0.0,0,0.0,0.0,0.0,0,0,0,1
w6_persistent_bearing,random,50,15,dir,89.0,4537.62975,4448.62975,15,13,4,9,817.5978858257968,12,240.51957716515935,408.7989429128984,500.0,2,0,0,1
w6_persistent_bearing,random,50,16,omni,415.017055,632.941049,217.923994,2,0,0,0,0.0,0,0.0,0.0,0.0,0,0,0,1
w6_persistent_bearing,random,50,17,dir,101.0,4636.10811,4535.10811,15,14,3,11,945.5788752953199,14,273.115775059064,430.72940971914295,500.0,2,0,0,1
w6_persistent_bearing,random,50,20,omni,1588.218443,2829.084517,1240.8660739999998,4,0,0,0,0.0,0,0.0,0.0,0.0,0,0,0,1
w6_persistent_bearing,random,51,5,dir,29.0,482.356823,453.356823,2,0,0,0,0.0,0,0.0,0.0,0.0,0,0,0,1
w6_persistent_bearing,random,51,6,omni,956.127199,4180.375977,3224.2487779999997,11,10,3,7,359.4862115804281,10,131.89724231608562,359.4862115804281,359.4862115804281,1,0,0,1
w6_persistent_bearing,random,51,7,omni,1966.639624,2811.868903,845.2292790000001,3,0,0,0,0.0,0,0.0,0.0,0.0,0,0,0,1
w6_persistent_bearing,random,51,8,dir,2253.863026,6687.003483,4433.140457,18,16,1,15,0.0,16,96.0,0.0,0.0,0,0,0,1
w6_persistent_bearing,random,51,9,dir,2651.87323,3236.737244,584.8640139999998,2,0,0,0,0.0,0,0.0,0.0,0.0,0,0,0,1
w6_persistent_bearing,random,51,14,dir,83.0,1118.083341,1035.083341,3,2,2,0,648.5370329706847,2,141.70740659413693,500.0,500.0,1,0,0,1
w6_persistent_bearing,random,51,15,dir,5264.796909,5743.107279,478.31037000000015,2,0,0,0,0.0,0,0.0,0.0,0.0,0,0,0,1
w6_persistent_bearing,random,51,16,dir,1695.639624,2093.291485,397.6518610000003,1,0,0,0,0.0,0,0.0,0.0,0.0,0,0,0,1
w6_persistent_bearing,random,51,17,dir,101.0,750.693792,649.693792,1,0,0,0,0.0,0,0.0,0.0,0.0,0,0,0,1
w6_persistent_bearing,random,51,18,dir,107.0,538.500106,431.50010599999996,2,0,0,0,0.0,0,0.0,0.0,0.0,0,0,0,1
w6_persistent_bearing,random,51,20,dir,884.127199,3521.351839,2637.22464,14,13,7,6,3870.9816991787015,6,845.1963398357403,222.86679922651138,500.0,6,0,0,1
w6_persistent_bearing,random,52,1,dir,3015.444322,6241.212283,3225.767961,7,5,1,4,2784.879299907115,5,586.975859981423,377.8274069043641,377.8274069043641,1,0,0,1
w6_persistent_bearing,random,52,2,dir,3009.444322,7369.824936,4360.380614,28,27,12,15,1556.0128911714892,10,456.20257823429785,187.5,500.0,18,0,0,1
w6_persistent_bearing,random,52,3,dir,3720.479166,6587.398762,2866.9195959999997,15,14,4,10,1087.982068893643,7,294.59641377872856,173.5120206886506,450.25034958052584,9,0,0,1
w6_persistent_bearing,random,52,6,omni,349.0,840.233198,491.233198,2,0,0,0,0.0,0,0.0,0.0,0.0,0,0,0,1
w6_persistent_bearing,random,52,7,dir,5061.441488,6018.52402,957.0825319999994,5,2,2,0,754.4412350131283,0,160.88824700262566,393.05132347089483,500.0,2,0,0,1
w6_persistent_bearing,random,52,8,dir,1066.00511,1446.937224,380.93211399999996,2,0,0,0,0.0,0,0.0,0.0,0.0,0,0,0,1
w6_persistent_bearing,random,52,12,dir,71.0,4021.501984,3950.501984,11,10,2,8,680.2338627187245,10,196.0467725437449,481.9984246386732,481.9984246386732,1,0,0,1
w6_persistent_bearing,random,52,13,dir,391.0,927.847162,536.847162,2,0,0,0,0.0,0,0.0,0.0,0.0,0,0,0,1
w6_persistent_bearing,random,52,14,dir,83.0,2464.525726,2381.525726,8,7,2,5,456.95383021118596,7,133.3907660422372,456.95383021118596,456.95383021118596,1,0,0,1
w6_persistent_bearing,random,52,16,dir,4467.181212,4830.631168,363.4499559999995,1,0,0,0,0.0,0,0.0,0.0,0.0,0,0,0,1
w6_persistent_bearing,random,52,17,dir,1752.66548,1955.183302,202.51782200000002,1,0,0,0,0.0,0,0.0,0.0,0.0,0,0,0,1
w6_persistent_bearing,random,52,18,dir,107.0,3192.472985,3085.472985,15,14,2,12,1242.2308301826008,10,328.44616603652014,416.6666666666667,500.0,6,0,0,1
w6_persistent_bearing,random,53,1,dir,5459.211827,6670.487056,1211.2752289999999,22,21,5,16,1672.3237209444635,3,442.4647441888927,202.30263157894737,500.0,19,0,0,1
w6_persistent_bearing,random,53,3,dir,17.0,7909.300935,7892.300935,24,23,1,22,0.0,23,138.0,0.0,0.0,0,0,0,1
w6_persistent_bearing,random,53,6,omni,35.0,7327.975593,7292.975593,24,22,4,18,0.0,22,132.0,0.0,0.0,0,0,0,1
w6_persistent_bearing,random,53,7,dir,5140.211827,5939.103811,798.8919839999999,3,0,0,0,0.0,0,0.0,0.0,0.0,0,0,0,1
w6_persistent_bearing,random,53,8,dir,1269.837094,1830.380999,560.543905,3,1,1,0,371.6195541275894,1,80.32391082551788,255.4622232722582,255.4622232722582,1,0,0,1
w6_persistent_bearing,random,53,10,dir,918.004681,2191.311201,1273.30652,4,0,0,0,0.0,0,0.0,0.0,0.0,0,0,0,1
w6_persistent_bearing,random,53,12,dir,3616.601931,7635.996633,4019.3947019999996,16,14,4,10,385.97210201168366,13,160.19442040233673,346.22507363257745,500.0,3,0,0,1
w6_persistent_bearing,random,53,13,dir,1299.837094,6078.457571,4778.620477,23,22,7,15,541.7688008873457,18,236.35376017746916,145.52486890862718,378.0476320051839,5,0,0,1
w6_persistent_bearing,random,53,14,dir,543.009975,3450.630432,2907.620457,11,10,4,6,889.55572315628,10,237.911144631256,436.84487022070806,500.0,2,0,0,1
w6_persistent_bearing,random,53,15,dir,89.0,7798.348832,7709.348832,31,30,2,28,928.669724999171,25,360.7339449998342,416.6666666666667,500.0,6,0,0,1
w6_persistent_bearing,random,53,16,omni,95.0,1462.194716,1367.194716,8,7,7,0,1430.8313717667422,4,325.16627435334846,286.16627435334846,500.0,5,0,0,1
w6_persistent_bearing,random,53,17,dir,876.004681,2429.3201,1553.315419,9,8,5,3,1022.0386159025237,4,248.40772318050475,161.60898255868807,417.6440869193783,5,0,0,1
w6_persistent_bearing,random,53,18,dir,3977.612135,4534.378371,556.7662359999999,4,1,1,0,75.92841407817676,0,20.185682815635353,100.06801236842605,100.06801236842605,1,0,0,1
w6_persistent_bearing,random,53,19,dir,3284.834938,7694.05503,4409.2200920000005,16,13,2,11,831.2716018266672,12,243.25432036533343,402.2633119407775,500.0,2,0,0,1
w6_persistent_bearing,random,54,4,omni,3056.888342,3638.340617,581.4522749999996,3,0,0,0,0.0,0,0.0,0.0,0.0,0,0,0,1
w6_persistent_bearing,random,54,6,omni,35.0,545.757253,510.757253,2,0,0,0,0.0,0,0.0,0.0,0.0,0,0,0,1
w6_persistent_bearing,random,54,7,omni,5182.638323,5474.561164,291.9228409999996,2,0,0,0,0.0,0,0.0,0.0,0.0,0,0,0,1
w6_persistent_bearing,random,54,8,omni,1127.917122,3363.78644,2235.869318,11,10,7,3,699.4904885696643,6,195.89809771393286,139.89809771393283,365.0520936943834,5,0,0,1
w6_persistent_bearing,random,54,10,omni,378.0,7159.176787,6781.176787,23,22,3,19,0.0,22,132.0,0.0,0.0,0,0,0,1
w6_persistent_bearing,random,54,15,omni,348.0,1528.851159,1180.851159,6,5,5,0,1076.5289412131813,1,241.30578824263625,189.63790067734487,492.5894935112846,5,0,0,1
w6_persistent_bearing,random,54,16,dir,95.0,1279.538734,1184.538734,17,16,4,12,1945.8787914903062,2,471.1757582980612,245.83333333333334,500.0,15,0,0,1
w6_persistent_bearing,random,54,17,omni,1181.917122,2861.419624,1679.502502,4,3,1,2,0.0,3,18.0,0.0,0.0,0,0,0,1
w6_persistent_bearing,random,54,18,dir,2026.803151,2437.160886,410.35773500000005,5,4,4,0,688.7969537596533,0,157.75939075193065,210.0922324692305,500.0,4,0,0,1
w6_persistent_bearing,random,54,19,dir,3470.758381,4530.423486,1059.6651049999996,3,2,2,0,0.0,2,12.0,0.0,0.0,0,0,0,1
w6_persistent_bearing,random,54,20,dir,3464.758381,4418.753896,953.9955150000001,5,3,2,1,738.2772979640514,1,163.65545959281027,348.7818699818822,465.0782968027294,2,0,0,1
w6_persistent_bearing,random,55,2,dir,426.0,7777.04118,7351.04118,45,44,4,40,1551.2806642225714,24,554.2561328445142,148.08238636363637,500.0,22,0,0,1
w6_persistent_bearing,random,55,3,dir,643.0,6909.324497,6266.324497,22,21,3,18,367.6899615444317,21,199.53799230888634,367.68996154443164,367.68996154443164,1,0,0,1
w6_persistent_bearing,random,55,5,dir,1348.211979,5022.883511,3674.6715320000003,27,26,4,22,1510.0953170671926,12,444.0190634134385,170.84748465668312,416.5424387820084,16,0,0,1
w6_persistent_bearing,random,55,6,dir,6575.631681,7264.666803,689.0351220000002,20,18,6,12,676.6482035709205,0,225.3296407141841,59.62870208545317,401.9498952152622,17,0,1,1
w6_persistent_bearing,random,55,7,dir,1068.890023,5797.56381,4728.673787,15,14,1,13,0.0,14,84.0,0.0,0.0,0,0,0,1
w6_persistent_bearing,random,55,10,dir,3543.803631,4279.79561,735.9919789999999,6,3,3,0,480.5198771709627,0,111.10397543419253,167.42327474845374,287.4384282551442,3,0,0,1
w6_persistent_bearing,random,55,11,omni,1731.231944,3698.451365,1967.2194209999998,7,6,1,5,0.0,6,36.0,0.0,0.0,0,0,0,1
w6_persistent_bearing,random,55,12,dir,71.0,1520.395265,1449.395265,6,5,4,1,959.2615956437462,5,221.85231912874923,479.63079782187305,500.0,2,0,0,1
w6_persistent_bearing,random,55,16,omni,95.0,2172.391105,2077.391105,8,6,4,2,883.4163872974732,5,211.68327745949463,441.70819364873654,500.0,2,0,0,1
w6_persistent_bearing,random,55,19,dir,1432.211979,4432.155044,2999.9430650000004,10,9,2,7,0.0,9,54.0,0.0,0.0,0,0,0,1
w6_persistent_bearing,random,56,1,dir,4150.861423,4979.554809,828.6933859999999,22,21,4,17,1688.2178870514067,0,442.64357741028135,168.89880952380952,500.0,21,0,0,1
w6_persistent_bearing,random,56,2,omni,325.0,5973.367707,5648.367707,16,15,4,11,1355.4355878436422,12,358.08711756872844,265.90113039050993,500.0,4,0,0,1
w6_persistent_bearing,random,56,3,omni,1581.514741,3745.685101,2164.17036,11,10,5,5,1512.0433757362766,6,358.40867514725534,223.99938047686865,500.0,5,0,0,1
w6_persistent_bearing,random,56,4,omni,23.0,1899.321982,1876.321982,4,0,0,0,0.0,0,0.0,0.0,0.0,0,0,0,1
w6_persistent_bearing,random,56,6,dir,349.0,6180.578473,5831.578473,18,17,3,14,856.0538296325105,12,268.2107659265021,165.2179333826077,438.4514666013125,6,0,0,1
w6_persistent_bearing,random,56,7,dir,41.0,1750.551716,1709.551716,5,4,2,2,373.2075854991185,4,98.6415170998237,373.2075854991185,373.2075854991185,1,0,0,1
w6_persistent_bearing,random,56,9,omni,53.0,1446.41673,1393.41673,8,7,6,1,893.6618509598898,3,216.73237019197796,177.99433418171006,462.1967089610971,5,0,0,1
w6_persistent_bearing,random,56,10,omni,706.847156,2260.541897,1553.694741,3,1,1,0,460.4608794105869,1,98.09217588211739,412.2610777720418,412.2610777720418,1,0,0,1
w6_persistent_bearing,random,56,12,dir,3808.920793,4384.429017,575.5082240000006,6,4,3,1,852.8379653493339,2,192.56759306986677,256.1978280197604,458.33826353391447,3,0,0,1
w6_persistent_bearing,random,56,13,dir,391.0,5674.731167,5283.731167,37,36,7,29,2820.8817830035705,12,756.1763566007141,107.72630724767832,500.0,24,0,1,1
w6_persistent_bearing,random,56,14,dir,397.0,6406.158095,6009.158095,12,10,0,10,0.0,10,60.0,0.0,0.0,0,0,0,1
w6_persistent_bearing,random,56,15,dir,676.847156,6733.713324,6056.8661680000005,30,29,4,25,1132.7761464549426,11,382.5552292909885,89.09500500898658,415.3895364747452,19,0,0,1
w6_persistent_bearing,random,56,16,omni,95.0,618.928911,523.928911,2,0,0,0,0.0,0,0.0,0.0,0.0,0,0,0,1
w6_persistent_bearing,random,56,17,dir,101.0,1233.977658,1132.977658,4,3,2,1,441.7280198843812,3,106.34560397687623,441.7280198843812,441.7280198843812,1,0,0,1
w6_persistent_bearing,random,56,18,dir,1139.906506,6892.157474,5752.250967999999,11,10,3,7,385.5238111542206,10,137.10476223084413,500.0,500.0,1,0,0,1
w6_persistent_bearing,random,56,20,dir,119.0,1995.916218,1876.916218,8,7,3,4,857.3542728274272,4,210.47085456548544,437.5,500.0,4,0,0,1
w6_persistent_bearing,random,57,1,omni,5.0,1413.945465,1408.945465,3,0,0,0,0.0,0,0.0,0.0,0.0,0,0,0,1
w6_persistent_bearing,random,57,5,omni,3367.967668,3889.169359,521.2016910000002,1,0,0,0,0.0,0,0.0,0.0,0.0,0,0,0,1
w6_persistent_bearing,random,57,7,omni,477.865382,2181.456982,1703.5916000000002,5,4,1,3,0.0,4,24.0,0.0,0.0,0,0,0,1
w6_persistent_bearing,random,57,8,omni,483.865382,1303.26955,819.404168,2,0,0,0,0.0,0,0.0,0.0,0.0,0,0,0,1
w6_persistent_bearing,random,57,11,dir,65.0,4586.467775,4521.467775,25,24,4,20,2280.112315272828,15,591.0224630545656,286.4583333333333,500.0,12,0,0,1
w6_persistent_bearing,random,57,12,omni,507.865382,2685.766953,2177.901571,9,8,4,4,740.5454694161006,7,195.1090938832201,457.742681170173,500.0,2,0,0,1
w6_persistent_bearing,random,57,13,omni,783.97264,1210.839756,426.8671160000001,1,0,0,0,0.0,0,0.0,0.0,0.0,0,0,0,1
w6_persistent_bearing,random,57,16,omni,531.865382,2279.880302,1748.01492,6,5,2,3,499.9999999999999,5,129.99999999999997,500.0,500.0,1,0,0,1
w6_persistent_bearing,random,57,17,omni,101.0,620.417825,519.417825,2,0,0,0,0.0,0,0.0,0.0,0.0,0,0,0,1
w6_persistent_bearing,random,57,19,omni,113.0,352.883095,239.88309500000003,1,0,0,0,0.0,0,0.0,0.0,0.0,0,0,0,1
w6_persistent_bearing,random,58,2,dir,4404.471608,5668.299139,1263.827531,3,1,1,0,347.9652372740324,0,74.59304745480648,363.8561171040468,363.8561171040468,1,0,0,1
w6_persistent_bearing,random,58,5,omni,29.0,1197.792866,1168.792866,2,1,1,0,0.0,1,6.0,0.0,0.0,0,0,0,1
w6_persistent_bearing,random,58,6,dir,1807.239408,4554.78652,2747.5471119999997,8,7,2,5,805.1134208330151,7,203.02268416660303,500.0,500.0,1,0,0,1
w6_persistent_bearing,random,58,7,dir,985.646992,9179.242825,8193.595833,20,19,3,16,783.4017462857219,18,269.68034925714437,393.0552530486878,500.0,2,0,0,1
w6_persistent_bearing,random,58,8,dir,991.646992,8758.28155,7766.634558,23,22,5,17,660.3337828152461,16,258.06675656304924,51.20779663985845,165.53068481974898,7,0,0,1
w6_persistent_bearing,random,58,9,dir,53.0,1228.121129,1175.121129,2,0,0,0,0.0,0,0.0,0.0,0.0,0,0,0,1
w6_persistent_bearing,random,58,11,dir,65.0,1372.975166,1307.975166,13,12,3,9,1305.3020597384723,3,324.06041194769443,267.04545454545456,500.0,11,0,0,1
w6_persistent_bearing,random,58,12,omni,1783.239408,3728.398612,1945.159204,5,4,4,0,500.00000000000006,4,124.00000000000001,500.0,500.0,1,0,0,1
w6_persistent_bearing,random,58,14,dir,4452.471608,7265.759991,2813.288383,32,31,6,25,3757.38340433962,7,913.476680867924,136.75925925925927,500.0,26,0,1,1
w6_persistent_bearing,random,58,15,dir,403.0,2912.365804,2509.365804,74,73,57,16,2774.480360287419,5,924.8960720574838,53.91725352112676,500.0,71,0,0,1
w6_persistent_bearing,random,58,16,dir,409.0,8257.515314,7848.515314,19,18,6,12,1033.6568033232031,16,312.73136066464065,313.76610050569013,500.0,3,0,0,1
w6_persistent_bearing,random,58,18,omni,2407.734371,8582.220273,6174.485902,15,14,4,10,2686.478961527274,12,619.2957923054548,494.1309535689059,494.1309535689059,1,0,0,1
w6_persistent_bearing,random,58,19,omni,4476.471608,6730.006582,2253.534974,2,0,0,0,0.0,0,0.0,0.0,0.0,0,0,0,1
w6_persistent_bearing,random,58,20,dir,3962.447324,6273.664827,2311.2175029999994,20,18,4,14,1905.4400916356003,4,475.08801832712004,151.08240405855116,500.0,15,0,0,1
w6_persistent_bearing,random,59,1,dir,6696.663472,7481.29762,784.6341480000001,8,5,5,0,734.3637187524862,0,171.87274375049725,154.81118719728957,404.7981714754337,5,0,0,1
w6_persistent_bearing,random,59,3,dir,17.0,1877.849721,1860.849721,10,9,2,7,1495.0104039022517,4,348.00208078045034,392.85714285714283,500.0,7,0,0,1
w6_persistent_bearing,random,59,5,dir,2672.439367,7188.780124,4516.340757,18,17,2,15,0.0,17,102.0,0.0,0.0,0,0,0,1
w6_persistent_bearing,random,59,8,omni,2341.886958,2966.757964,624.8710059999999,2,0,0,0,0.0,0,0.0,0.0,0.0,0,0,0,1
w6_persistent_bearing,random,59,10,omni,59.0,564.663955,505.663955,2,0,0,0,0.0,0,0.0,0.0,0.0,0,0,0,1
w6_persistent_bearing,random,59,11,dir,2353.886958,6884.180716,4530.293758,25,24,6,18,707.5862247944494,17,278.5172449588899,93.67217105096391,362.4241217588325,8,0,0,1
w6_persistent_bearing,random,59,12,omni,2359.886958,2927.590487,567.7035289999999,1,0,0,0,0.0,0,0.0,0.0,0.0,0,0,0,1
w6_persistent_bearing,random,59,14,omni,83.0,2439.321823,2356.321823,5,4,2,2,833.1230762721116,4,190.6246152544223,500.0,500.0,1,0,0,1
w6_persistent_bearing,random,59,15,dir,403.0,7865.697559,7462.697559,38,37,4,33,1858.346107741546,25,581.6692215483092,231.25,500.0,15,0,0,1
w6_persistent_bearing,random,59,16,dir,744.294475,4792.073461,4047.778986,15,12,4,8,945.0787616535489,9,258.0157523307098,110.08967071934843,238.00247966284965,4,0,0,1
w6_persistent_bearing,random,59,18,dir,4026.180505,4260.610055,234.4295500000003,1,0,0,0,0.0,0,0.0,0.0,0.0,0,0,0,1
w6_persistent_bearing,random,60,1,omni,5.0,1425.825596,1420.825596,9,8,7,1,956.244593143787,3,234.2489186287574,194.30262182108785,500.0,6,0,0,1
w6_persistent_bearing,random,60,2,dir,2790.313175,6850.022761,4059.7095860000004,20,19,2,17,4747.310116014742,12,1056.4620232029483,306.2055843441428,500.0,5,0,0,1
w6_persistent_bearing,random,60,3,omni,17.0,569.070032,552.070032,1,0,0,0,0.0,0,0.0,0.0,0.0,0,0,0,1
w6_persistent_bearing,random,60,5,omni,1548.667272,4715.563527,3166.8962550000006,12,10,3,7,1099.921186250905,10,279.984237250181,496.2316785179956,496.2316785179956,1,0,0,1
w6_persistent_bearing,random,60,6,omni,1816.098204,3799.742287,1983.6440830000001,7,5,2,3,0.0,5,30.0,0.0,0.0,0,0,0,1
w6_persistent_bearing,random,60,8,dir,2540.302971,3044.238088,503.935117,2,0,0,0,0.0,0,0.0,0.0,0.0,0,0,0,1
w6_persistent_bearing,random,60,9,omni,53.0,2240.915111,2187.915111,6,4,1,3,0.0,4,24.0,0.0,0.0,0,0,0,1
w6_persistent_bearing,random,60,10,dir,5494.815829,5991.750954,496.93512499999997,2,0,0,0,0.0,0,0.0,0.0,0.0,0,0,0,1
w6_persistent_bearing,random,60,13,omni,77.0,796.667008,719.667008,2,0,0,0,0.0,0,0.0,0.0,0.0,0,0,0,1
w6_persistent_bearing,random,60,14,omni,678.931823,6174.144938,5495.2131150000005,19,18,2,16,0.0,18,108.0,0.0,0.0,0,0,0,1
w6_persistent_bearing,random,60,16,omni,95.0,1100.563062,1005.563062,6,5,5,0,756.856209358636,3,179.3712418717272,305.53556554798354,500.0,3,0,0,1
w6_persistent_bearing,random,60,19,omni,113.0,1647.388206,1534.388206,5,4,3,1,505.6224507064497,4,125.12449014128994,488.418512108367,488.418512108367,1,0,0,1
w6_persistent_bearing,random,61,1,dir,2323.734085,2573.011147,249.27706200000011,1,0,0,0,0.0,0,0.0,0.0,0.0,0,0,0,1
w6_persistent_bearing,random,61,2,omni,740.0,5185.565154,4445.565154,17,16,5,11,2903.756181596566,13,673.7512363193132,367.95214373465524,490.56077979070847,2,0,0,1
w6_persistent_bearing,random,61,6,dir,35.0,1811.444104,1776.444104,5,4,3,1,500.0,4,124.0,500.0,500.0,1,0,0,1
w6_persistent_bearing,random,61,7,dir,3962.613874,4252.748896,290.13502199999994,2,0,0,0,0.0,0,0.0,0.0,0.0,0,0,0,1
w6_persistent_bearing,random,61,8,omni,47.0,1735.403647,1688.403647,4,0,0,0,0.0,0,0.0,0.0,0.0,0,0,0,1
w6_persistent_bearing,random,61,10,omni,1531.745027,3545.454042,2013.709015,7,5,3,2,1166.9785886203586,5,263.3957177240717,500.0,500.0,1,0,0,1
w6_persistent_bearing,random,61,11,omni,379.0,2211.785879,1832.785879,4,3,1,2,0.0,3,18.0,0.0,0.0,0,0,0,1
w6_persistent_bearing,random,61,12,dir,385.0,6815.410013,6430.410013,26,25,1,24,527.5983523770476,23,253.51967047540953,500.0,500.0,3,0,0,1
w6_persistent_bearing,random,61,13,omni,77.0,1670.55839,1593.55839,5,4,3,1,108.69337763418513,4,45.73867552683703,500.0,500.0,1,0,0,1
w6_persistent_bearing,random,61,15,dir,89.0,1612.361439,1523.361439,7,6,5,1,557.6720679388848,4,145.53441358777695,309.8851225715588,500.0,3,0,0,1
w6_persistent_bearing,random,61,16,dir,4636.546478,4838.465962,201.919484,2,0,0,0,0.0,0,0.0,0.0,0.0,0,0,0,1
w6_persistent_bearing,random,61,18,dir,3192.18042,3436.772124,244.59170399999994,2,0,0,0,0.0,0,0.0,0.0,0.0,0,0,0,1
w6_persistent_bearing,random,61,20,omni,119.0,1888.83654,1769.83654,4,2,1,1,1680.0892833418113,2,348.01785666836224,0.0,0.0,0,0,0,1
w6_persistent_bearing,random,62,1,dir,4013.370153,4434.277128,420.9069749999999,1,0,0,0,0.0,0,0.0,0.0,0.0,0,0,0,1
w6_persistent_bearing,random,62,3,dir,17.0,3687.005424,3670.005424,17,16,6,10,710.1704695498901,10,232.03409390997803,107.63673420415638,369.11502763033377,7,0,0,1
w6_persistent_bearing,random,62,6,dir,6467.930432,7130.38169,662.451258,9,7,4,3,942.2052692824916,1,224.4410538564983,132.23282391147535,500.0,7,0,0,1
w6_persistent_bearing,random,62,8,dir,2784.413871,4850.769546,2066.3556750000002,17,15,5,10,1164.7783785844153,4,311.9556757168831,112.78952225510096,500.0,13,0,0,1
w6_persistent_bearing,random,62,9,dir,53.0,7555.730484,7502.730484,20,19,4,15,0.0,19,114.0,0.0,0.0,0,0,0,1
w6_persistent_bearing,random,62,10,dir,5047.948418,5913.358722,865.410304,20,18,6,12,1652.000502590069,1,421.4001005180138,59.181330373812756,433.71410713829454,17,0,1,1
w6_persistent_bearing,random,62,11,dir,7284.110016,8658.867557,1374.757541,5,4,4,0,802.1907423215439,4,184.43814846430877,481.12867492258204,500.0,2,0,0,1
w6_persistent_bearing,random,62,12,dir,835.324396,2220.546982,1385.2225859999999,5,3,2,1,967.2106740947448,2,210.44213481894897,350.1441576982737,469.0912153602042,2,0,0,1
w6_persistent_bearing,random,62,14,dir,83.0,8123.224106,8040.224106,22,21,2,19,169.3635206490814,21,159.87270412981627,500.0,500.0,1,0,0,1
w6_persistent_bearing,random,62,15,omni,89.0,7819.513586,7730.513586,21,18,2,16,0.0,18,108.0,0.0,0.0,0,0,0,1
w6_persistent_bearing,random,62,16,dir,1127.3346,9280.157347,8152.822747,44,43,5,38,2944.4758657067246,22,825.8951731413449,144.36141304347825,500.0,23,0,0,1
w6_persistent_bearing,random,62,17,omni,101.0,6109.621185,6008.621185,15,14,4,10,0.0,14,84.0,0.0,0.0,0,0,0,1
w6_persistent_bearing,random,62,19,dir,1534.843175,7742.965156,6208.121981,20,18,6,12,5026.697815132981,14,1109.3395630265964,207.55873664642567,500.0,5,0,0,1
w6_persistent_bearing,random,62,20,omni,2542.413871,3227.475246,685.0613749999998,3,0,0,0,0.0,0,0.0,0.0,0.0,0,0,0,1
w6_persistent_bearing,random,63,2,dir,11.0,2122.883693,2111.883693,7,6,4,2,978.8294491616347,5,230.76588983232693,314.2374725093861,500.0,3,0,0,1
w6_persistent_bearing,random,63,3,dir,5795.223936,6729.211614,933.9876779999995,4,3,3,0,616.4684802146678,3,141.29369604293356,322.44607232031694,500.0,2,0,0,1
w6_persistent_bearing,random,63,4,dir,2291.987677,3488.52265,1196.5349729999998,6,5,2,3,875.4100294311604,2,202.08200588623208,437.5,500.0,4,0,0,1
w6_persistent_bearing,random,63,5,omni,29.0,513.237089,484.23708899999997,2,0,0,0,0.0,0,0.0,0.0,0.0,0,0,0,1
w6_persistent_bearing,random,63,7,dir,396.0,5985.731648,5589.731648,14,13,1,12,0.0,13,78.0,0.0,0.0,0,0,0,1
w6_persistent_bearing,random,63,9,dir,53.0,2886.431473,2833.431473,22,21,3,18,1113.068501987055,6,333.613700397411,189.33823529411765,500.0,17,0,0,1
w6_persistent_bearing,random,63,10,omni,59.0,1548.100249,1489.100249,7,5,5,0,1186.641200047257,1,263.3282400094514,180.46189932370692,472.52609294732923,5,0,0,1
w6_persistent_bearing,random,63,11,dir,5380.213732,6166.938085,786.7243529999996,5,2,2,0,647.924240148783,0,139.5848480297566,308.8064551997428,413.27980928275076,2,0,0,1
w6_persistent_bearing,random,63,12,dir,3237.877569,8050.410126,4812.5325569999995,16,15,3,12,689.8212350175326,15,227.9642470035065,486.1197308207011,486.1197308207011,1,0,0,1
w6_persistent_bearing,random,63,13,dir,1989.758154,4302.351954,2312.5937999999996,24,23,5,18,2114.058466539889,5,542.8116933079779,100.90326294026207,466.1602771890946,20,0,0,1
w6_persistent_bearing,random,63,14,dir,354.0,1193.736957,839.7369570000001,2,0,0,0,0.0,0,0.0,0.0,0.0,0,0,0,1
w6_persistent_bearing,random,63,15,dir,3225.877569,7656.631679,4430.75411,14,13,2,11,0.0,13,78.0,0.0,0.0,0,0,0,1
w6_persistent_bearing,random,63,16,dir,1025.186897,7593.732623,6568.545726,25,24,5,19,795.9174037526402,18,297.183480750528,118.9519665210545,500.0,7,0,0,1
w6_persistent_bearing,random,64,1,dir,5009.469172,6954.350391,1944.8812189999999,21,19,4,15,3844.9109580726345,3,866.9821916145269,91.80204851309925,500.0,16,0,0,1
w6_persistent_bearing,random,64,2,omni,11.0,589.05661,578.05661,2,0,0,0,0.0,0,0.0,0.0,0.0,0,0,0,1
w6_persistent_bearing,random,64,3,dir,3170.416026,4880.146095,1709.7300690000002,8,7,4,3,1493.615614930088,2,335.7231229860176,241.0778030281627,500.0,7,0,0,1
w6_persistent_bearing,random,64,4,omni,23.0,1145.01393,1122.01393,2,0,0,0,0.0,0,0.0,0.0,0.0,0,0,0,1
w6_persistent_bearing,random,64,5,omni,7474.039343,9000.65538,1526.6160369999998,4,3,3,0,1994.9481026479332,3,416.98962052958666,0.0,0.0,0,0,0,1
w6_persistent_bearing,random,64,7,omni,41.0,520.957344,479.95734400000003,2,0,0,0,0.0,0,0.0,0.0,0.0,0,0,0,1
w6_persistent_bearing,random,64,11,dir,386.99243,8359.122225,7972.129794999999,41,40,17,23,3028.13900936625,16,821.62780187325,102.45749031771295,500.0,27,0,0,1
w6_persistent_bearing,random,64,12,dir,1048.585529,5701.536742,4652.951213,11,9,5,4,979.1268531870511,7,247.82537063741023,211.8401028577142,365.3824705958498,3,0,0,1
w6_persistent_bearing,random,64,13,dir,1483.615162,3047.473459,1563.8582969999998,4,3,3,0,757.7984594434931,2,168.55969188869864,378.89922972174656,500.0,2,0,0,1
w6_persistent_bearing,random,64,16,dir,95.0,1274.507459,1179.507459,21,20,4,16,1602.4806704531459,3,423.4961340906292,175.16447368421052,500.0,19,0,0,1
w6_persistent_bearing,random,64,18,dir,3104.416026,5578.792176,2474.37615,5,3,2,1,980.051019080129,2,213.0102038160258,0.0,0.0,0,0,0,1
w6_persistent_bearing,random,64,19,omni,113.0,2574.699014,2461.699014,5,4,2,2,1117.9040818631256,4,247.58081637262512,500.0,500.0,1,0,0,1
w6_persistent_bearing,random,64,20,dir,1447.615162,4270.652315,2823.037153,147,146,125,21,3732.6863449964853,5,1481.537268999297,30.699823943661972,500.0,142,0,0,1
w6_persistent_bearing,random,65,2,dir,2237.485636,4742.496665,2505.011029,6,4,1,3,574.9328894021936,4,138.98657788043872,426.4524721529407,426.4524721529407,1,0,0,1
w6_persistent_bearing,random,65,4,dir,7136.427508,7611.471063,475.0435550000002,3,0,0,0,0.0,0,0.0,0.0,0.0,0,0,0,1
w6_persistent_bearing,random,65,6,omni,349.0,932.556332,583.556332,2,0,0,0,0.0,0,0.0,0.0,0.0,0,0,0,1
w6_persistent_bearing,random,65,7,dir,786.066881,4311.387848,3525.3209670000006,13,12,3,9,1519.2700771379682,11,374.85401542759365,348.49270950784216,465.86423650116893,2,0,0,1
w6_persistent_bearing,random,65,8,dir,2267.485636,3298.616535,1031.1308990000002,11,10,7,3,859.261011398424,3,224.8522022796848,113.64002992052279,442.3581131945003,8,0,0,1
w6_persistent_bearing,random,65,9,dir,53.0,552.591204,499.59120399999995,2,0,0,0,0.0,0,0.0,0.0,0.0,0,0,0,1
w6_persistent_bearing,random,65,10,omni,59.0,4953.705976,4894.705976,13,12,5,7,0.0,12,72.0,0.0,0.0,0,0,0,1
w6_persistent_bearing,random,65,14,dir,3404.342449,5378.691523,1974.3490740000002,7,6,3,3,1341.34016891863,2,300.268033783726,350.2036794490226,500.0,5,0,0,1
w6_persistent_bearing,random,65,15,omni,89.0,3949.170394,3860.170394,14,13,2,11,38.50525908791497,13,85.701051817583,38.50525908791498,38.50525908791498,1,0,0,1
w6_persistent_bearing,random,65,16,omni,2309.485636,2835.791819,526.3061830000001,2,0,0,0,0.0,0,0.0,0.0,0.0,0,0,0,1
w6_persistent_bearing,random,65,17,dir,101.0,4535.15116,4434.15116,14,13,6,7,500.0000000000001,13,178.00000000000003,500.0,500.0,1,0,0,1
w6_persistent_bearing,random,65,18,dir,421.0,7766.989987,7345.989987,33,32,3,29,907.2167323383802,23,364.44334646767607,215.66561140653812,500.0,10,0,0,1
w6_persistent_bearing,random,65,20,dir,119.0,3751.798529,3632.798529,18,17,7,10,4186.187874540576,12,934.2375749081151,207.6092551898395,500.0,6,0,0,1
w6_persistent_bearing,random,66,2,dir,1050.822245,1366.639908,315.81766300000004,2,0,0,0,0.0,0,0.0,0.0,0.0,0,0,0,1
w6_persistent_bearing,random,66,5,dir,29.0,5544.67222,5515.67222,21,20,10,10,1281.8381160267713,17,373.3676232053543,290.0671117347303,500.0,5,0,0,1
w6_persistent_bearing,random,66,8,dir,47.0,7766.032755,7719.032755,25,23,3,20,808.7742531763788,22,298.7548506352758,404.3871265881894,500.0,2,0,0,1
w6_persistent_bearing,random,66,9,dir,384.0,7185.122448,6801.122448,22,21,2,19,457.04476098134364,21,217.40895219626873,457.0447609813436,457.0447609813436,1,0,0,1
w6_persistent_bearing,random,66,10,dir,59.0,7281.655993,7222.655993,34,33,5,28,1585.1574643719127,22,504.03149287438254,203.31372103011176,500.0,12,0,0,1
w6_persistent_bearing,random,66,13,omni,2286.274212,2583.471508,297.1972960000003,1,0,0,0,0.0,0,0.0,0.0,0.0,0,0,0,1
w6_persistent_bearing,random,66,14,dir,83.0,8189.100566,8106.100566,25,24,3,21,500.0,24,244.0,500.0,500.0,1,0,0,1
w6_persistent_bearing,random,66,15,omni,89.0,6444.44541,6355.44541,22,19,4,15,1026.770267933582,17,317.3540535867164,342.2567559778608,500.0,3,0,0,1
w6_persistent_bearing,random,66,19,dir,4499.527474,8272.252718,3772.7252439999993,12,9,2,7,2277.039593756158,7,507.4079187512316,500.0,500.0,1,0,0,1
w6_persistent_bearing,random,66,20,dir,119.0,3956.132381,3837.132381,15,14,7,7,5061.24414229638,10,1092.248828459276,414.1686241884923,500.0,4,0,0,1
w6_persistent_bearing,random,67,4,omni,23.0,620.421788,597.421788,2,0,0,0,0.0,0,0.0,0.0,0.0,0,0,0,1
w6_persistent_bearing,random,67,5,dir,4275.243796,5559.268054,1284.0242580000004,4,2,2,0,1025.367061299917,1,216.0734122599834,404.30803021838005,500.0,2,0,0,1
w6_persistent_bearing,random,67,7,omni,3555.785092,4123.069924,567.2848320000003,3,0,0,0,0.0,0,0.0,0.0,0.0,0,0,0,1
w6_persistent_bearing,random,67,8,omni,390.0,718.971426,328.97142599999995,1,0,0,0,0.0,0,0.0,0.0,0.0,0,0,0,1
w6_persistent_bearing,random,67,9,dir,2828.671962,4734.410077,1905.7381149999997,8,5,2,3,813.4007473304864,4,191.68014946609728,246.19293267250066,328.21705163156133,2,0,0,1
w6_persistent_bearing,random,67,10,dir,3860.75727,4526.962046,666.2047759999996,4,1,1,0,213.94214253253693,0,47.78842850650739,271.5686760461317,271.5686760461317,1,0,0,1
w6_persistent_bearing,random,67,14,omni,354.0,1549.208746,1195.208746,4,3,2,1,437.1087937823025,3,105.42175875646049,437.1087937823025,437.1087937823025,1,0,0,1
w6_persistent_bearing,random,67,15,omni,2425.661758,3021.617896,595.956138,3,0,0,0,0.0,0,0.0,0.0,0.0,0,0,0,1
w6_persistent_bearing,random,67,18,dir,107.0,5664.300459,5557.300459,19,18,4,14,499.99999999999994,18,208.0,500.0,500.0,1,0,0,1
w6_persistent_bearing,random,67,19,omni,1630.565199,2215.064571,584.499372,3,0,0,0,0.0,0,0.0,0.0,0.0,0,0,0,1
w6_persistent_bearing,random,68,2,omni,325.0,1097.534014,772.5340140000001,2,0,0,0,0.0,0,0.0,0.0,0.0,0,0,0,1
w6_persistent_bearing,random,68,4,dir,958.176001,8568.651072,7610.475071000001,46,45,3,42,1211.832181574236,21,488.3664363148472,122.5875,500.0,23,0,2,1
w6_persistent_bearing,random,68,5,dir,2512.840329,8749.486016,6236.645687,17,16,1,15,0.0,16,96.0,0.0,0.0,0,0,0,1
w6_persistent_bearing,random,68,6,dir,4777.858461,4951.651512,173.79305100000056,1,0,0,0,0.0,0,0.0,0.0,0.0,0,0,0,1
w6_persistent_bearing,random,68,8,dir,2855.507157,7691.490814,4835.983657,24,23,2,21,1008.3038067490868,13,329.66076134981734,287.5,500.0,10,0,0,1
w6_persistent_bearing,random,68,9,dir,367.0,1999.665922,1632.665922,9,8,5,3,383.2679028331503,5,121.65358056663005,95.81697570828754,205.12655681274967,4,0,0,1
w6_persistent_bearing,random,68,11,dir,2482.840329,3478.659842,995.8195129999999,1,0,0,0,0.0,0,0.0,0.0,0.0,0,0,0,1
w6_persistent_bearing,random,68,12,omni,71.0,2777.186971,2706.186971,12,11,6,5,1076.7332109742465,7,277.3466421948493,215.3466421948492,500.0,5,0,0,1
w6_persistent_bearing,random,68,13,omni,77.0,3599.624023,3522.624023,9,7,2,5,610.2237455591612,7,164.04474911183223,379.40571874690596,379.40571874690596,1,0,0,1
w6_persistent_bearing,random,68,14,dir,83.0,3060.718936,2977.718936,12,11,5,6,606.8014276120033,8,184.36028552240066,151.70035690300088,328.7677150148255,4,0,0,1
w6_persistent_bearing,random,68,15,dir,3830.097348,5735.782682,1905.6853340000002,5,4,4,0,1545.3864559183444,4,333.0772911836689,375.69841557896905,500.0,2,0,0,1
w6_persistent_bearing,random,68,16,omni,3824.097348,5078.580228,1254.48288,7,6,6,0,504.6435847781933,3,133.92871695563866,103.4535772766887,220.68523180115,4,0,0,1
w6_persistent_bearing,random,68,17,dir,101.0,1216.797109,1115.797109,12,10,4,6,459.29550739118315,2,143.85910147823662,73.69357693973116,244.16311970433082,8,0,0,1
w6_persistent_bearing,random,68,19,dir,427.0,9133.627977,8706.627977,48,47,4,43,10797.90358043468,24,2418.5807160869363,150.5125,500.0,24,0,1,1
w6_persistent_bearing,random,68,20,dir,433.0,3754.026249,3321.026249,8,7,3,4,2301.3715862382796,6,501.2743172476559,434.6194944792607,434.6194944792607,1,0,0,1
w6_persistent_bearing,random,69,2,dir,4655.965043,6486.753697,1830.788654,5,0,0,0,0.0,0,0.0,0.0,0.0,0,0,0,1
w6_persistent_bearing,random,69,3,dir,4649.965043,5233.101572,583.1365289999994,2,0,0,0,0.0,0,0.0,0.0,0.0,0,0,0,1
w6_persistent_bearing,random,69,4,omni,1083.80082,7005.562784,5921.761963999999,17,14,1,13,0.0,14,84.0,0.0,0.0,0,0,0,1
w6_persistent_bearing,random,69,5,omni,29.0,862.922466,833.922466,2,0,0,0,0.0,0,0.0,0.0,0.0,0,0,0,1
w6_persistent_bearing,random,69,6,dir,3889.268118,4076.886332,187.61821400000008,1,0,0,0,0.0,0,0.0,0.0,0.0,0,0,0,1
w6_persistent_bearing,random,69,7,omni,396.0,3438.129784,3042.129784,11,9,3,6,664.8986201371118,9,186.97972402742238,500.0,500.0,1,0,0,1
w6_persistent_bearing,random,69,8,dir,47.0,4807.599626,4760.599626,20,19,6,13,807.4718377756731,16,272.4943675551346,215.96068460950178,500.0,5,0,0,1
w6_persistent_bearing,random,69,9,omni,1059.80082,1704.009219,644.2083990000001,3,0,0,0,0.0,0,0.0,0.0,0.0,0,0,0,1
w6_persistent_bearing,random,69,10,omni,59.0,564.677057,505.677057,2,0,0,0,0.0,0,0.0,0.0,0.0,0,0,0,1
w6_persistent_bearing,random,69,11,omni,699.20124,2151.570891,1452.369651,4,2,1,1,0.0,2,12.0,0.0,0.0,0,0,0,1
w6_persistent_bearing,random,69,12,omni,71.0,4433.0886,4362.0886,16,14,2,12,591.4528613225605,13,201.2905722645121,409.37513693586425,500.0,2,0,0,1
w6_persistent_bearing,random,69,13,dir,3871.268118,6292.543651,2421.275533,22,20,4,16,2434.874660988847,6,592.9749321977695,245.83333333333334,500.0,15,0,0,1
w6_persistent_bearing,random,69,14,dir,1035.80082,6906.347261,5870.546441,17,13,0,13,0.0,13,78.0,0.0,0.0,0,0,0,1
w6_persistent_bearing,random,69,16,omni,729.20124,2807.667256,2078.4660160000003,7,6,3,3,0.0,6,36.0,0.0,0.0,0,0,0,1
w6_persistent_bearing,random,69,18,omni,330.0,3376.894382,3046.894382,10,9,2,7,0.0,9,54.0,0.0,0.0,0,0,0,1
w6_persistent_bearing,random,70,2,omni,11.0,4246.112773,4235.112773,15,14,4,10,849.913143912629,14,253.9826287825258,424.9565719563146,500.0,2,0,0,1
w6_persistent_bearing,random,70,3,omni,420.0,919.716397,499.71639700000003,2,0,0,0,0.0,0,0.0,0.0,0.0,0,0,0,1
w6_persistent_bearing,random,70,5,dir,5426.312471,5897.302954,470.9904829999996,3,0,0,0,0.0,0,0.0,0.0,0.0,0,0,0,1
w6_persistent_bearing,random,70,10,omni,2291.19008,2886.064975,594.8748949999999,3,0,0,0,0.0,0,0.0,0.0,0.0,0,0,0,1
w6_persistent_bearing,random,70,11,dir,372.0,6991.349441,6619.349441,33,32,6,26,1254.8000386571814,24,434.9600077314363,131.4972193344982,500.0,10,0,0,1
w6_persistent_bearing,random,70,13,omni,4345.347181,4925.82821,580.4810289999996,7,6,6,0,1022.3812784143581,3,237.47625568287162,192.81626966628673,500.0,5,0,0,1
w6_persistent_bearing,random,70,15,omni,89.0,2051.849434,1962.8494340000002,6,4,3,1,620.7093218504297,4,148.14186437008593,500.0,500.0,1,0,0,1
w6_persistent_bearing,random,70,16,dir,342.0,594.332955,252.33295499999997,1,0,0,0,0.0,0,0.0,0.0,0.0,0,0,0,1
w6_persistent_bearing,random,70,19,dir,113.0,2096.657662,1983.657662,5,3,1,2,0.0,3,18.0,0.0,0.0,0,0,0,1
w6_persistent_bearing,random,70,20,omni,318.0,2532.889015,2214.889015,5,3,1,2,0.0,3,18.0,0.0,0.0,0,0,0,1
w6_persistent_bearing,random,71,1,dir,319.0,3023.347582,2704.347582,25,24,4,20,3782.2073623671845,7,883.4414724734369,78.86154745761765,485.6910922236963,18,0,1,1
w6_persistent_bearing,random,71,2,omni,325.0,945.331771,620.331771,1,0,0,0,0.0,0,0.0,0.0,0.0,0,0,0,1
w6_persistent_bearing,random,71,4,dir,4656.484442,9242.816138,4586.331696,39,38,5,33,3411.3231578500668,13,885.2646315700133,132.70432692307693,500.0,25,0,1,1
w6_persistent_bearing,random,71,5,omni,2134.319066,2818.913642,684.594576,3,0,0,0,0.0,0,0.0,0.0,0.0,0,0,0,1
w6_persistent_bearing,random,71,7,dir,3641.845027,4096.114977,454.26995000000034,5,4,1,3,862.9583901180192,0,192.59167802360383,437.5,500.0,4,0,0,1
w6_persistent_bearing,random,71,9,dir,7630.587847,8156.779561,526.1917140000005,2,0,0,0,0.0,0,0.0,0.0,0.0,0,0,0,1
w6_persistent_bearing,random,71,10,dir,59.0,8826.157565,8767.157565,38,37,2,35,1592.3647036987627,25,528.4729407397525,220.98214285714286,500.0,14,0,0,1
w6_persistent_bearing,random,71,13,dir,6248.876915,6725.357962,476.4810470000002,2,0,0,0,0.0,0,0.0,0.0,0.0,0,0,0,1
w6_persistent_bearing,random,71,17,dir,101.0,684.977191,583.977191,6,4,4,0,524.0805568315338,0,124.81611136630677,138.10752971384787,295.6051754081324,4,0,0,1
w6_persistent_bearing,random,71,18,dir,897.533677,1685.372652,787.838975,4,1,1,0,303.93415228012003,0,65.786830456024,440.4949961596963,440.4949961596963,1,0,0,1
w6_persistent_bearing,random,71,19,dir,6652.887119,7103.849769,450.9626500000004,2,0,0,0,0.0,0,0.0,0.0,0.0,0,0,0,1
w6_persistent_bearing,random,71,20,omni,119.0,3532.513417,3413.513417,9,8,2,6,3287.290440304978,8,705.4580880609956,475.698527568725,475.698527568725,1,0,0,1
w6_persistent_bearing,random,72,3,dir,1570.210197,8712.357648,7142.147450999999,20,19,2,17,0.0,19,114.0,0.0,0.0,0,0,0,1
w6_persistent_bearing,random,72,6,dir,2369.270074,7932.772998,5563.502924,23,19,5,14,1455.5182526173853,15,401.1036505234771,274.3546915420956,500.0,5,0,0,1
w6_persistent_bearing,random,72,10,dir,692.0,1928.651566,1236.651566,7,6,2,4,636.8290611588218,2,159.36581223176435,225.38392346497125,500.0,5,0,0,1
w6_persistent_bearing,random,72,11,dir,5124.069405,9152.435748,4028.3663429999997,27,26,5,21,1998.3872778037057,9,538.6774555607411,164.47368421052633,500.0,19,0,0,1
w6_persistent_bearing,random,72,12,omni,71.0,825.883135,754.883135,5,4,4,0,275.10850346115575,2,77.02170069223115,91.70283448705192,158.4424991636333,3,0,0,1
w6_persistent_bearing,random,72,15,dir,403.0,2189.630216,1786.630216,4,1,1,0,910.3777860192877,1,188.07555720385753,500.0,500.0,1,0,0,1
w6_persistent_bearing,random,72,16,omni,2327.270074,7603.61254,5276.342466,18,14,1,13,0.0,14,84.0,0.0,0.0,0,0,0,1
w6_persistent_bearing,random,72,17,dir,2321.270074,8580.658086,6259.388011999999,31,30,3,27,1800.4195315609486,20,530.0839063121897,306.8181818181818,500.0,11,0,0,1
w6_persistent_bearing,random,72,18,omni,107.0,1394.035355,1287.035355,4,3,2,1,281.7885569072766,3,74.35771138145532,281.78855690727653,281.78855690727653,1,0,0,1
w6_persistent_bearing,random,72,20,omni,119.0,975.399027,856.399027,2,0,0,0,0.0,0,0.0,0.0,0.0,0,0,0,1
w6_persistent_bearing,random,73,2,omni,11.0,592.046553,581.046553,2,0,0,0,0.0,0,0.0,0.0,0.0,0,0,0,1
w6_persistent_bearing,random,73,4,omni,5309.117357,6244.805756,935.6883989999997,2,0,0,0,0.0,0,0.0,0.0,0.0,0,0,0,1
w6_persistent_bearing,random,73,5,omni,4686.071017,5519.362181,833.2911640000002,3,0,0,0,0.0,0,0.0,0.0,0.0,0,0,0,1
w6_persistent_bearing,random,73,6,dir,1549.437162,2663.708674,1114.271512,3,0,0,0,0.0,0,0.0,0.0,0.0,0,0,0,1
w6_persistent_bearing,random,73,7,dir,4692.071017,5201.329897,509.2588799999994,2,0,0,0,0.0,0,0.0,0.0,0.0,0,0,0,1
w6_persistent_bearing,random,73,8,omni,47.0,707.968042,660.968042,1,0,0,0,0.0,0,0.0,0.0,0.0,0,0,0,1
w6_persistent_bearing,random,73,9,dir,1561.437162,7468.042353,5906.605191,35,33,4,29,1506.4658865536749,19,485.29317731073496,223.1914756967104,500.0,15,0,0,1
w6_persistent_bearing,random,73,10,omni,4704.071017,5583.654687,879.58367,4,0,0,0,0.0,0,0.0,0.0,0.0,0,0,0,1
w6_persistent_bearing,random,73,14,omni,83.0,4800.387576,4717.387576,17,15,5,10,727.953569442911,14,234.5907138885822,363.9767847214555,485.61997582127947,2,0,0,1
w6_persistent_bearing,random,73,15,dir,4734.071017,7738.807883,3004.736866,16,15,2,13,1646.173860041091,9,413.2347720082182,392.85714285714283,500.0,7,0,0,1
w6_persistent_bearing,random,73,16,omni,342.0,4144.486925,3802.486925,11,10,1,9,0.0,10,60.0,0.0,0.0,0,0,0,1
w6_persistent_bearing,random,73,17,omni,101.0,1102.784381,1001.7843809999999,3,2,2,0,499.99999999999994,2,111.99999999999999,500.0,500.0,1,0,0,1
w6_persistent_bearing,random,74,2,omni,2605.408146,6361.905647,3756.4975009999994,4,1,0,1,0.0,1,6.0,0.0,0.0,0,0,0,1
w6_persistent_bearing,random,74,3,omni,808.951946,4873.86863,4064.916684,11,9,1,8,0.0,9,54.0,0.0,0.0,0,0,0,1
w6_persistent_bearing,random,74,4,omni,23.0,4386.650865,4363.650865,13,12,3,9,0.0,12,72.0,0.0,0.0,0,0,0,1
w6_persistent_bearing,random,74,5,omni,29.0,4136.038376,4107.038376,13,12,3,9,499.99999999999994,12,172.0,500.0,500.0,1,0,0,1
w6_persistent_bearing,random,74,6,omni,35.0,491.172054,456.172054,2,0,0,0,0.0,0,0.0,0.0,0.0,0,0,0,1
w6_persistent_bearing,random,74,8,dir,1134.951946,4766.654882,3631.7029359999997,15,12,5,7,1728.1150734074247,8,413.62301468148496,203.23066382190117,500.0,5,0,0,1
w6_persistent_bearing,random,74,9,omni,3615.153668,6165.226551,2550.072883,7,6,5,1,948.9568714872419,2,221.79137429744839,164.48034240644867,424.95115635147033,5,0,0,1
w6_persistent_bearing,random,74,11,omni,4275.058685,5198.154721,923.0960359999999,1,0,0,0,0.0,0,0.0,0.0,0.0,0,0,0,1
w6_persistent_bearing,random,74,12,omni,366.0,1351.11421,985.11421,2,0,0,0,0.0,0,0.0,0.0,0.0,0,0,0,1
w6_persistent_bearing,random,74,13,dir,3597.153668,5941.799168,2344.6454999999996,2,0,0,0,0.0,0,0.0,0.0,0.0,0,0,0,1
w6_persistent_bearing,random,74,14,omni,3591.153668,5810.527243,2219.3735750000005,8,5,5,0,1729.1366189325254,1,371.8273237865051,169.61028053944622,440.63834030000686,5,0,0,1
w6_persistent_bearing,random,74,15,omni,89.0,4071.340788,3982.340788,14,13,4,9,283.39317398808373,13,134.67863479761675,332.1046844970674,500.0,2,0,0,1
w6_persistent_bearing,random,74,16,dir,2320.397942,3077.652463,757.2545209999998,4,2,2,0,781.8301923681643,0,166.36603847363284,285.2271437267181,382.3045529778377,2,0,0,1
w6_persistent_bearing,random,74,17,omni,336.0,700.4148,364.4148,2,0,0,0,0.0,0,0.0,0.0,0.0,0,0,0,1
w6_persistent_bearing,random,74,18,omni,3992.860063,5431.110068,1438.2500049999999,2,0,0,0,0.0,0,0.0,0.0,0.0,0,0,0,1
w6_persistent_bearing,random,74,20,omni,119.0,3553.961611,3434.961611,12,11,3,8,2797.7934191752247,8,622.5586838350449,353.8712000475474,473.3699068846306,2,0,0,1
w6_persistent_bearing,random,75,2,omni,11.0,6068.632046,6057.632046,19,17,1,16,0.0,17,102.0,0.0,0.0,0,0,0,1
w6_persistent_bearing,random,75,6,omni,4107.71651,4598.275267,490.5587569999998,2,0,0,0,0.0,0,0.0,0.0,0.0,0,0,0,1
w6_persistent_bearing,random,75,10,dir,3050.122911,3317.440706,267.31779499999993,2,0,0,0,0.0,0,0.0,0.0,0.0,0,0,0,1
w6_persistent_bearing,random,75,11,dir,5085.578933,5899.211395,813.6324620000005,4,0,0,0,0.0,0,0.0,0.0,0.0,0,0,0,1
w6_persistent_bearing,random,75,12,omni,71.0,6193.978109,6122.978109,19,17,3,14,0.0,17,102.0,0.0,0.0,0,0,0,1
w6_persistent_bearing,random,75,13,omni,77.0,3848.260096,3771.260096,15,14,8,6,1098.8803997451025,14,303.7760799490205,327.6098014078764,500.0,4,0,0,1
w6_persistent_bearing,random,75,14,omni,83.0,3903.054644,3820.054644,13,12,5,7,226.78818222350554,12,117.35763644470111,419.99661744191036,500.0,2,0,0,1
w6_persistent_bearing,random,75,15,dir,998.162691,1535.827969,537.665278,16,14,5,9,579.991246267049,0,185.9982492534098,53.09831422949448,295.36920788415915,14,0,0,1
w6_persistent_bearing,random,75,16,omni,95.0,4194.853188,4099.853188,13,12,2,10,332.8750973622011,12,138.5750194724402,500.0,500.0,1,0,0,1
w6_persistent_bearing,random,75,17,omni,101.0,5684.863171,5583.863171,21,20,5,15,751.370169724772,18,268.2740339449544,250.45672324159068,445.8455263088827,3,0,0,1
w6_persistent_bearing,random,75,18,dir,2188.717796,2552.401377,363.68358100000023,7,5,4,1,403.6158691980945,0,105.72317383961891,97.1084603259765,259.96665463960477,5,0,0,1
w6_persistent_bearing,random,75,19,dir,324.0,7028.348184,6704.348184,27,26,2,24,1973.115226543623,20,544.6230453087246,392.85714285714283,500.0,7,0,0,1
w6_persistent_bearing,random,75,20,omni,318.0,7285.123696,6967.123696,22,19,2,17,5133.346276084868,17,1138.6692552169736,500.0,500.0,1,0,0,1
w6_persistent_bearing,random,76,2,dir,2158.345294,7027.131036,4868.785742,18,15,0,15,0.0,15,90.0,0.0,0.0,0,0,0,1
w6_persistent_bearing,random,76,4,omni,421.025764,1147.576517,726.550753,3,0,0,0,0.0,0,0.0,0.0,0.0,0,0,0,1
w6_persistent_bearing,random,76,5,dir,29.0,683.145499,654.145499,6,4,4,0,315.43638725170024,1,84.08727745034005,131.85371132329198,285.5128427771517,4,0,0,1
w6_persistent_bearing,random,76,7,dir,41.0,6748.736375,6707.736375,24,23,3,20,479.2129951978914,23,233.8425990395783,479.2129951978915,479.2129951978915,1,0,0,1
w6_persistent_bearing,random,76,8,omni,47.0,590.757645,543.757645,3,0,0,0,0.0,0,0.0,0.0,0.0,0,0,0,1
w6_persistent_bearing,random,76,10,omni,1300.1075,2381.099429,1080.9919289999998,3,0,0,0,0.0,0,0.0,0.0,0.0,0,0,0,1
w6_persistent_bearing,random,76,12,omni,1312.1075,2172.145367,860.037867,2,0,0,0,0.0,0,0.0,0.0,0.0,0,0,0,1
w6_persistent_bearing,random,76,13,omni,3700.506521,4205.295086,504.7885650000003,2,0,0,0,0.0,0,0.0,0.0,0.0,0,0,0,1
w6_persistent_bearing,random,76,14,omni,3017.852323,3490.805826,472.9535029999997,2,0,0,0,0.0,0,0.0,0.0,0.0,0,0,0,1
w6_persistent_bearing,random,76,15,omni,89.0,2889.104748,2800.104748,12,11,7,4,1245.8708453382835,9,313.1741690676567,310.1491747838452,500.0,4,0,0,1
w6_persistent_bearing,random,76,17,dir,101.0,6674.021345,6573.021345,25,24,5,19,1247.9178112090297,24,393.5835622418059,500.0,500.0,2,0,0,1
w6_persistent_bearing,random,76,18,omni,107.0,5936.590663,5829.590663,21,16,4,12,0.0,16,96.0,0.0,0.0,0,0,0,1
w6_persistent_bearing,random,77,2,omni,4338.66651,5164.482948,825.8164379999998,1,0,0,0,0.0,0,0.0,0.0,0.0,0,0,0,1
w6_persistent_bearing,random,77,3,omni,4332.66651,4671.098626,338.43211599999995,1,0,0,0,0.0,0,0.0,0.0,0.0,0,0,0,1
w6_persistent_bearing,random,77,4,omni,414.0,1338.024536,924.0245359999999,2,0,0,0,0.0,0,0.0,0.0,0.0,0,0,0,1
w6_persistent_bearing,random,77,5,omni,2259.045245,2547.33301,288.28776500000004,2,0,0,0,0.0,0,0.0,0.0,0.0,0,0,0,1
w6_persistent_bearing,random,77,6,dir,35.0,4206.712551,4171.712551,13,10,0,10,0.0,10,60.0,0.0,0.0,0,0,0,1
w6_persistent_bearing,random,77,7,omni,396.0,1779.817562,1383.817562,5,2,2,0,0.0,2,12.0,0.0,0.0,0,0,0,1
w6_persistent_bearing,random,77,8,omni,733.188104,4512.253918,3779.0658140000005,17,16,6,10,702.1627689363507,12,232.43255378727014,140.43255378727014,368.791939454373,5,0,0,1
w6_persistent_bearing,random,77,9,omni,3469.821781,5601.541701,2131.71992,7,6,5,1,1411.971535224296,3,315.3943070448592,245.56264565949286,500.0,5,0,0,1
w6_persistent_bearing,random,77,10,omni,3463.821781,5700.685235,2236.863454,7,6,5,1,915.4171078503871,3,216.0834215700774,281.9392778462399,500.0,5,0,0,1
w6_persistent_bearing,random,77,11,omni,65.0,4052.192028,3987.192028,13,12,2,10,0.0,12,72.0,0.0,0.0,0,0,0,1
w6_persistent_bearing,random,77,13,omni,77.0,3959.333648,3882.333648,14,11,5,6,500.0000000000001,11,166.00000000000003,500.0,500.0,1,0,0,1
w6_persistent_bearing,random,77,14,omni,83.0,4932.315984,4849.315984,17,16,4,12,1210.135120634719,15,337.0270241269438,320.0656277787792,500.0,3,0,0,1
w6_persistent_bearing,random,77,16,omni,95.0,3898.734314,3803.734314,13,10,3,7,0.0,10,60.0,0.0,0.0,0,0,0,1
w6_persistent_bearing,random,77,17,omni,4290.66651,4722.959013,432.29250299999967,1,0,0,0,0.0,0,0.0,0.0,0.0,0,0,0,1
w6_persistent_bearing,random,77,18,omni,793.188104,973.328934,180.14083000000005,1,0,0,0,0.0,0,0.0,0.0,0.0,0,0,0,1
w6_persistent_bearing,random,77,20,omni,318.0,1408.340169,1090.340169,4,0,0,0,0.0,0,0.0,0.0,0.0,0,0,0,1
w6_persistent_bearing,random,78,1,dir,5614.712844,6408.651959,793.9391150000001,3,2,2,0,320.0903286227019,1,75.01806572454038,320.0903286227019,320.0903286227019,1,0,0,1
w6_persistent_bearing,random,78,3,dir,17.0,1106.401039,1089.401039,4,3,2,1,439.7345634787858,3,105.94691269575716,439.73456347878573,439.73456347878573,1,0,0,1
w6_persistent_bearing,random,78,4,dir,4067.151139,4400.841456,333.69031700000005,2,0,0,0,0.0,0,0.0,0.0,0.0,0,0,0,1
w6_persistent_bearing,random,78,5,dir,730.157624,3201.237925,2471.080301,9,8,2,6,370.01485948777304,8,122.0029718975546,370.0148594877731,370.0148594877731,1,0,0,1
w6_persistent_bearing,random,78,7,dir,4530.684436,5712.69694,1182.0125040000003,12,11,3,8,837.5000167039101,4,226.50000334078203,202.64994688833178,500.0,8,0,0,1
w6_persistent_bearing,random,78,8,dir,712.157624,3562.041424,2849.8838,10,9,2,7,0.0,9,54.0,0.0,0.0,0,0,0,1
w6_persistent_bearing,random,78,9,dir,373.369069,4242.040554,3868.6714850000003,15,14,3,11,500.0,14,184.0,500.0,500.0,1,0,0,1
w6_persistent_bearing,random,78,10,dir,379.369069,4328.864498,3949.495429,18,17,6,11,286.1513451555104,14,156.23026903110207,140.82766457017055,302.47865967384007,4,0,0,1
w6_persistent_bearing,random,78,11,dir,4524.684436,5404.272421,879.5879850000001,5,4,4,0,866.7751772799414,3,196.3550354559883,433.3875886399708,500.0,2,0,0,1
w6_persistent_bearing,random,78,13,omni,1431.300077,5824.681723,4393.381646,16,15,1,14,0.0,15,90.0,0.0,0.0,0,0,0,1
w6_persistent_bearing,random,78,14,dir,1425.300077,1998.797997,573.4979199999998,2,0,0,0,0.0,0,0.0,0.0,0.0,0,0,0,1
w6_persistent_bearing,random,78,15,omni,89.0,506.329751,417.329751,2,0,0,0,0.0,0,0.0,0.0,0.0,0,0,0,1
w6_persistent_bearing,random,78,16,dir,670.157624,1156.176763,486.0191389999999,1,0,0,0,0.0,0,0.0,0.0,0.0,0,0,0,1
w6_persistent_bearing,random,78,17,dir,101.0,1266.413949,1165.413949,3,0,0,0,0.0,0,0.0,0.0,0.0,0,0,0,1
w6_persistent_bearing,random,78,19,dir,652.157624,2763.854194,2111.69657,8,7,1,6,515.8493155852108,7,145.16986311704215,500.0,500.0,1,0,0,1
w6_persistent_bearing,random,78,20,dir,6268.15412,6709.332893,441.17877299999964,3,1,1,0,253.11355499108203,0,55.622710998216405,271.0796986304737,271.0796986304737,1,0,0,1
w6_persistent_bearing,random,79,2,omni,5194.467316,6416.989771,1222.5224549999994,1,0,0,0,0.0,0,0.0,0.0,0.0,0,0,0,1
w6_persistent_bearing,random,79,3,omni,17.0,3493.09974,3476.09974,16,14,6,8,1004.3475027850639,9,279.86950055701277,217.75556985273798,500.0,6,0,0,1
w6_persistent_bearing,random,79,6,omni,361.548008,3786.506002,3424.9579940000003,10,9,1,8,0.0,9,54.0,0.0,0.0,0,0,0,1
w6_persistent_bearing,random,79,8,omni,47.0,3256.230239,3209.230239,11,7,0,7,0.0,7,42.0,0.0,0.0,0,0,0,1
w6_persistent_bearing,random,79,12,dir,5236.467316,6165.387518,928.9202019999993,10,9,3,6,1164.7856496515067,2,279.95712993030133,359.375,500.0,8,0,0,1
w6_persistent_bearing,random,79,15,omni,89.0,587.925832,498.925832,2,0,0,0,0.0,0,0.0,0.0,0.0,0,0,0,1
w6_persistent_bearing,random,79,16,omni,95.0,3174.073461,3079.073461,10,6,3,3,0.0,6,36.0,0.0,0.0,0,0,0,1
w6_persistent_bearing,random,79,17,omni,101.0,513.532738,412.532738,2,0,0,0,0.0,0,0.0,0.0,0.0,0,0,0,1
w6_persistent_bearing,random,79,18,omni,1084.063199,7060.490829,5976.42763,19,18,2,16,0.0,18,108.0,0.0,0.0,0,0,0,1
w6_persistent_bearing,random,79,19,omni,439.548008,3055.974853,2616.426845,10,9,4,5,367.2319476125532,9,127.44638952251064,367.23194761255326,367.23194761255326,1,0,0,1
w6_persistent_bearing,random,79,20,omni,1096.063199,7371.888158,6275.824959,22,17,4,13,4663.709207838993,17,1034.7418415677987,0.0,0.0,0,0,0,1
w6_persistent_bearing,random,80,1,dir,1182.845441,3347.008805,2164.163364,20,19,4,15,2331.3306790790984,4,565.2661358158197,227.67857142857142,500.0,14,0,0,1
w6_persistent_bearing,random,80,4,dir,23.0,490.743171,467.743171,1,0,0,0,0.0,0,0.0,0.0,0.0,0,0,0,1
w6_persistent_bearing,random,80,6,omni,5001.973225,5480.156608,478.1833830000005,2,0,0,0,0.0,0,0.0,0.0,0.0,0,0,0,1
w6_persistent_bearing,random,80,7,dir,2788.718764,3159.13288,370.4141159999999,2,0,0,0,0.0,0,0.0,0.0,0.0,0,0,0,1
w6_persistent_bearing,random,80,9,dir,53.0,5218.855901,5165.855901,14,12,0,12,0.0,12,72.0,0.0,0.0,0,0,0,1
w6_persistent_bearing,random,80,12,omni,4196.210608,4839.473475,643.2628669999995,3,0,0,0,0.0,0,0.0,0.0,0.0,0,0,0,1
w6_persistent_bearing,random,80,13,dir,77.0,1286.837822,1209.837822,5,4,3,1,1114.7708755078127,3,245.95417510156253,500.0,500.0,2,0,0,1
w6_persistent_bearing,random,80,14,dir,5656.190782,6793.657421,1137.4666390000002,17,15,4,11,1513.7722161659592,4,381.75444323319186,91.96759324260721,500.0,13,0,0,1
w6_persistent_bearing,random,80,15,dir,4965.973225,5564.024544,598.0513190000001,1,0,0,0,0.0,0,0.0,0.0,0.0,0,0,0,1
w6_persistent_bearing,random,80,17,dir,726.315712,1405.255469,678.939757,1,0,0,0,0.0,0,0.0,0.0,0.0,0,0,0,1
w6_persistent_bearing,random,80,18,dir,107.0,5033.119021,4926.119021,15,14,4,10,499.9999999999999,14,183.99999999999997,500.0,500.0,1,0,0,1
w6_persistent_bearing,random,80,19,dir,5732.190782,6164.812216,432.6214340000006,2,0,0,0,0.0,0,0.0,0.0,0.0,0,0,0,1
w6_persistent_bearing,random,81,1,dir,746.0,1296.21112,550.2111199999999,1,0,0,0,0.0,0,0.0,0.0,0.0,0,0,0,1
w6_persistent_bearing,random,81,3,omni,17.0,4587.696238,4570.696238,14,13,1,12,0.0,13,78.0,0.0,0.0,0,0,0,1
w6_persistent_bearing,random,81,6,dir,3008.806417,8396.083297,5387.276879999999,23,21,5,16,2050.292834324088,13,528.0585668648175,201.43648392803755,500.0,9,0,0,1
w6_persistent_bearing,random,81,8,dir,6284.156531,6875.286899,591.1303680000001,3,0,0,0,0.0,0,0.0,0.0,0.0,0,0,0,1
w6_persistent_bearing,random,81,10,dir,1450.714384,2139.221643,688.5072589999997,4,3,3,0,895.1911015713797,3,197.03822031427595,405.99292871827197,500.0,2,0,0,1
w6_persistent_bearing,random,81,11,dir,4512.74348,8180.258851,3667.5153709999995,11,10,3,7,347.47699022917436,10,129.49539804583486,347.47699022917436,347.47699022917436,1,0,0,1
w6_persistent_bearing,random,81,12,dir,71.0,5622.18355,5551.18355,123,122,104,18,1611.8569320870256,17,949.3713864174051,13.026180477162253,500.0,108,0,0,1
w6_persistent_bearing,random,81,13,dir,77.0,4341.037442,4264.037442,14,13,2,11,233.98678964693647,13,124.79735792938729,233.98678964693647,233.98678964693647,1,0,0,1
w6_persistent_bearing,random,81,14,dir,7246.725328,7620.216076,373.49074799999926,2,0,0,0,0.0,0,0.0,0.0,0.0,0,0,0,1
w6_persistent_bearing,random,81,15,dir,4168.371876,4658.006826,489.63494999999966,3,0,0,0,0.0,0,0.0,0.0,0.0,0,0,0,1
w6_persistent_bearing,random,81,16,dir,656.0,5717.958295,5061.958295,13,9,1,8,0.0,9,54.0,0.0,0.0,0,0,0,1
w6_persistent_bearing,random,81,17,dir,1103.443782,6053.228929,4949.785147,17,16,3,13,811.4353594736847,14,256.2870718947369,372.74303183423245,430.75810235083964,4,0,0,1
w6_persistent_bearing,random,81,18,omni,4548.74348,7066.85995,2518.11647,5,3,1,2,0.0,3,18.0,0.0,0.0,0,0,0,1
w6_persistent_bearing,random,81,20,dir,3423.816621,8145.694246,4721.877625,12,11,3,8,4103.608145401291,11,886.7216290802583,0.0,0.0,0,0,0,1
w6_persistent_bearing,random,82,1,dir,4745.448461,5304.664647,559.2161859999997,3,0,0,0,0.0,0,0.0,0.0,0.0,0,0,0,1
w6_persistent_bearing,random,82,3,dir,5910.974794,6428.187965,517.2131710000003,2,0,0,0,0.0,0,0.0,0.0,0.0,0,0,0,1
w6_persistent_bearing,random,82,5,dir,1034.0,3932.524129,2898.524129,11,9,1,8,552.5510327911692,9,164.51020655823385,500.0,500.0,1,0,0,1
w6_persistent_bearing,random,82,6,dir,1028.0,8083.884225,7055.884225,36,35,3,32,3926.7783302316298,23,983.355666046326,137.51265271550633,500.0,15,0,0,1
w6_persistent_bearing,random,82,7,dir,6313.606708,7247.485692,933.878984,3,1,1,0,840.4655161119762,1,174.09310322239523,436.322934661279,436.322934661279,1,0,0,1
w6_persistent_bearing,random,82,8,dir,6195.606708,6798.820444,603.2137359999997,2,0,0,0,0.0,0,0.0,0.0,0.0,0,0,0,1
w6_persistent_bearing,random,82,10,omni,378.0,6130.678222,5752.678222,22,21,4,17,861.921024071203,19,296.3842048142406,287.30700802373434,494.42798637231044,3,0,0,1
w6_persistent_bearing,random,82,11,dir,6183.606708,7532.766395,1349.1596869999994,6,3,3,0,971.3080442971852,2,211.26160885943705,447.26746378708617,500.0,2,0,0,1
w6_persistent_bearing,random,82,16,dir,95.0,1156.123292,1061.123292,3,0,0,0,0.0,0,0.0,0.0,0.0,0,0,0,1
w6_persistent_bearing,random,82,17,dir,962.0,4531.894315,3569.8943149999996,12,11,4,7,79.677179252164,11,81.9354358504328,500.0,500.0,1,0,0,1
w6_persistent_bearing,random,82,19,dir,113.0,1573.817211,1460.817211,4,3,1,2,0.0,3,18.0,0.0,0.0,0,0,0,1
w6_persistent_bearing,random,83,1,omni,7428.065668,8498.993906,1070.9282379999995,4,3,2,1,0.0,3,18.0,0.0,0.0,0,0,0,1
w6_persistent_bearing,random,83,2,dir,3089.003989,4537.937958,1448.9339690000006,30,29,6,23,2135.542725476591,3,575.1085450953182,133.28703703703704,500.0,26,0,1,1
w6_persistent_bearing,random,83,3,omni,17.0,1042.562592,1025.562592,3,2,2,0,129.2282824754176,2,37.84565649508352,500.0,500.0,1,0,0,1
w6_persistent_bearing,random,83,4,omni,845.053166,4837.453986,3992.4008200000003,10,8,2,6,0.0,8,48.0,0.0,0.0,0,0,0,1
w6_persistent_bearing,random,83,5,dir,408.0,6167.176265,5759.176265,26,25,5,20,999.6090948533894,15,339.92181897067786,91.9398006768516,422.02132032092817,11,0,0,1
w6_persistent_bearing,random,83,11,dir,3041.003989,4253.637639,1212.6336499999998,2,0,0,0,0.0,0,0.0,0.0,0.0,0,0,0,1
w6_persistent_bearing,random,83,13,omni,360.0,6025.815766,5665.815766,15,14,3,11,0.0,14,84.0,0.0,0.0,0,0,0,1
w6_persistent_bearing,random,83,15,omni,1889.983581,7949.526115,6059.542534,17,15,4,11,1381.7412782334777,12,363.3482556466955,448.2168786581532,500.0,2,0,0,1
w6_persistent_bearing,random,83,16,dir,342.0,5382.556883,5040.556883,13,11,1,10,911.9759718322246,11,248.3951943664449,420.0970713706363,420.0970713706363,1,0,0,1
w6_persistent_bearing,random,83,17,dir,5833.693683,6999.269579,1165.5758959999994,25,24,4,20,1936.3218647405909,4,511.2643729481182,142.6855638871285,500.0,22,0,0,1
w6_persistent_bearing,random,83,18,dir,330.0,7298.870705,6968.870705,19,18,4,14,619.0597170581044,17,230.8119434116209,432.97865950527466,500.0,2,0,0,1
w6_persistent_bearing,random,83,19,omni,113.0,1130.492001,1017.4920010000001,3,2,2,0,1181.8258509576413,2,248.36517019152825,500.0,500.0,1,0,0,1
w6_persistent_bearing,random,83,20,dir,5821.693683,7089.735134,1268.0414509999991,3,0,0,0,0.0,0,0.0,0.0,0.0,0,0,0,1
w6_persistent_bearing,random,84,1,omni,5.0,4253.107487,4248.107487,13,11,4,7,4793.52117361553,9,1022.704234723106,0.0,0.0,0,0,0,1
w6_persistent_bearing,random,84,2,omni,4511.939357,4784.489788,272.55043099999966,1,0,0,0,0.0,0,0.0,0.0,0.0,0,0,0,1
w6_persistent_bearing,random,84,3,omni,2757.475415,3690.69944,933.224025,3,0,0,0,0.0,0,0.0,0.0,0.0,0,0,0,1
w6_persistent_bearing,random,84,4,dir,4906.659676,6552.650788,1645.9911119999997,19,18,4,14,2844.117685319764,3,661.8235370639528,227.67857142857142,500.0,14,0,0,1
w6_persistent_bearing,random,84,5,dir,5148.659676,5605.578114,456.9184379999997,2,0,0,0,0.0,0,0.0,0.0,0.0,0,0,0,1
w6_persistent_bearing,random,84,6,dir,3982.200669,7609.02155,3626.8208810000006,12,11,2,9,1849.8908654200704,10,434.9781730840141,475.9183016953835,475.9183016953835,1,0,0,1
w6_persistent_bearing,random,84,8,dir,47.0,3871.299239,3824.299239,16,15,5,10,745.0753178119202,12,236.01506356238403,183.43440771224658,393.7049607842479,4,0,0,1
w6_persistent_bearing,random,84,9,dir,384.0,4281.02524,3897.02524,13,12,3,9,556.8432769826148,12,183.36865539652297,500.0,500.0,1,0,0,1
w6_persistent_bearing,random,84,10,omni,3435.988743,7757.36115,4321.372407,13,10,3,7,0.0,10,60.0,0.0,0.0,0,0,0,1
w6_persistent_bearing,random,84,11,dir,1005.0,1618.332744,613.332744,2,0,0,0,0.0,0,0.0,0.0,0.0,0,0,0,1
w6_persistent_bearing,random,84,12,omni,71.0,4021.228446,3950.228446,13,12,4,8,0.0,12,72.0,0.0,0.0,0,0,0,1
w6_persistent_bearing,random,84,13,omni,77.0,4120.701874,4043.7018740000003,15,13,7,6,549.1447890715762,13,187.82895781431523,500.0,500.0,2,0,0,1
w6_persistent_bearing,random,84,14,omni,83.0,1933.222881,1850.222881,6,4,3,1,0.0,4,24.0,0.0,0.0,0,0,0,1
w6_persistent_bearing,random,84,15,omni,2817.475415,3279.355948,461.880533,1,0,0,0,0.0,0,0.0,0.0,0.0,0,0,0,1
w6_persistent_bearing,random,84,16,dir,95.0,2089.576203,1994.576203,6,4,1,3,0.0,4,24.0,0.0,0.0,0,0,0,1
w6_persistent_bearing,random,85,4,dir,2324.945948,2879.071631,554.1256829999998,12,10,4,6,758.2816550475411,0,201.65633100950822,109.55970653009665,468.39197891601367,10,0,0,1
w6_persistent_bearing,random,85,6,dir,1657.741622,3519.776934,1862.035312,6,5,2,3,0.0,5,30.0,0.0,0.0,0,0,0,1
w6_persistent_bearing,random,85,7,dir,41.0,1792.132628,1751.132628,6,5,2,3,451.60876470392435,5,120.32175294078488,451.6087647039243,451.6087647039243,1,0,0,1
w6_persistent_bearing,random,85,8,dir,361.0,6524.205541,6163.205541,26,25,4,21,995.0125601346077,22,346.0025120269215,212.61998178287337,456.0231244436951,4,0,0,1
w6_persistent_bearing,random,85,10,omni,59.0,1876.238685,1817.238685,5,4,1,3,0.0,4,24.0,0.0,0.0,0,0,0,1
w6_persistent_bearing,random,85,11,dir,5609.881887,6096.444236,486.5623490000007,2,0,0,0,0.0,0,0.0,0.0,0.0,0,0,0,1
w6_persistent_bearing,random,85,13,dir,5260.871683,5742.67111,481.7994269999999,3,0,0,0,0.0,0,0.0,0.0,0.0,0,0,0,1
w6_persistent_bearing,random,85,14,omni,83.0,786.671393,703.671393,2,0,0,0,0.0,0,0.0,0.0,0.0,0,0,0,1
w6_persistent_bearing,random,85,16,omni,95.0,896.458144,801.458144,2,0,0,0,0.0,0,0.0,0.0,0.0,0,0,0,1
w6_persistent_bearing,random,85,19,omni,1723.741622,3636.980918,1913.2392960000002,7,6,3,3,1755.5382818916262,6,387.10765637832526,417.29109669778524,417.29109669778524,1,0,0,1
w6_persistent_bearing,random,85,20,dir,119.0,2181.901802,2062.901802,13,12,5,7,2788.3155828740405,3,620.6631165748081,64.50945329983804,209.61584382028616,7,0,0,1
w6_persistent_bearing,random,86,1,omni,5.0,4610.124656,4605.124656,18,17,5,12,5254.798890266024,11,1146.9597780532047,149.2040076103949,320.28564363796045,4,0,0,1
w6_persistent_bearing,random,86,2,omni,507.068776,1228.550459,721.481683,2,0,0,0,0.0,0,0.0,0.0,0.0,0,0,0,1
w6_persistent_bearing,random,86,3,omni,501.068776,5274.618725,4773.549949,19,18,6,12,1953.7446339636736,13,493.7489267927347,229.13512360473183,500.0,6,0,0,1
w6_persistent_bearing,random,86,4,omni,3378.952686,4231.818123,852.8654369999999,2,0,0,0,0.0,0,0.0,0.0,0.0,0,0,0,1
w6_persistent_bearing,random,86,5,omni,976.583564,1732.128334,755.54477,4,3,3,0,596.5855341708449,3,137.31710683416898,439.4350296235147,500.0,2,0,0,1
w6_persistent_bearing,random,86,6,omni,3977.602302,4776.259786,798.6574839999998,2,0,0,0,0.0,0,0.0,0.0,0.0,0,0,0,1
w6_persistent_bearing,random,86,7,omni,477.068776,879.284394,402.215618,2,0,0,0,0.0,0,0.0,0.0,0.0,0,0,0,1
w6_persistent_bearing,random,86,9,omni,53.0,789.704586,736.704586,2,0,0,0,0.0,0,0.0,0.0,0.0,0,0,0,1
w6_persistent_bearing,random,86,10,omni,59.0,597.140634,538.140634,1,0,0,0,0.0,0,0.0,0.0,0.0,0,0,0,1
w6_persistent_bearing,random,86,11,omni,65.0,3902.102573,3837.102573,18,17,6,11,965.7366272558846,13,291.1473254511769,193.1473254511769,500.0,5,0,0,1
w6_persistent_bearing,random,86,12,omni,952.583564,1690.853533,738.269969,4,3,3,0,154.93990172528152,3,48.9879803450563,425.4555608088077,500.0,2,0,0,1
w6_persistent_bearing,random,86,14,dir,3959.602302,4847.8698,888.2674980000006,1,0,0,0,0.0,0,0.0,0.0,0.0,0,0,0,1
w6_persistent_bearing,random,86,15,omni,89.0,2252.49493,2163.49493,9,8,6,2,766.5659749771858,7,200.31319499543716,371.0097634600559,500.0,3,0,0,1
w6_persistent_bearing,random,86,18,omni,107.0,338.116245,231.116245,1,0,0,0,0.0,0,0.0,0.0,0.0,0,0,0,1
w6_persistent_bearing,random,86,19,omni,2105.385636,3195.915413,1090.5297770000002,7,6,5,1,2093.785358780018,3,451.75707175600365,409.85559668812743,500.0,2,0,0,1
w6_persistent_bearing,random,86,20,omni,119.0,677.535461,558.535461,2,0,0,0,0.0,0,0.0,0.0,0.0,0,0,0,1
w6_persistent_bearing,random,87,2,omni,11.0,1245.792328,1234.792328,3,0,0,0,0.0,0,0.0,0.0,0.0,0,0,0,1
w6_persistent_bearing,random,87,4,omni,421.369069,2629.888566,2208.5194970000002,9,8,5,3,376.2035654274002,7,122.24071308548004,358.3572108596572,479.8238798861944,2,0,0,1
w6_persistent_bearing,random,87,6,omni,35.0,1905.70307,1870.70307,7,5,4,1,907.2298546006975,4,210.4459709201395,453.61492730034877,500.0,2,0,0,1
w6_persistent_bearing,random,87,7,omni,1073.719102,4930.291617,3856.572515,15,13,3,10,1031.9694853341823,13,284.3938970668365,500.0,500.0,1,0,0,1
w6_persistent_bearing,random,87,9,omni,1773.099721,3454.91227,1681.8125489999998,6,5,2,3,0.0,5,30.0,0.0,0.0,0,0,0,1
w6_persistent_bearing,random,87,11,dir,1761.099721,4207.006776,2445.907055,14,13,7,6,870.379207775956,9,248.0758415551912,181.12096951614427,473.10047334892045,5,0,0,1
w6_persistent_bearing,random,87,12,omni,71.0,975.55933,904.55933,7,6,6,0,927.5686001257874,2,217.51372002515748,185.51372002515748,482.1507671266925,5,0,0,1
w6_persistent_bearing,random,87,13,omni,1436.08958,4102.551029,2666.4614490000004,10,9,2,7,0.0,9,54.0,0.0,0.0,0,0,0,1
w6_persistent_bearing,random,87,16,omni,1737.099721,3292.763932,1555.6642109999998,7,5,4,1,471.30411622764757,5,124.26082324552951,471.30411622764757,471.30411622764757,1,0,0,1
w6_persistent_bearing,random,87,17,omni,101.0,503.459208,402.459208,2,0,0,0,0.0,0,0.0,0.0,0.0,0,0,0,1
w6_persistent_bearing,random,87,18,omni,337.369069,2339.160798,2001.7917289999998,6,5,2,3,416.1678113329886,5,113.23356226659772,416.16781133298866,416.16781133298866,1,0,0,1
w6_persistent_bearing,random,88,1,dir,4911.848356,7837.710966,2925.862609999999,25,23,5,18,2208.930078455562,8,564.7860156911124,98.83741547578532,500.0,17,0,0,1
w6_persistent_bearing,random,88,2,dir,1058.173988,8735.679134,7677.5051459999995,22,21,1,20,465.83182217514695,21,219.16636443502938,0.0,0.0,0,0,0,1
w6_persistent_bearing,random,88,3,dir,5866.148019,7648.231967,1782.0839479999995,16,14,4,10,747.8558199766038,5,224.57116399532077,73.05806058533895,302.9897381765821,10,0,0,1
w6_persistent_bearing,random,88,4,dir,23.0,7097.794527,7074.794527,24,23,4,19,1580.0310198090929,22,453.0062039618186,500.0,500.0,3,0,0,1
w6_persistent_bearing,random,88,6,dir,5282.848356,7977.529135,2694.6807789999993,10,8,4,4,1112.3681069916397,6,268.47362139832796,289.89770322144125,500.0,4,0,0,1
w6_persistent_bearing,random,88,7,dir,41.0,520.619919,479.619919,2,0,0,0,0.0,0,0.0,0.0,0.0,0,0,0,1
w6_persistent_bearing,random,88,8,omni,1680.133567,6645.979127,4965.84556,18,17,4,13,418.5627640337863,16,184.71255280675726,446.1310798466351,500.0,2,0,0,1
w6_persistent_bearing,random,88,11,dir,379.044177,8930.874995,8551.830818,29,28,2,26,756.3795295780038,25,316.2759059156008,400.0,500.0,5,0,0,1
w6_persistent_bearing,random,88,13,dir,4108.827948,8568.149069,4459.321120999999,14,13,2,11,124.6694837128823,13,102.93389674257645,124.66948371288234,124.66948371288234,1,0,0,1
w6_persistent_bearing,random,88,14,dir,6789.034184,7442.660803,653.6266189999997,2,0,0,0,0.0,0,0.0,0.0,0.0,0,0,0,1
w6_persistent_bearing,random,88,17,dir,343.044177,8911.457513,8568.413336,44,43,3,40,1343.4217403174005,25,508.6843480634801,161.71875,500.0,20,0,0,1
w6_persistent_bearing,random,88,18,omni,4505.838152,8349.444779,3843.606626999999,10,7,1,6,0.0,7,42.0,0.0,0.0,0,0,0,1
w6_persistent_bearing,random,88,19,omni,113.0,8232.533732,8119.533732,24,23,6,17,204.9285430970316,23,178.98570861940632,500.0,500.0,1,0,0,1
w6_persistent_bearing,random,89,3,dir,4851.177498,6048.26676,1197.0892620000004,6,5,3,2,308.4660212857956,5,91.69320425715912,308.4660212857956,308.4660212857956,1,0,0,1
w6_persistent_bearing,random,89,4,omni,23.0,5019.536251,4996.536251,16,15,6,9,1304.6949039472581,14,349.93898078945165,372.84156689892797,500.0,3,0,0,1
w6_persistent_bearing,random,89,5,omni,29.0,528.298531,499.298531,2,0,0,0,0.0,0,0.0,0.0,0.0,0,0,0,1
w6_persistent_bearing,random,89,6,dir,2302.186659,3319.646012,1017.4593530000002,9,8,2,6,1281.2128901422898,1,297.24257802845796,218.23076700466467,471.08847840688196,7,0,0,1
w6_persistent_bearing,random,89,7,dir,1181.948157,1861.968867,680.02071,3,0,0,0,0.0,0,0.0,0.0,0.0,0,0,0,1
w6_persistent_bearing,random,89,9,omni,2314.186659,3616.230481,1302.043822,2,0,0,0,0.0,0,0.0,0.0,0.0,0,0,0,1
w6_persistent_bearing,random,89,12,omni,71.0,4550.264905,4479.264905,14,12,7,5,1443.121456373492,11,359.6242912746984,476.1402239974021,500.0,2,0,0,1
w6_persistent_bearing,random,89,14,dir,2344.186659,2773.207726,429.02106700000013,1,0,0,0,0.0,0,0.0,0.0,0.0,0,0,0,1
w6_persistent_bearing,random,89,16,dir,6410.650504,6907.372725,496.722221,2,0,0,0,0.0,0,0.0,0.0,0.0,0,0,0,1
w6_persistent_bearing,random,89,20,omni,2380.186659,3940.306954,1560.1202950000002,5,4,4,0,1632.4213323625058,2,348.4842664725012,448.35264264318704,500.0,2,0,0,1
w6_persistent_bearing,random,90,3,dir,331.0,8024.09006,7693.09006,24,23,3,20,63.15578551901199,23,150.6311571038024,500.0,500.0,1,0,0,1
w6_persistent_bearing,random,90,5,dir,2991.717113,5183.69313,2191.9760169999995,7,6,2,4,0.0,6,36.0,0.0,0.0,0,0,0,1
w6_persistent_bearing,random,90,8,omni,1203.275507,1765.270823,561.995316,3,0,0,0,0.0,0,0.0,0.0,0.0,0,0,0,1
w6_persistent_bearing,random,90,10,omni,59.0,1983.367942,1924.367942,10,9,6,3,960.4855997208585,6,243.0971199441717,216.36076831889702,500.0,4,0,0,1
w6_persistent_bearing,random,90,12,omni,71.0,2381.963821,2310.963821,7,5,1,4,0.0,5,30.0,0.0,0.0,0,0,0,1
w6_persistent_bearing,random,90,13,dir,2702.717113,6123.605353,3420.8882399999998,23,22,5,17,2384.999351671271,10,596.9998703342542,94.70459169362785,441.82503997180663,14,0,0,1
w6_persistent_bearing,random,90,14,dir,397.0,8149.355142,7752.355142,30,29,2,27,1651.6896021767614,24,499.33792043535226,354.3899933589723,500.0,7,0,0,1
w6_persistent_bearing,random,90,15,dir,403.0,1059.919149,656.9191490000001,8,6,4,2,644.5957491023747,1,159.91914982047496,115.83558139693997,327.0650678650278,6,0,0,1
w6_persistent_bearing,random,90,16,omni,95.0,2506.244149,2411.244149,13,11,7,4,971.4016409040478,6,255.28032818080956,209.62101291959925,500.0,6,0,0,1
w6_persistent_bearing,random,90,17,dir,2714.717113,5800.162894,3085.445781,24,23,4,19,1301.658153189043,9,384.33163063780864,163.08170763031072,500.0,15,0,0,1
w6_persistent_bearing,random,90,18,omni,421.0,6873.317483,6452.317483,24,23,6,17,859.7218446344459,19,305.9443689268892,171.94436892688918,451.82774535698496,5,0,0,1
w6_persistent_bearing,random,91,6,dir,1344.218049,2362.53419,1018.3161409999998,3,0,0,0,0.0,0,0.0,0.0,0.0,0,0,0,1
w6_persistent_bearing,random,91,8,dir,3053.622524,3749.115394,695.49287,3,0,0,0,0.0,0,0.0,0.0,0.0,0,0,0,1
w6_persistent_bearing,random,91,12,omni,71.0,516.7214,445.7214,2,0,0,0,0.0,0,0.0,0.0,0.0,0,0,0,1
w6_persistent_bearing,random,91,13,dir,993.450148,2862.132261,1868.6821130000003,7,4,3,1,1211.1857050240171,3,265.23714100480345,422.9715431415943,500.0,2,0,0,1
w6_persistent_bearing,random,91,14,dir,83.0,5468.723193,5385.723193,18,17,1,16,0.0,17,102.0,0.0,0.0,0,0,0,1
w6_persistent_bearing,random,91,15,dir,89.0,5849.709204,5760.709204,22,21,7,14,1421.1955269130426,20,409.2391053826085,473.7318423043476,500.0,3,0,0,1
w6_persistent_bearing,random,91,16,dir,975.450148,1260.359689,284.9095409999999,2,0,0,0,0.0,0,0.0,0.0,0.0,0,0,0,1
w6_persistent_bearing,random,91,17,omni,101.0,5595.889212,5494.889212,18,17,2,15,0.0,17,102.0,0.0,0.0,0,0,0,1
w6_persistent_bearing,random,91,19,dir,746.450148,3382.699487,2636.249339,10,9,2,7,754.2379796102698,8,203.84759592205396,389.3924217938967,500.0,2,0,0,1
w6_persistent_bearing,random,91,20,dir,5718.004113,6322.686655,604.6825420000005,3,0,0,0,0.0,0,0.0,0.0,0.0,0,0,0,1
w6_persistent_bearing,random,92,1,dir,5.0,2910.221488,2905.221488,18,17,9,8,3074.1400658104835,8,707.8280131620967,142.31416527022188,500.0,11,0,0,1
w6_persistent_bearing,random,92,2,omni,11.0,2731.113095,2720.113095,8,7,6,1,317.14800497519155,7,105.42960099503831,499.50521200738814,499.50521200738814,1,0,0,1
w6_persistent_bearing,random,92,3,omni,1520.329098,1768.448213,248.11911499999997,1,0,0,0,0.0,0,0.0,0.0,0.0,0,0,0,1
w6_persistent_bearing,random,92,4,omni,23.0,1370.829278,1347.829278,7,6,6,0,1214.4959417466273,3,275.89918834932547,220.73688616855597,500.0,5,0,0,1
w6_persistent_bearing,random,92,6,omni,35.0,1003.968413,968.968413,3,0,0,0,0.0,0,0.0,0.0,0.0,0,0,0,1
w6_persistent_bearing,random,92,8,omni,899.019653,3313.628715,2414.609062,7,4,1,3,0.0,4,24.0,0.0,0.0,0,0,0,1
w6_persistent_bearing,random,92,9,omni,53.0,774.957105,721.957105,1,0,0,0,0.0,0,0.0,0.0,0.0,0,0,0,1
w6_persistent_bearing,random,92,10,omni,59.0,501.611478,442.611478,2,0,0,0,0.0,0,0.0,0.0,0.0,0,0,0,1
w6_persistent_bearing,random,92,15,omni,4571.624389,5013.501747,441.87735800000064,3,0,0,0,0.0,0,0.0,0.0,0.0,0,0,0,1
w6_persistent_bearing,random,92,17,omni,1460.329098,2947.943241,1487.614143,4,0,0,0,0.0,0,0.0,0.0,0.0,0,0,0,1
w6_persistent_bearing,random,92,18,omni,5396.998974,5902.235859,505.23688500000026,3,0,0,0,0.0,0,0.0,0.0,0.0,0,0,0,1
w6_persistent_bearing,random,92,19,omni,113.0,655.393972,542.393972,2,0,0,0,0.0,0,0.0,0.0,0.0,0,0,0,1
w6_persistent_bearing,random,92,20,omni,1448.329098,2128.58285,680.2537519999998,3,0,0,0,0.0,0,0.0,0.0,0.0,0,0,0,1
w6_persistent_bearing,random,93,1,omni,3255.977135,5794.503816,2538.5266810000003,7,6,5,1,812.3592799839589,2,194.4718559967918,161.80627744226814,417.924337089193,5,0,0,1
w6_persistent_bearing,random,93,2,omni,11.0,3341.277417,3330.277417,15,14,6,8,1189.8848290546355,12,319.9769658109271,297.4712072636589,500.0,4,0,0,1
w6_persistent_bearing,random,93,3,dir,3243.977135,5255.897458,2011.9203230000003,23,22,3,19,2139.7062482267447,2,539.941249645349,176.71130952380952,500.0,21,0,0,1
w6_persistent_bearing,random,93,4,dir,23.0,4451.371813,4428.371813,13,12,2,10,0.0,12,72.0,0.0,0.0,0,0,0,1
w6_persistent_bearing,random,93,5,omni,29.0,3671.705307,3642.705307,16,15,6,9,524.0915921344961,13,192.81831842689922,197.26009020497585,500.0,5,0,0,1
w6_persistent_bearing,random,93,6,omni,35.0,3627.754925,3592.754925,16,15,6,9,781.2419411144931,13,244.24838822289863,208.2188393125145,500.0,5,0,0,1
w6_persistent_bearing,random,93,7,omni,41.0,4010.43695,3969.43695,13,10,1,9,0.0,10,60.0,0.0,0.0,0,0,0,1
w6_persistent_bearing,random,93,10,dir,705.278573,7433.12896,6727.850387,31,29,5,24,2334.6240452001084,10,621.9248090400217,110.76794043260409,500.0,20,0,0,1
w6_persistent_bearing,random,93,11,omni,65.0,2752.035078,2687.035078,14,13,7,6,870.8443715064758,9,248.16887430129515,190.8320204013026,493.0424940452193,5,0,0,1
w6_persistent_bearing,random,93,12,omni,71.0,4384.732511,4313.732511,14,12,6,6,500.0,12,172.0,500.0,500.0,1,0,0,1
w6_persistent_bearing,random,93,13,omni,3189.977135,5975.905477,2785.928342,6,5,4,1,757.4790914184914,2,178.49581828369827,195.93230691303293,418.4893470797884,4,0,0,1
w6_persistent_bearing,random,93,14,dir,2896.13872,4716.956209,1820.817489,12,11,5,6,1072.9219808823407,3,272.58439617646815,145.5217884264729,415.18371233739884,9,0,0,1
w6_persistent_bearing,random,93,15,dir,3177.977135,5598.43284,2420.4557050000003,22,21,5,16,1182.6769088654305,2,343.5353817730861,70.77201181751111,458.68921117782224,19,0,1,1
w6_persistent_bearing,random,93,16,omni,415.137121,1041.019016,625.881895,3,0,0,0,0.0,0,0.0,0.0,0.0,0,0,0,1
w6_persistent_bearing,random,93,19,dir,113.0,4083.166945,3970.166945,14,13,5,8,942.8672273937846,12,265.5734454787569,471.43361369689234,500.0,2,0,0,1
w6_persistent_bearing,random,93,20,dir,4211.025562,6860.204152,2649.1785900000004,27,26,5,21,1815.5552609907056,0,493.1110521981411,141.41826923076923,500.0,25,0,1,1
w6_persistent_bearing,random,94,1,omni,769.280148,3422.826246,2653.546098,8,6,2,4,1949.642014326491,6,425.9284028652982,0.0,0.0,0,0,0,1
w6_persistent_bearing,random,94,4,omni,23.0,1332.904783,1309.904783,8,7,6,1,1108.721837061769,3,259.7443674123538,221.74436741235382,500.0,5,0,0,1
w6_persistent_bearing,random,94,5,omni,992.280148,2282.170224,1289.890076,3,1,1,0,769.6801045023176,1,159.93602090046352,462.57252939641705,462.57252939641705,1,0,0,1
w6_persistent_bearing,random,94,6,omni,35.0,1613.703244,1578.703244,5,4,3,1,277.487344486605,4,79.497468897321,277.487344486605,277.487344486605,1,0,0,1
w6_persistent_bearing,random,94,7,omni,41.0,527.115736,486.11573599999997,2,0,0,0,0.0,0,0.0,0.0,0.0,0,0,0,1
w6_persistent_bearing,random,94,8,omni,1732.743764,5625.795955,3893.0521909999998,14,13,3,10,500.0,13,178.0,500.0,500.0,1,0,0,1
w6_persistent_bearing,random,94,9,omni,373.000738,4472.400049,4099.399311,14,13,2,11,423.36541244633423,13,162.67308248926685,423.36541244633423,423.36541244633423,1,0,0,1
w6_persistent_bearing,random,94,10,omni,59.0,2028.089905,1969.089905,5,4,3,1,0.0,4,24.0,0.0,0.0,0,0,0,1
w6_persistent_bearing,random,94,11,omni,1750.743764,5587.926548,3837.1827840000005,14,13,2,11,64.83283900225169,13,90.96656780045033,495.95853779783647,495.95853779783647,1,0,0,1
w6_persistent_bearing,random,94,12,omni,709.280148,3371.810387,2662.5302389999997,8,7,2,5,0.0,7,42.0,0.0,0.0,0,0,0,1
w6_persistent_bearing,random,94,14,omni,1768.743764,5671.420892,3902.6771280000003,14,13,3,10,15.79457294865368,13,81.15891458973074,500.0,500.0,1,0,0,1
w6_persistent_bearing,random,94,16,omni,1780.743764,5354.076316,3573.332552,14,13,2,11,228.9540111436933,13,123.79080222873866,228.95401114369326,228.95401114369326,1,0,0,1
w6_persistent_bearing,random,94,17,dir,101.0,5471.253231,5370.253231,19,18,2,16,481.30545502827204,18,204.2610910056544,500.0,500.0,1,0,0,1
w6_persistent_bearing,random,94,20,omni,119.0,3723.564309,3604.564309,11,7,3,4,1497.441155006818,6,340.4882310013636,0.0,0.0,0,0,0,1
w6_persistent_bearing,random,95,1,dir,4375.354247,5160.376795,785.0225479999999,3,0,0,0,0.0,0,0.0,0.0,0.0,0,0,0,1
w6_persistent_bearing,random,95,2,dir,1107.890294,2169.396874,1061.50658,4,0,0,0,0.0,0,0.0,0.0,0.0,0,0,0,1
w6_persistent_bearing,random,95,3,omni,17.0,6051.092089,6034.092089,19,15,4,11,1565.1455141866545,14,402.0291028373309,500.0,500.0,1,0,0,1
w6_persistent_bearing,random,95,4,dir,343.333161,5932.734459,5589.401298000001,19,18,2,16,968.989766077638,16,299.7979532155276,500.0,500.0,3,0,0,1
w6_persistent_bearing,random,95,5,dir,1502.058153,2560.134572,1058.076419,5,4,3,1,755.2757270016384,4,175.0551454003277,500.0,500.0,2,0,0,1
w6_persistent_bearing,random,95,6,dir,1963.756126,2952.197172,988.4410460000001,3,0,0,0,0.0,0,0.0,0.0,0.0,0,0,0,1
w6_persistent_bearing,random,95,9,omni,53.0,519.48422,466.48422000000005,1,0,0,0,0.0,0,0.0,0.0,0.0,0,0,0,1
w6_persistent_bearing,random,95,10,omni,59.0,1303.018747,1244.018747,9,8,8,0,1148.077564368567,4,273.6155128737134,217.60019988281593,500.0,6,0,0,1
w6_persistent_bearing,random,95,12,omni,391.333161,5812.267359,5420.934198000001,16,15,3,12,0.0,15,90.0,0.0,0.0,0,0,0,1
w6_persistent_bearing,random,95,13,dir,691.864873,6786.640823,6094.775949999999,24,23,4,19,1399.3082633041095,19,413.8616526608219,375.0,500.0,6,0,0,1
w6_persistent_bearing,random,95,15,omni,89.0,910.020889,821.020889,6,5,5,0,611.4021263644332,2,149.28042527288665,152.8505315911083,331.27758655322333,4,0,0,1
w6_persistent_bearing,random,95,16,dir,4592.927352,4940.487939,347.56058699999994,2,0,0,0,0.0,0,0.0,0.0,0.0,0,0,0,1
w6_persistent_bearing,random,95,17,dir,7042.242124,7460.051913,417.8097889999999,1,0,0,0,0.0,0,0.0,0.0,0.0,0,0,0,1
w6_persistent_bearing,random,95,18,dir,661.864873,7293.441824,6631.576951000001,20,17,0,17,3763.433818566701,16,853.6867637133403,0.0,0.0,0,0,0,1
w6_persistent_bearing,random,95,19,dir,113.0,3532.860853,3419.860853,12,11,2,9,320.0458515781454,11,130.0091703156291,320.0458515781454,320.0458515781454,1,0,0,1
w6_persistent_bearing,random,95,20,omni,119.0,3702.835002,3583.835002,11,7,2,5,1294.2048566140222,7,300.8409713228044,0.0,0.0,0,0,0,1
w6_persistent_bearing,random,96,1,omni,5.0,633.696529,628.696529,2,0,0,0,0.0,0,0.0,0.0,0.0,0,0,0,1
w6_persistent_bearing,random,96,3,omni,17.0,1322.658618,1305.658618,8,7,6,1,690.0988069651255,3,176.0197613930251,138.0197613930251,365.3677669698854,5,0,0,1
w6_persistent_bearing,random,96,4,omni,4466.695029,5532.323768,1065.6287389999998,5,2,2,0,0.0,2,12.0,0.0,0.0,0,0,0,1
w6_persistent_bearing,random,96,6,omni,349.0,3555.785003,3206.785003,17,16,7,9,1248.8987095179823,11,340.77974190359646,208.14978491966374,500.0,6,0,0,1
w6_persistent_bearing,random,96,7,omni,41.0,4443.71328,4402.71328,20,19,6,13,984.7709631147687,15,306.95419262295377,196.95419262295374,500.0,5,0,0,1
w6_persistent_bearing,random,96,11,omni,65.0,4654.07321,4589.07321,20,19,5,14,566.8909030857366,16,224.3781806171473,141.72272577143417,304.4093455138611,4,0,0,1
w6_persistent_bearing,random,96,12,omni,1123.638858,1501.583962,377.9451039999999,1,0,0,0,0.0,0,0.0,0.0,0.0,0,0,0,1
w6_persistent_bearing,random,96,13,dir,3252.00526,4038.208358,786.203098,7,4,4,0,513.8179561105513,0,122.76359122211026,136.57263502231083,293.6691744542917,4,0,0,1
w6_persistent_bearing,random,96,14,omni,83.0,1045.987998,962.9879980000001,5,4,4,0,639.7658312857557,2,149.95316625715114,272.128974469599,467.99499723439743,3,0,0,1
w6_persistent_bearing,random,96,18,omni,107.0,877.956207,770.956207,2,0,0,0,0.0,0,0.0,0.0,0.0,0,0,0,1
w6_persistent_bearing,random,96,19,dir,664.736548,3055.198125,2390.461577,11,10,5,5,2640.786397485778,7,585.1572794971555,444.9436142258995,500.0,2,0,0,1
w6_persistent_bearing,random,96,20,omni,119.0,544.11791,425.11791000000005,1,0,0,0,0.0,0,0.0,0.0,0.0,0,0,0,1
w6_persistent_bearing,random,97,1,omni,5.0,1227.942152,1222.942152,3,0,0,0,0.0,0,0.0,0.0,0.0,0,0,0,1
w6_persistent_bearing,random,97,2,dir,968.505084,4702.029136,3733.524052,11,10,2,8,2880.726287550204,9,635.1452575100408,0.0,0.0,0,0,0,1
w6_persistent_bearing,random,97,5,dir,343.0,3085.673235,2742.673235,5,4,1,3,0.0,4,24.0,0.0,0.0,0,0,0,1
w6_persistent_bearing,random,97,6,dir,3560.887,7936.975533,4376.088533,31,30,4,26,2704.632655559016,15,705.9265311118031,220.703125,500.0,16,0,0,1
w6_persistent_bearing,random,97,12,dir,1397.033874,2095.58674,698.5528660000002,3,0,0,0,0.0,0,0.0,0.0,0.0,0,0,0,1
w6_persistent_bearing,random,97,14,omni,83.0,1157.485696,1074.485696,4,3,3,0,499.99999999999994,3,117.99999999999999,500.0,500.0,1,0,0,1
w6_persistent_bearing,random,97,15,dir,1902.303072,7310.049003,5407.745931,45,44,4,40,3078.3739702944385,20,855.6747940588878,140.10817307692307,500.0,24,0,2,1
w6_persistent_bearing,random,97,16,dir,409.0,3044.965083,2635.965083,5,4,1,3,0.0,4,24.0,0.0,0.0,0,0,0,1
w6_persistent_bearing,random,97,17,omni,101.0,2901.089786,2800.089786,7,5,3,2,432.23237885614316,5,116.44647577122863,432.2323788561431,432.2323788561431,1,0,0,1
w6_persistent_bearing,random,97,18,dir,1367.033874,1725.923528,358.88965400000006,6,5,2,3,402.0597426594973,0,105.41194853189947,130.36889662813442,500.0,5,0,0,1
w6_persistent_bearing,random,97,19,dir,1920.303072,2235.955749,315.65267700000027,2,0,0,0,0.0,0,0.0,0.0,0.0,0,0,0,1
w6_persistent_bearing,random,98,2,dir,325.0,2083.250393,1758.2503929999998,6,5,2,3,633.0761231216732,5,156.61522462433464,500.0,500.0,1,0,0,1
w6_persistent_bearing,random,98,5,omni,2882.306732,3939.92862,1057.6218880000001,3,2,2,0,0.0,2,12.0,0.0,0.0,0,0,0,1
w6_persistent_bearing,random,98,8,dir,47.0,5025.905605,4978.905605,19,18,6,12,1138.25653530395,16,333.65130706079,239.27412145298894,500.0,4,0,0,1
w6_persistent_bearing,random,98,9,omni,2308.103001,3829.579399,1521.4763980000002,4,2,2,0,0.0,2,12.0,0.0,0.0,0,0,0,1
w6_persistent_bearing,random,98,11,omni,379.0,1544.619437,1165.619437,3,2,1,1,0.0,2,12.0,0.0,0.0,0,0,0,1
w6_persistent_bearing,random,98,12,omni,2918.306732,3873.947427,955.640695,3,2,2,0,0.0,2,12.0,0.0,0.0,0,0,0,1
w6_persistent_bearing,random,98,14,omni,397.0,1492.389585,1095.389585,3,0,0,0,0.0,0,0.0,0.0,0.0,0,0,0,1
w6_persistent_bearing,random,98,15,omni,89.0,554.321263,465.32126300000004,2,0,0,0,0.0,0,0.0,0.0,0.0,0,0,0,1
w6_persistent_bearing,random,98,16,dir,95.0,3053.751382,2958.751382,19,18,3,15,1754.1021783526805,8,448.8204356705361,306.8181818181818,500.0,11,0,0,1
w6_persistent_bearing,random,98,18,omni,107.0,1373.24116,1266.24116,5,0,0,0,0.0,0,0.0,0.0,0.0,0,0,0,1
w6_persistent_bearing,random,98,19,omni,113.0,5324.267875,5211.267875,17,16,3,13,523.9587346368621,16,200.79174692737243,480.4186514985274,480.4186514985274,1,0,0,1
w6_persistent_bearing,random,98,20,dir,2948.306732,4695.991218,1747.684486,9,8,2,6,1580.252482283604,4,360.0504964567208,420.5905137618341,420.59051376183413,3,0,0,1
w6_persistent_bearing,random,99,2,dir,11.0,1236.345302,1225.345302,4,2,2,0,560.3191603204268,1,123.06383206408536,421.15460769161916,500.0,2,0,0,1
w6_persistent_bearing,random,99,3,dir,331.0,3895.428335,3564.428335,33,32,17,15,2169.413322773451,9,602.8826645546902,152.5,500.0,25,0,0,1
w6_persistent_bearing,random,99,5,omni,1508.725071,2822.732098,1314.0070269999999,3,0,0,0,0.0,0,0.0,0.0,0.0,0,0,0,1
w6_persistent_bearing,random,99,6,omni,35.0,1321.137627,1286.137627,3,0,0,0,0.0,0,0.0,0.0,0.0,0,0,0,1
w6_persistent_bearing,random,99,7,dir,4617.379786,5130.107037,512.7272509999993,13,11,5,6,683.2042940732005,0,191.6408588146401,69.68796194169987,340.8426751589708,11,0,0,1
w6_persistent_bearing,random,99,8,dir,704.0,4922.54841,4218.54841,27,26,6,20,2247.7192511046856,12,591.5438502209371,102.49769903496718,500.0,17,0,0,1
w6_persistent_bearing,random,99,9,dir,1526.725071,2926.585415,1399.860344,4,3,3,0,197.1661572350804,3,57.43323144701608,197.16615723508048,197.16615723508048,1,0,0,1
w6_persistent_bearing,random,99,10,dir,6198.275314,6873.493459,675.2181449999998,4,1,1,0,283.45765241187183,0,61.69153048237437,500.0,500.0,1,0,0,1
w6_persistent_bearing,random,99,13,dir,4242.198009,8140.018087,3897.8200780000006,22,19,5,14,1225.7298371105119,10,350.1459674221024,96.91799121690818,458.9877489534829,10,0,0,1
w6_persistent_bearing,random,99,14,dir,1556.725071,2680.812278,1124.0872069999998,16,15,5,10,1076.1455109656054,3,293.2291021931211,84.07850053810657,445.3450691617378,13,0,0,1
w6_persistent_bearing,random,99,17,dir,7628.316267,8309.890469,681.5742019999998,6,5,5,0,694.3619129431866,1,164.87238258863732,165.66586782601058,428.53458108618906,5,0,0,1
w6_persistent_bearing,random,99,19,dir,1586.725071,7449.728257,5863.003186,20,19,4,15,3675.445850700262,17,847.0891701400524,308.51305719238763,500.0,3,0,0,1
w6_persistent_bearing,random,99,20,omni,632.0,5842.722513,5210.722513,14,13,3,10,2488.5175529044554,12,574.7035105808911,419.0137506359765,419.0137506359765,1,0,0,1
w6_persistent_bearing,min_reff,10000,1,dir,5349.963495,6850.033757,1500.0702620000002,12,11,3,8,2220.2235756457767,4,503.04471512915535,254.52250454375394,416.0343208965672,6,0,0,1
w6_persistent_bearing,min_reff,10000,2,dir,11.0,5619.571521,5608.571521,19,18,2,16,412.49402166090874,18,190.49880433218175,412.4940216609087,412.4940216609087,1,0,0,1
w6_persistent_bearing,min_reff,10000,3,dir,977.272819,3517.074724,2539.8019050000003,7,5,1,4,0.0,5,30.0,0.0,0.0,0,0,0,1
w6_persistent_bearing,min_reff,10000,4,omni,3837.009154,4673.153453,836.144299,4,3,2,1,454.0396487956424,3,108.80792975912848,454.0396487956424,454.0396487956424,1,0,0,1
w6_persistent_bearing,min_reff,10000,5,dir,29.0,3229.75691,3200.75691,10,9,1,8,0.0,9,54.0,0.0,0.0,0,0,0,1
w6_persistent_bearing,min_reff,10000,6,omni,349.0,3966.019792,3617.019792,11,10,2,8,644.2808875801518,10,188.85617751603036,500.0,500.0,1,0,0,1
w6_persistent_bearing,min_reff,10000,7,omni,1945.044515,2525.426145,580.3816299999999,2,0,0,0,0.0,0,0.0,0.0,0.0,0,0,0,1
w6_persistent_bearing,min_reff,10000,9,dir,2366.054719,2791.282666,425.22794699999986,3,1,1,0,67.2555162707161,0,18.45110325414322,91.1628263963673,91.1628263963673,1,0,0,1
w6_persistent_bearing,min_reff,10000,10,dir,2673.422654,3274.597174,601.17452,2,0,0,0,0.0,0,0.0,0.0,0.0,0,0,0,1
w6_persistent_bearing,min_reff,10000,13,dir,5679.514409,6427.595235,748.0808259999994,5,4,3,1,584.9119051223169,3,139.98238102446336,292.45595256115837,391.8761478414048,2,0,0,1
w6_persistent_bearing,min_reff,10000,14,dir,397.0,3399.359392,3002.359392,10,9,1,8,553.7011768849668,9,164.74023537699335,500.0,500.0,1,0,0,1
w6_persistent_bearing,min_reff,10000,16,omni,409.0,1318.931435,909.931435,4,0,0,0,0.0,0,0.0,0.0,0.0,0,0,0,1
w6_persistent_bearing,min_reff,10000,17,omni,101.0,5536.462838,5435.462838,18,17,1,16,0.0,17,102.0,0.0,0.0,0,0,0,1
w6_persistent_bearing,min_reff,10000,19,dir,427.0,1092.815466,665.815466,2,0,0,0,0.0,0,0.0,0.0,0.0,0,0,0,1
w6_persistent_bearing,min_reff,10001,1,dir,4382.907121,6861.412391,2478.5052699999997,9,8,2,6,2847.8034379444935,8,617.5606875888986,0.0,0.0,0,0,0,1
w6_persistent_bearing,min_reff,10001,2,omni,3128.895317,3857.948471,729.0531540000002,3,2,2,0,0.0,2,12.0,0.0,0.0,0,0,0,1
w6_persistent_bearing,min_reff,10001,3,omni,17.0,282.865527,265.865527,1,0,0,0,0.0,0,0.0,0.0,0.0,0,0,0,1
w6_persistent_bearing,min_reff,10001,4,omni,430.935128,1017.764998,586.82987,2,0,0,0,0.0,0,0.0,0.0,0.0,0,0,0,1
w6_persistent_bearing,min_reff,10001,5,omni,424.935128,1386.515577,961.5804489999998,4,3,2,1,375.1371437744129,3,93.02742875488258,375.137143774413,375.137143774413,1,0,0,1
w6_persistent_bearing,min_reff,10001,8,dir,5077.695875,5478.526177,400.8303019999994,4,2,2,0,512.8920059175349,0,112.57840118350698,267.432657381088,356.51004993013686,2,0,0,1
w6_persistent_bearing,min_reff,10001,9,dir,53.0,2940.15017,2887.15017,12,11,2,9,674.7753935977007,10,199.95507871954015,266.11125688123013,500.0,2,0,0,1
w6_persistent_bearing,min_reff,10001,14,dir,4430.907121,4825.129411,394.2222899999997,1,0,0,0,0.0,0,0.0,0.0,0.0,0,0,0,1
w6_persistent_bearing,min_reff,10001,16,dir,5829.081622,6059.162165,230.08054300000003,2,0,0,0,0.0,0,0.0,0.0,0.0,0,0,0,1
w6_persistent_bearing,min_reff,10001,17,dir,3062.895317,4228.435687,1165.5403700000002,6,5,3,2,1444.9030075299381,3,316.98060150598764,340.37390642941637,500.0,3,0,0,1
w6_persistent_bearing,min_reff,10001,18,dir,1952.486434,2602.331213,649.844779,3,2,2,0,500.0,2,112.0,500.0,500.0,1,0,0,1
w6_persistent_bearing,min_reff,10001,20,dir,3050.895317,4500.250991,1449.355674,5,4,3,1,1382.0208992244493,4,300.4041798448899,399.71730006370944,399.71730006370944,1,0,0,1
w6_persistent_bearing,min_reff,10002,1,dir,5555.00661,7156.01608,1601.00947,5,3,1,2,1834.9412087504172,2,383.98824175008343,500.0,500.0,1,0,0,1
w6_persistent_bearing,min_reff,10002,2,dir,11.0,690.24767,679.24767,1,0,0,0,0.0,0,0.0,0.0,0.0,0,0,0,1
w6_persistent_bearing,min_reff,10002,3,dir,1850.842256,2553.103529,702.2612730000001,3,1,1,0,473.08669312095134,1,100.61733862419027,500.0,500.0,1,0,0,1
w6_persistent_bearing,min_reff,10002,4,dir,2378.387876,3952.593207,1574.2053310000001,13,12,2,10,2184.64936451106,3,499.92987290221197,255.6818181818182,500.0,11,0,0,1
w6_persistent_bearing,min_reff,10002,5,dir,29.0,6095.624897,6066.624897,20,19,2,17,516.4948261045356,19,217.29896522090712,500.0,500.0,1,0,0,1
w6_persistent_bearing,min_reff,10002,6,dir,813.434063,2219.368969,1405.934906,6,5,3,2,323.601750210074,5,94.7203500420148,323.60175021007404,323.60175021007404,1,0,0,1
w6_persistent_bearing,min_reff,10002,8,dir,2360.387876,2789.841146,429.45327000000043,1,0,0,0,0.0,0,0.0,0.0,0.0,0,0,0,1
w6_persistent_bearing,min_reff,10002,9,omni,391.369069,999.876908,608.5078389999999,1,0,0,0,0.0,0,0.0,0.0,0.0,0,0,0,1
w6_persistent_bearing,min_reff,10002,11,dir,5531.00661,5974.609188,443.602578,2,0,0,0,0.0,0,0.0,0.0,0.0,0,0,0,1
w6_persistent_bearing,min_reff,10002,12,dir,2342.387876,3384.471014,1042.0831380000004,4,3,3,0,810.7205522938156,1,178.14411045876312,190.95045777764338,500.0,3,0,0,1
w6_persistent_bearing,min_reff,10002,13,dir,5525.00661,5905.841874,380.83526399999937,2,0,0,0,0.0,0,0.0,0.0,0.0,0,0,0,1
w6_persistent_bearing,min_reff,10002,17,omni,3677.27149,4702.374746,1025.1032560000003,4,2,2,0,559.58292490349,2,123.916584980698,481.48273242657467,481.48273242657467,1,0,0,1
w6_persistent_bearing,min_reff,10002,19,dir,6613.670678,6906.763054,293.0923759999996,2,0,0,0,0.0,0,0.0,0.0,0.0,0,0,0,1
w6_persistent_bearing,min_reff,10003,1,omni,1294.373126,2434.592154,1140.219028,3,0,0,0,0.0,0,0.0,0.0,0.0,0,0,0,1
w6_persistent_bearing,min_reff,10003,2,dir,426.0,4379.412786,3953.412786,13,12,2,10,1937.5185891786346,11,458.5037178357269,238.1801052499244,238.1801052499244,1,0,0,1
w6_persistent_bearing,min_reff,10003,3,dir,17.0,993.018521,976.018521,3,2,2,0,142.40452103196745,2,40.48090420639349,309.9081532709887,309.9081532709887,1,0,0,1
w6_persistent_bearing,min_reff,10003,5,omni,29.0,1762.239941,1733.239941,4,3,1,2,827.4888877749173,3,183.49777755498346,500.0,500.0,1,0,0,1
w6_persistent_bearing,min_reff,10003,6,dir,5478.457595,5780.696124,302.2385290000002,2,0,0,0,0.0,0,0.0,0.0,0.0,0,0,0,1
w6_persistent_bearing,min_reff,10003,7,dir,4836.280425,5296.074917,459.794492,2,0,0,0,0.0,0,0.0,0.0,0.0,0,0,0,1
w6_persistent_bearing,min_reff,10003,8,dir,47.0,1103.966649,1056.966649,5,4,3,1,343.81430213515625,2,90.76286042703126,275.90758487658496,500.0,3,0,0,1
w6_persistent_bearing,min_reff,10003,9,dir,748.959253,3827.645182,3078.685929,9,8,2,6,449.95568538539356,8,137.99113707707872,449.9556853853936,449.9556853853936,1,0,0,1
w6_persistent_bearing,min_reff,10003,13,dir,1234.373126,3334.57623,2100.203104,10,9,2,7,806.0731911814242,7,213.21463823628486,437.5,500.0,4,0,0,1
w6_persistent_bearing,min_reff,10003,14,dir,1228.373126,2012.300527,783.9274010000001,1,0,0,0,0.0,0,0.0,0.0,0.0,0,0,0,1
w6_persistent_bearing,min_reff,10003,15,omni,1950.383212,6322.14762,4371.764408,16,15,3,12,2602.257484567446,13,608.4514969134892,324.8044176931226,500.0,3,0,0,1
w6_persistent_bearing,min_reff,10003,16,dir,1216.373126,2783.858192,1567.4850660000002,5,4,1,3,568.6172318041167,4,137.72344636082335,422.4559161293422,422.4559161293422,1,0,0,1
w6_persistent_bearing,min_reff,10003,17,dir,4505.270221,5144.173309,638.903088,6,4,4,0,1198.8780890458754,1,260.77561780917506,176.952288751633,500.0,4,0,0,1
w6_persistent_bearing,min_reff,10003,18,dir,107.0,1582.956506,1475.956506,13,12,4,8,1994.352392024191,4,462.8704784048382,268.922920200416,500.0,10,0,0,1
w6_persistent_bearing,min_reff,10003,19,omni,113.0,872.82839,759.82839,2,0,0,0,0.0,0,0.0,0.0,0.0,0,0,0,1
w6_persistent_bearing,min_reff,10003,20,dir,119.0,558.13037,439.13036999999997,3,2,2,0,539.5449083663633,1,118.90898167327266,261.10011556813504,500.0,2,0,0,1
w6_persistent_bearing,min_reff,10004,1,omni,5.0,1462.558885,1457.558885,3,2,1,1,970.0,1,205.0,0.0,0.0,0,0,0,1
w6_persistent_bearing,min_reff,10004,2,dir,6508.272062,6966.483493,458.2114309999997,2,0,0,0,0.0,0,0.0,0.0,0.0,0,0,0,1
w6_persistent_bearing,min_reff,10004,3,dir,1411.912649,7592.886437,6180.973788,18,17,1,16,0.0,17,102.0,0.0,0.0,0,0,0,1
w6_persistent_bearing,min_reff,10004,5,dir,3902.575724,4236.178964,333.6032399999999,4,3,3,0,431.8685889597123,0,101.37371779194247,191.4759289018899,500.0,3,0,0,1
w6_persistent_bearing,min_reff,10004,6,dir,35.0,1129.921162,1094.921162,7,6,2,4,1152.0465432792064,2,262.4093086558413,358.59272912709423,500.0,5,0,0,1
w6_persistent_bearing,min_reff,10004,8,dir,47.0,4056.373698,4009.373698,12,11,1,10,0.0,11,66.0,0.0,0.0,0,0,0,1
w6_persistent_bearing,min_reff,10004,9,dir,53.0,868.511853,815.511853,3,2,2,0,290.76969243175665,2,70.15393848635134,290.7696924317567,290.7696924317567,1,0,0,1
w6_persistent_bearing,min_reff,10004,10,dir,1699.629992,2280.628205,580.9982130000001,8,7,3,4,876.8153042554607,2,212.36306085109214,309.2224778232032,500.0,6,0,0,1
w6_persistent_bearing,min_reff,10004,12,dir,2017.806136,3200.35048,1182.5443440000001,6,5,3,2,1245.7162784611505,3,277.1432556922301,276.86582173386654,500.0,3,0,0,1
w6_persistent_bearing,min_reff,10004,13,dir,8002.994886,8400.405895,397.41100899999947,7,6,3,3,863.4561769497074,0,202.69123538994148,307.2941098968766,500.0,6,0,0,1
w6_persistent_bearing,min_reff,10004,14,dir,1357.912649,7201.845843,5843.933194,23,22,3,19,985.9418511556352,17,324.188370231127,334.87896509613665,500.0,6,0,0,1
w6_persistent_bearing,min_reff,10004,16,omni,95.0,1554.115545,1459.115545,3,2,1,1,0.0,2,12.0,0.0,0.0,0,0,0,1
w6_persistent_bearing,min_reff,10004,17,dir,4648.634476,5904.633043,1255.9985669999996,9,8,1,7,2667.1973669004706,3,576.4394733800941,339.2857142857143,500.0,7,0,0,1
w6_persistent_bearing,min_reff,10004,19,dir,113.0,1805.521566,1692.521566,5,4,2,2,327.2699422736906,4,89.45398845473812,483.15821835912834,483.15821835912834,1,0,0,1
w6_persistent_bearing,min_reff,10005,1,dir,3181.177623,3580.369323,399.19169999999986,4,3,3,0,327.9026241059603,0,80.58052482119206,187.6763250657729,500.0,3,0,0,1
w6_persistent_bearing,min_reff,10005,2,omni,325.0,3761.361583,3436.361583,11,10,3,7,740.2907375508455,8,206.0581475101691,213.2910370772058,437.5311030576241,3,0,0,1
w6_persistent_bearing,min_reff,10005,3,omni,1420.325967,5038.143601,3617.817634,8,7,3,4,660.3098566760491,5,172.06197133520982,257.3231753687507,441.0079703519384,3,0,0,1
w6_persistent_bearing,min_reff,10005,4,dir,337.0,4018.767124,3681.767124,8,6,0,6,0.0,6,36.0,0.0,0.0,0,0,0,1
w6_persistent_bearing,min_reff,10005,6,omni,35.0,857.753624,822.753624,2,0,0,0,0.0,0,0.0,0.0,0.0,0,0,0,1
w6_persistent_bearing,min_reff,10005,7,dir,710.0,5687.772042,4977.772042,8,7,1,6,1200.2340217139322,7,282.04680434278646,500.0,500.0,1,0,0,1
w6_persistent_bearing,min_reff,10005,8,dir,1053.325967,5434.643885,4381.317918000001,10,9,4,5,1833.3945480728355,6,417.6789096145671,183.85111136703455,466.07686241683615,4,0,0,1
w6_persistent_bearing,min_reff,10005,9,dir,367.0,3930.968202,3563.968202,13,12,2,10,674.2154048324642,8,202.84308096649283,357.63940923066923,500.0,5,0,0,1
w6_persistent_bearing,min_reff,10005,10,omni,373.0,3421.491275,3048.491275,12,11,5,6,698.1206375930684,8,202.62412751861368,174.53015939826707,453.65767549761625,4,0,0,1
w6_persistent_bearing,min_reff,10005,12,dir,1372.325967,4867.212199,3494.886232,6,4,1,3,1199.3387342065182,4,263.86774684130364,441.7366023466134,441.7366023466134,1,0,0,1
w6_persistent_bearing,min_reff,10005,14,dir,1703.325967,2730.649144,1027.323177,5,3,3,0,151.47468625884397,2,47.29493725176879,180.0066724608241,180.0066724608241,1,0,0,1
w6_persistent_bearing,min_reff,10005,15,dir,2273.41403,4525.166167,2251.7521370000004,6,5,1,4,1693.406159961979,2,365.6812319923958,437.5,500.0,4,0,0,1
w6_persistent_bearing,min_reff,10005,16,omni,1348.325967,4885.08163,3536.755663,6,4,1,3,36.630875583140096,4,31.32617511662802,476.7842822812823,476.7842822812823,1,0,0,1
w6_persistent_bearing,min_reff,10005,17,dir,1721.325967,2606.260004,884.9340370000002,9,8,4,4,1054.069150870758,2,252.8138301741516,273.6399328669788,500.0,7,0,0,1
w6_persistent_bearing,min_reff,10005,18,omni,107.0,4156.640886,4049.640886,9,7,1,6,0.0,7,42.0,0.0,0.0,0,0,0,1
w6_persistent_bearing,min_reff,10005,19,dir,427.0,3457.539545,3030.539545,9,8,1,7,120.31838973049044,8,72.0636779460981,473.3340193320843,473.3340193320843,1,0,0,1
w6_persistent_bearing,min_reff,10006,1,omni,1415.508225,2844.165878,1428.6576529999998,4,3,2,1,574.7788776887184,2,131.95577553774368,0.0,0.0,0,0,0,1
w6_persistent_bearing,min_reff,10006,2,dir,11.0,992.098564,981.098564,3,1,1,0,561.1789251146306,1,118.23578502292612,457.66838959819336,457.66838959819336,1,0,0,1
w6_persistent_bearing,min_reff,10006,3,dir,1421.508225,3265.558708,1844.050483,8,7,1,6,1151.7403489117526,4,269.34806978235054,500.0,500.0,3,0,0,1
w6_persistent_bearing,min_reff,10006,5,dir,2992.248559,3583.341814,591.0932549999998,10,9,3,6,1319.6143333595405,0,308.9228666719081,295.95318375832596,500.0,9,0,0,1
w6_persistent_bearing,min_reff,10006,6,dir,7232.840441,7681.796366,448.9559249999993,2,0,0,0,0.0,0,0.0,0.0,0.0,0,0,0,1
w6_persistent_bearing,min_reff,10006,7,dir,41.0,1719.453179,1678.453179,7,6,4,2,851.6234929936068,3,203.32469859872134,176.38035693999504,500.0,4,0,0,1
w6_persistent_bearing,min_reff,10006,16,omni,1823.073292,2353.127896,530.0546039999999,2,0,0,0,0.0,0,0.0,0.0,0.0,0,0,0,1
w6_persistent_bearing,min_reff,10006,17,dir,4544.90581,4811.885236,266.9794259999999,3,2,2,0,371.48031612446783,0,84.29606322489357,262.68670991181693,500.0,2,0,0,1
w6_persistent_bearing,min_reff,10006,18,dir,107.0,1183.965274,1076.965274,10,9,2,7,1096.323686588675,2,266.264737317735,328.125,500.0,8,0,0,1
w6_persistent_bearing,min_reff,10006,19,dir,5481.282201,7918.152251,2436.8700500000004,9,7,1,6,969.9999999999999,6,234.99999999999997,0.0,0.0,0,0,0,1
w6_persistent_bearing,min_reff,10006,20,omni,1805.073292,7058.988246,5253.914954,18,16,2,14,5552.9220158989565,14,1204.5844031797913,0.0,0.0,0,0,0,1
w6_persistent_bearing,min_reff,10007,3,omni,769.822613,4208.265273,3438.4426599999997,10,9,2,7,0.0,9,54.0,0.0,0.0,0,0,0,1
w6_persistent_bearing,min_reff,10007,4,omni,998.822613,1511.959677,513.137064,1,0,0,0,0.0,0,0.0,0.0,0.0,0,0,0,1
w6_persistent_bearing,min_reff,10007,5,dir,29.0,592.987032,563.987032,1,0,0,0,0.0,0,0.0,0.0,0.0,0,0,0,1
w6_persistent_bearing,min_reff,10007,6,dir,5358.283349,6179.632489,821.3491399999994,7,5,2,3,1454.6181595522783,1,316.92363191045564,450.0,500.0,5,0,0,1
w6_persistent_bearing,min_reff,10007,7,omni,1010.822613,3467.07785,2456.2552370000003,6,5,2,3,0.0,5,30.0,0.0,0.0,0,0,0,1
w6_persistent_bearing,min_reff,10007,8,dir,745.822613,4660.347129,3914.5245159999995,16,15,5,10,1419.0346149725713,11,369.80692299451425,186.9911884543245,500.0,5,0,0,1
w6_persistent_bearing,min_reff,10007,9,dir,739.822613,1191.971694,452.149081,1,0,0,0,0.0,0,0.0,0.0,0.0,0,0,0,1
w6_persistent_bearing,min_reff,10007,10,dir,1423.012894,2411.669228,988.6563340000002,8,7,3,4,1285.318177342459,2,294.0636354684918,286.72021603220225,500.0,6,0,0,1
w6_persistent_bearing,min_reff,10007,11,omni,727.822613,4175.77521,3447.9525969999995,10,9,2,7,0.0,9,54.0,0.0,0.0,0,0,0,1
w6_persistent_bearing,min_reff,10007,16,omni,5328.283349,5825.462885,497.17953599999964,3,0,0,0,0.0,0,0.0,0.0,0.0,0,0,0,1
w6_persistent_bearing,min_reff,10007,18,dir,1375.012894,3236.221949,1861.2090550000003,14,13,2,11,1964.3822590632851,7,464.876451812657,301.0291671605423,500.0,8,0,0,1
w6_persistent_bearing,min_reff,10007,19,omni,679.822613,3833.720068,3153.8974550000003,8,6,1,5,0.0,6,36.0,0.0,0.0,0,0,0,1
w6_persistent_bearing,min_reff,10008,2,dir,3083.781874,3612.980915,529.1990410000003,2,0,0,0,0.0,0,0.0,0.0,0.0,0,0,0,1
w6_persistent_bearing,min_reff,10008,3,omni,833.828883,1813.40177,979.5728869999999,3,2,1,1,0.0,2,12.0,0.0,0.0,0,0,0,1
w6_persistent_bearing,min_reff,10008,9,omni,869.828883,1883.780586,1013.9517030000001,3,2,1,1,0.0,2,12.0,0.0,0.0,0,0,0,1
w6_persistent_bearing,min_reff,10008,10,dir,59.0,628.981323,569.981323,4,3,3,0,784.4192388228054,1,172.88384776456107,271.35681853820194,500.0,3,0,0,1
w6_persistent_bearing,min_reff,10008,11,dir,2045.652027,2301.215185,255.56315799999993,2,0,0,0,0.0,0,0.0,0.0,0.0,0,0,0,1
w6_persistent_bearing,min_reff,10008,12,dir,4981.918081,6323.305459,1341.3873780000004,7,5,5,0,1898.191181392405,1,405.63823627848103,158.75513504893792,409.91660467108227,5,0,0,1
w6_persistent_bearing,min_reff,10008,15,omni,348.0,1114.351902,766.3519020000001,2,0,0,0,0.0,0,0.0,0.0,0.0,0,0,0,1
w6_persistent_bearing,min_reff,10008,16,omni,4015.897673,5514.527717,1498.630044,5,4,2,2,0.0,4,24.0,0.0,0.0,0,0,0,1
w6_persistent_bearing,min_reff,10008,18,dir,4951.918081,5600.287822,648.3697410000004,2,0,0,0,0.0,0,0.0,0.0,0.0,0,0,0,1
w6_persistent_bearing,min_reff,10008,19,dir,4665.907877,5307.401845,641.4939680000007,2,0,0,0,0.0,0,0.0,0.0,0.0,0,0,0,1
w6_persistent_bearing,min_reff,10008,20,dir,318.0,5910.111318,5592.111318,19,17,1,16,5942.9354856089685,15,1288.5870971217937,0.0,0.0,0,0,0,1
w6_persistent_bearing,min_reff,10009,1,dir,5.0,5048.534652,5043.534652,15,14,2,12,5241.660111644386,12,1130.3320223288772,414.9857283944946,414.9857283944946,1,0,0,1
w6_persistent_bearing,min_reff,10009,4,dir,23.0,2236.745456,2213.745456,6,5,1,4,0.0,5,30.0,0.0,0.0,0,0,0,1
w6_persistent_bearing,min_reff,10009,5,omni,408.0,1085.383309,677.383309,2,0,0,0,0.0,0,0.0,0.0,0.0,0,0,0,1
w6_persistent_bearing,min_reff,10009,7,dir,1264.832488,1626.967969,362.135481,2,0,0,0,0.0,0,0.0,0.0,0.0,0,0,0,1
w6_persistent_bearing,min_reff,10009,8,dir,3286.911576,3629.006069,342.09449300000006,3,2,2,0,536.9602874381093,0,117.39205748762186,262.108878735707,500.0,2,0,0,1
w6_persistent_bearing,min_reff,10009,10,omni,1834.702049,2365.310779,530.6087299999999,1,0,0,0,0.0,0,0.0,0.0,0.0,0,0,0,1
w6_persistent_bearing,min_reff,10009,12,omni,71.0,5112.387387,5041.387387,15,14,2,12,156.6018509977655,14,115.3203701995531,488.33778763325165,488.33778763325165,1,0,0,1
w6_persistent_bearing,min_reff,10009,14,omni,5238.898634,6012.482934,773.5842999999995,4,0,0,0,0.0,0,0.0,0.0,0.0,0,0,0,1
w6_persistent_bearing,min_reff,10009,16,dir,5226.898634,5431.108584,204.20994999999948,1,0,0,0,0.0,0,0.0,0.0,0.0,0,0,0,1
w6_persistent_bearing,min_reff,10009,17,dir,336.0,1054.292503,718.2925029999999,8,7,4,3,1325.687162157051,1,301.1374324314102,272.4400911945055,500.0,7,0,0,1
w6_persistent_bearing,min_reff,10009,18,dir,2113.542441,4063.226637,1949.6841960000002,9,8,2,6,840.2554183700245,6,214.0510836740049,382.4381409388916,437.07216107301895,4,0,0,1
w6_persistent_bearing,min_reff,10009,20,dir,119.0,1967.515715,1848.515715,6,5,2,3,1799.5966061961435,4,388.9193212392287,182.35071305216826,182.35071305216826,1,0,0,1
w6_persistent_bearing,min_reff,10010,1,dir,1107.758395,4765.33747,3657.5790750000006,15,14,3,11,3832.611833550617,10,846.5223667101234,258.27169740679926,489.84069696412126,3,0,0,1
w6_persistent_bearing,min_reff,10010,4,dir,1089.758395,4652.438212,3562.679817,12,10,0,10,0.0,10,60.0,0.0,0.0,0,0,0,1
w6_persistent_bearing,min_reff,10010,7,omni,41.0,902.944604,861.944604,2,1,1,0,0.0,1,6.0,0.0,0.0,0,0,0,1
w6_persistent_bearing,min_reff,10010,8,omni,47.0,1220.231941,1173.231941,3,2,1,1,0.0,2,12.0,0.0,0.0,0,0,0,1
w6_persistent_bearing,min_reff,10010,9,omni,53.0,556.764563,503.76456299999995,2,0,0,0,0.0,0,0.0,0.0,0.0,0,0,0,1
w6_persistent_bearing,min_reff,10010,10,dir,2344.774527,3015.736017,670.9614900000001,2,0,0,0,0.0,0,0.0,0.0,0.0,0,0,0,1
w6_persistent_bearing,min_reff,10010,11,dir,65.0,1804.855804,1739.855804,6,5,2,3,454.83425712745674,5,120.96685142549134,454.83425712745674,454.83425712745674,1,0,0,1
w6_persistent_bearing,min_reff,10010,12,dir,1386.64141,4607.369727,3220.728317,14,13,3,10,1378.1041417089214,11,351.62082834178426,231.7663455498098,500.0,3,0,0,1
w6_persistent_bearing,min_reff,10010,13,dir,77.0,612.78606,535.78606,1,0,0,0,0.0,0,0.0,0.0,0.0,0,0,0,1
w6_persistent_bearing,min_reff,10010,15,dir,6018.837134,6722.528942,703.6918079999996,5,3,3,0,861.3684412822012,1,188.27368825644024,240.7352868810144,500.0,3,0,0,1
w6_persistent_bearing,min_reff,10010,16,dir,342.0,6840.268841,6498.268841,26,25,4,21,447.13695110723705,22,236.4273902214474,153.24584308701532,451.06556762401146,4,0,0,1
w6_persistent_bearing,min_reff,10010,18,dir,2088.57873,2694.578988,606.000258,7,6,4,2,857.335671342279,3,204.46713426845582,153.69213902881634,455.9985552027004,4,0,0,1
w6_persistent_bearing,min_reff,10010,19,dir,801.731488,7344.484638,6542.75315,35,34,4,30,7545.2693213927105,21,1700.053864278542,258.9175724136354,500.0,13,0,0,1
w6_persistent_bearing,min_reff,10010,20,omni,119.0,1878.0491,1759.0491,5,4,1,3,1084.1791775654342,3,239.83583551308683,0.0,0.0,0,0,0,1
w6_persistent_bearing,min_reff,10011,1,dir,5.0,5117.272641,5112.272641,17,16,2,14,4806.649640469618,14,1055.3299280939236,313.5130381059598,313.5130381059598,1,0,0,1
w6_persistent_bearing,min_reff,10011,3,dir,734.0,1039.07408,305.0740800000001,3,1,1,0,155.17468646039666,0,36.034937292079334,180.07700416422688,180.07700416422688,1,0,0,1
w6_persistent_bearing,min_reff,10011,6,dir,2447.738154,2771.295064,323.5569099999998,2,0,0,0,0.0,0,0.0,0.0,0.0,0,0,0,1
w6_persistent_bearing,min_reff,10011,7,omni,41.0,3123.439595,3082.439595,11,10,4,6,432.810936453562,10,146.56218729071242,432.810936453562,432.810936453562,1,0,0,1
w6_persistent_bearing,min_reff,10011,9,omni,367.0,4018.320675,3651.320675,11,10,1,9,0.0,10,60.0,0.0,0.0,0,0,0,1
w6_persistent_bearing,min_reff,10011,10,dir,692.0,3505.500723,2813.500723,11,10,3,7,666.1087605314814,9,192.22175210629626,333.05438026574063,444.00092747961804,2,0,0,1
w6_persistent_bearing,min_reff,10011,11,omni,379.0,3614.606805,3235.606805,10,7,1,6,0.0,7,42.0,0.0,0.0,0,0,0,1
w6_persistent_bearing,min_reff,10011,12,dir,5265.473978,6156.507476,891.0334979999998,3,0,0,0,0.0,0,0.0,0.0,0.0,0,0,0,1
w6_persistent_bearing,min_reff,10011,14,dir,4183.108772,4843.912625,660.8038530000003,6,4,4,0,997.0501280889953,1,220.41002561779905,200.64967301428862,500.0,4,0,0,1
w6_persistent_bearing,min_reff,10011,17,omni,5289.473978,6262.016199,972.5422209999997,3,2,1,1,0.0,2,12.0,0.0,0.0,0,0,0,1
w6_persistent_bearing,min_reff,10011,18,dir,4544.118976,5489.399063,945.2800870000001,2,0,0,0,0.0,0,0.0,0.0,0.0,0,0,0,1
w6_persistent_bearing,min_reff,10012,1,omni,6499.196864,6959.228757,460.0318930000003,2,0,0,0,0.0,0,0.0,0.0,0.0,0,0,0,1
w6_persistent_bearing,min_reff,10012,2,dir,433.369069,1215.721837,782.352768,8,7,4,3,1372.8830366633536,1,310.57660733267073,230.78716709550642,419.6686217690809,7,0,0,1
w6_persistent_bearing,min_reff,10012,3,omni,6505.196864,7022.177799,516.9809350000005,3,0,0,0,0.0,0,0.0,0.0,0.0,0,0,0,1
w6_persistent_bearing,min_reff,10012,4,dir,23.0,3545.25983,3522.25983,10,9,1,8,0.0,9,54.0,0.0,0.0,0,0,0,1
w6_persistent_bearing,min_reff,10012,6,omni,35.0,3264.409785,3229.409785,9,8,1,7,0.0,8,48.0,0.0,0.0,0,0,0,1
w6_persistent_bearing,min_reff,10012,7,omni,41.0,505.582221,464.582221,2,0,0,0,0.0,0,0.0,0.0,0.0,0,0,0,1
w6_persistent_bearing,min_reff,10012,11,dir,2115.329314,2838.248402,722.9190880000001,4,0,0,0,0.0,0,0.0,0.0,0.0,0,0,0,1
w6_persistent_bearing,min_reff,10012,12,omni,71.0,3216.970341,3145.970341,9,8,1,7,0.0,8,48.0,0.0,0.0,0,0,0,1
w6_persistent_bearing,min_reff,10012,13,dir,367.369069,897.577741,530.208672,2,0,0,0,0.0,0,0.0,0.0,0.0,0,0,0,1
w6_persistent_bearing,min_reff,10012,14,omni,3405.633024,4815.034061,1409.401037,3,2,2,0,0.0,2,12.0,0.0,0.0,0,0,0,1
w6_persistent_bearing,min_reff,10012,15,dir,3411.633024,4667.440023,1255.806999,8,7,3,4,884.0501794954607,3,214.81003589909216,500.0,500.0,4,0,0,1
w6_persistent_bearing,min_reff,10012,17,dir,5886.469053,6425.500483,539.03143,2,0,0,0,0.0,0,0.0,0.0,0.0,0,0,0,1
w6_persistent_bearing,min_reff,10012,18,dir,5238.295526,5491.440744,253.14521800000057,3,0,0,0,0.0,0,0.0,0.0,0.0,0,0,0,1
w6_persistent_bearing,min_reff,10013,2,dir,11.0,4530.978666,4519.978666,15,14,2,12,352.33793215713354,14,154.4675864314267,341.33613891661406,341.33613891661406,1,0,0,1
w6_persistent_bearing,min_reff,10013,4,omni,4055.924817,4387.780325,331.85550799999965,1,0,0,0,0.0,0,0.0,0.0,0.0,0,0,0,1
w6_persistent_bearing,min_reff,10013,5,omni,789.193118,1836.457289,1047.2641709999998,3,1,1,0,1072.7948816918083,1,220.55897633836167,310.2735454867877,310.2735454867877,1,0,0,1
w6_persistent_bearing,min_reff,10013,6,dir,5209.251298,5786.418782,577.1674839999996,2,0,0,0,0.0,0,0.0,0.0,0.0,0,0,0,1
w6_persistent_bearing,min_reff,10013,7,omni,41.0,986.035522,945.035522,3,2,2,0,364.2248849826355,2,84.8449769965271,364.22488498263556,364.22488498263556,1,0,0,1
w6_persistent_bearing,min_reff,10013,8,dir,5203.251298,5663.100216,459.8489179999997,3,0,0,0,0.0,0,0.0,0.0,0.0,0,0,0,1
w6_persistent_bearing,min_reff,10013,9,dir,367.0,3568.582928,3201.582928,13,12,4,8,1148.517648088123,9,298.7035296176246,215.1169967715351,500.0,4,0,0,1
w6_persistent_bearing,min_reff,10013,11,dir,65.0,596.484851,531.484851,4,3,3,0,697.1263732266173,1,155.42527464532344,197.70945452218828,500.0,3,0,0,1
w6_persistent_bearing,min_reff,10013,13,omni,77.0,4650.779662,4573.779662,16,15,2,13,507.72722676967305,14,190.5454453539346,289.3931494388497,500.0,2,0,0,1
w6_persistent_bearing,min_reff,10013,16,dir,409.0,3009.056448,2600.056448,8,6,0,6,0.0,6,36.0,0.0,0.0,0,0,0,1
w6_persistent_bearing,min_reff,10013,17,dir,101.0,1052.130628,951.1306279999999,3,2,2,0,158.26286503654237,2,43.652573007308476,498.4217463427757,498.4217463427757,1,0,0,1
w6_persistent_bearing,min_reff,10013,19,dir,4812.468122,5045.842767,233.37464499999987,1,0,0,0,0.0,0,0.0,0.0,0.0,0,0,0,1
w6_persistent_bearing,min_reff,10014,2,dir,642.803726,2324.628591,1681.824865,11,10,4,6,1400.5291829275816,4,334.10583658551633,177.04295625912135,427.94435294767766,7,0,0,1
w6_persistent_bearing,min_reff,10014,3,omni,17.0,495.659236,478.659236,1,0,0,0,0.0,0,0.0,0.0,0.0,0,0,0,1
w6_persistent_bearing,min_reff,10014,4,dir,4096.784793,6144.865839,2048.0810460000002,8,7,1,6,0.0,7,42.0,0.0,0.0,0,0,0,1
w6_persistent_bearing,min_reff,10014,7,dir,2491.105043,2724.628417,233.52337399999988,1,0,0,0,0.0,0,0.0,0.0,0.0,0,0,0,1
w6_persistent_bearing,min_reff,10014,8,dir,672.803726,1791.653851,1118.850125,4,2,1,1,773.6126219305421,2,166.72252438610843,430.54061039159274,430.54061039159274,1,0,0,1
w6_persistent_bearing,min_reff,10014,9,omni,4597.032183,5599.242596,1002.2104129999998,4,3,2,1,0.0,3,18.0,0.0,0.0,0,0,0,1
w6_persistent_bearing,min_reff,10014,10,omni,3372.039153,3750.121744,378.08259099999987,6,5,5,0,1041.8890289446404,1,234.37780578892807,184.44456583676532,500.0,5,0,0,1
w6_persistent_bearing,min_reff,10014,13,dir,4060.784793,6616.084011,2555.299218,11,9,1,8,100.78648497165123,9,74.15729699433024,170.36836241350633,170.36836241350633,1,0,0,1
w6_persistent_bearing,min_reff,10014,14,dir,708.803726,2001.461839,1292.658113,7,6,4,2,905.2889311122173,3,214.05778622244344,173.86375509559053,500.0,4,0,0,1
w6_persistent_bearing,min_reff,10014,15,omni,348.0,3196.162234,2848.162234,7,6,1,5,0.0,6,36.0,0.0,0.0,0,0,0,1
w6_persistent_bearing,min_reff,10014,18,dir,4042.784793,4269.83245,227.04765700000007,1,0,0,0,0.0,0,0.0,0.0,0.0,0,0,0,1
w6_persistent_bearing,min_reff,10014,19,dir,4036.784793,6554.644912,2517.860119,13,12,4,8,4694.350091582867,7,1005.8700183165735,161.28870596573637,434.8653144562254,4,0,0,1
w6_persistent_bearing,min_reff,10014,20,omni,744.803726,2369.424693,1624.6209669999998,4,1,0,1,140.00000000000009,1,34.000000000000014,0.0,0.0,0,0,0,1
w6_persistent_bearing,min_reff,10015,2,dir,3073.932189,3388.599317,314.66712800000005,2,0,0,0,0.0,0,0.0,0.0,0.0,0,0,0,1
w6_persistent_bearing,min_reff,10015,3,omni,420.0,1224.792734,804.7927340000001,6,5,5,0,1219.0225280695006,1,269.8045056139001,155.88931983473037,421.35751934400525,5,0,0,1
w6_persistent_bearing,min_reff,10015,4,dir,1359.482373,2850.473991,1490.9916179999998,4,3,2,1,0.0,3,18.0,0.0,0.0,0,0,0,1
w6_persistent_bearing,min_reff,10015,5,omni,29.0,589.192218,560.192218,1,0,0,0,0.0,0,0.0,0.0,0.0,0,0,0,1
w6_persistent_bearing,min_reff,10015,8,omni,6276.736332,6680.201008,403.4646759999996,1,0,0,0,0.0,0,0.0,0.0,0.0,0,0,0,1
w6_persistent_bearing,min_reff,10015,10,dir,763.919923,2316.79926,1552.8793369999999,14,13,3,10,1709.8047203463652,4,410.96094406927307,246.97032991995604,500.0,12,0,0,1
w6_persistent_bearing,min_reff,10015,11,dir,1323.482373,2740.817451,1417.3350779999998,3,2,2,0,0.0,2,12.0,0.0,0.0,0,0,0,1
w6_persistent_bearing,min_reff,10015,13,omni,77.0,567.611874,490.61187399999994,2,0,0,0,0.0,0,0.0,0.0,0.0,0,0,0,1
w6_persistent_bearing,min_reff,10015,16,omni,342.0,2404.076054,2062.076054,4,2,2,0,142.65023388338162,2,40.53004677667632,376.0724422847633,376.0724422847633,1,0,0,1
w6_persistent_bearing,min_reff,10015,17,dir,4979.994712,5767.722885,787.7281730000004,3,2,1,1,0.0,2,12.0,0.0,0.0,0,0,0,1
w6_persistent_bearing,min_reff,10015,18,dir,330.0,947.901518,617.901518,3,2,2,0,558.7702581292199,1,122.75405162584397,265.1492460707071,500.0,2,0,0,1
w6_persistent_bearing,min_reff,10016,2,omni,426.0,1016.411827,590.411827,1,0,0,0,0.0,0,0.0,0.0,0.0,0,0,0,1
w6_persistent_bearing,min_reff,10016,3,dir,2280.643521,3463.481485,1182.8379639999998,9,8,3,5,1061.3656189644087,3,255.27312379288173,299.51140521274925,488.625561413948,6,0,0,1
w6_persistent_bearing,min_reff,10016,5,omni,5032.881451,5548.375237,515.493786,2,0,0,0,0.0,0,0.0,0.0,0.0,0,0,0,1
w6_persistent_bearing,min_reff,10016,6,dir,6496.443237,7112.715355,616.2721179999999,6,5,4,1,1016.1374802589249,2,230.22749605178498,193.34554104100903,455.94841655009395,4,0,0,1
w6_persistent_bearing,min_reff,10016,10,dir,5002.881451,5989.295887,986.414436,2,0,0,0,0.0,0,0.0,0.0,0.0,0,0,0,1
w6_persistent_bearing,min_reff,10016,11,dir,6520.443237,7411.089433,890.6461959999997,3,2,1,1,0.0,2,12.0,0.0,0.0,0,0,0,1
w6_persistent_bearing,min_reff,10016,12,dir,2226.643521,2869.886218,643.2426970000001,2,0,0,0,0.0,0,0.0,0.0,0.0,0,0,0,1
w6_persistent_bearing,min_reff,10016,14,dir,5264.891655,5654.596616,389.70496099999946,2,0,0,0,0.0,0,0.0,0.0,0.0,0,0,0,1
w6_persistent_bearing,min_reff,10016,15,omni,2208.643521,2989.899309,781.2557879999999,3,0,0,0,0.0,0,0.0,0.0,0.0,0,0,0,1
w6_persistent_bearing,min_reff,10016,16,dir,342.0,876.250335,534.250335,3,1,1,0,352.29515951887964,1,76.45903190377592,226.49997713796762,226.49997713796762,1,0,0,1
w6_persistent_bearing,min_reff,10016,18,dir,4369.871247,7825.742916,3455.871669,17,16,4,12,2819.0802106022875,10,653.8160421204575,277.7254549479373,500.0,7,0,0,1
w6_persistent_bearing,min_reff,10016,19,dir,3604.083264,4232.034869,627.9516050000002,2,0,0,0,0.0,0,0.0,0.0,0.0,0,0,0,1
w6_persistent_bearing,min_reff,10016,20,dir,4966.881451,5897.936091,931.0546399999994,8,7,3,4,1166.307611788227,2,270.2615223576454,302.0855437911489,500.0,6,0,0,1
w6_persistent_bearing,min_reff,10017,1,dir,1051.004734,2897.462868,1846.458134,7,6,3,3,1679.086501165605,5,370.817300233121,412.63519515987537,412.63519515987537,1,0,0,1
w6_persistent_bearing,min_reff,10017,3,omni,17.0,1446.856038,1429.856038,4,3,2,1,92.493488049113,3,36.4986976098226,463.05721592618886,463.05721592618886,1,0,0,1
w6_persistent_bearing,min_reff,10017,4,dir,5141.355637,5883.330694,741.9750570000006,4,2,1,1,600.3683166591461,2,132.0736633318292,500.0,500.0,1,0,0,1
w6_persistent_bearing,min_reff,10017,6,dir,3162.928931,3587.174939,424.2460080000001,5,4,1,3,885.5756072315302,0,197.11512144630603,437.5,500.0,4,0,0,1
w6_persistent_bearing,min_reff,10017,8,omni,47.0,1405.394647,1358.394647,6,5,4,1,534.7394361587266,4,135.9478872317453,238.46949050902342,408.71898563578605,3,0,0,1
w6_persistent_bearing,min_reff,10017,9,dir,367.0,4895.833284,4528.833284,14,13,2,11,473.1544641818457,12,171.63089283636913,221.00764411292622,415.15802197025187,2,0,0,1
w6_persistent_bearing,min_reff,10017,10,dir,1524.28602,7385.350043,5861.064023000001,18,15,1,14,553.3027554451327,15,200.66055108902654,252.8927233076648,252.8927233076648,1,0,0,1
w6_persistent_bearing,min_reff,10017,12,dir,3834.691089,4783.278543,948.5874540000004,3,0,0,0,0.0,0,0.0,0.0,0.0,0,0,0,1
w6_persistent_bearing,min_reff,10017,13,dir,3840.691089,4224.821577,384.1304879999998,7,6,3,3,725.7709136977662,0,175.15418273955325,308.2859169847194,500.0,6,0,0,1
w6_persistent_bearing,min_reff,10017,14,dir,397.0,4962.287051,4565.287051,12,11,1,10,0.0,11,66.0,0.0,0.0,0,0,0,1
w6_persistent_bearing,min_reff,10017,15,dir,5111.355637,5696.363133,585.0074960000002,10,9,5,4,1191.10520491293,3,286.22104098258603,306.6170736144942,500.0,8,0,0,1
w6_persistent_bearing,min_reff,10017,17,dir,1482.28602,7827.889916,6345.6038960000005,20,19,1,18,1069.8029314002672,19,327.96058628005346,500.0,500.0,1,0,0,1
w6_persistent_bearing,min_reff,10017,18,dir,1476.28602,7003.974275,5527.688254999999,17,16,1,15,0.0,16,96.0,0.0,0.0,0,0,0,1
w6_persistent_bearing,min_reff,10017,19,dir,113.0,1235.447139,1122.447139,5,4,3,1,1039.4825400152747,3,230.89650800305495,301.28061956918265,500.0,2,0,0,1
w6_persistent_bearing,min_reff,10018,1,dir,3398.48722,4974.810184,1576.322964,7,5,4,1,1142.6725570351243,2,255.53451140702487,151.94841250517413,393.653937049546,4,0,0,1
w6_persistent_bearing,min_reff,10018,2,dir,11.0,4412.241785,4401.241785,15,14,3,11,286.2579108987379,13,140.25158217974757,134.89502688062282,183.02302084811424,2,0,0,1
w6_persistent_bearing,min_reff,10018,3,dir,6807.235693,7138.338831,331.1031380000004,5,4,4,0,478.8671746674585,0,115.7734349334917,160.56121301841506,500.0,4,0,0,1
w6_persistent_bearing,min_reff,10018,5,dir,2864.403182,3812.968295,948.5651130000001,3,2,2,0,478.4917591033291,2,107.69835182066582,478.49175910332895,478.49175910332895,1,0,0,1
w6_persistent_bearing,min_reff,10018,6,dir,2858.403182,3235.339954,376.936772,2,0,0,0,0.0,0,0.0,0.0,0.0,0,0,0,1
w6_persistent_bearing,min_reff,10018,7,dir,3933.108998,4480.574206,547.4652080000001,2,0,0,0,0.0,0,0.0,0.0,0.0,0,0,0,1
w6_persistent_bearing,min_reff,10018,9,omni,2087.115362,2364.79464,277.67927800000007,2,0,0,0,0.0,0,0.0,0.0,0.0,0,0,0,1
w6_persistent_bearing,min_reff,10018,10,dir,378.0,7758.351581,7380.351581,26,25,4,21,736.6433890252875,22,294.3286778050575,160.708264760642,500.0,4,0,0,1
w6_persistent_bearing,min_reff,10018,11,dir,372.0,7388.689545,7016.689545,20,19,1,18,0.0,19,114.0,0.0,0.0,0,0,0,1
w6_persistent_bearing,min_reff,10018,12,dir,697.0,1921.70544,1224.70544,8,7,5,2,1065.5847473135905,3,251.11694946271808,155.70954434829753,440.70646479521224,5,0,0,1
w6_persistent_bearing,min_reff,10018,14,dir,3963.108998,4717.483896,754.3748979999996,7,6,3,3,988.9860533896058,1,228.79721067792116,162.91421756220697,500.0,6,0,0,1
w6_persistent_bearing,min_reff,10018,17,dir,1189.0,1673.551571,484.55157099999997,1,0,0,0,0.0,0,0.0,0.0,0.0,0,0,0,1
w6_persistent_bearing,min_reff,10018,19,dir,113.0,4369.208675,4256.208675,15,14,3,11,719.8416064131056,13,226.96832128262113,359.9208032065529,482.5933307837089,2,0,0,1
w6_persistent_bearing,min_reff,10018,20,dir,5680.897654,6310.43428,629.5366260000001,3,2,2,0,471.03677211847446,1,105.2073544236949,500.0,500.0,1,0,0,1
w6_persistent_bearing,min_reff,10019,1,dir,5819.394082,6016.588528,197.19444600000043,3,0,0,0,0.0,0,0.0,0.0,0.0,0,0,0,1
w6_persistent_bearing,min_reff,10019,2,dir,11.0,3916.995007,3905.995007,14,13,3,10,798.8504471218845,11,235.7700894243769,252.71621707424842,500.0,3,0,0,1
w6_persistent_bearing,min_reff,10019,3,dir,3024.127969,6931.380445,3907.2524759999997,18,17,1,16,1746.4005489979022,10,444.28010979958043,375.0,500.0,6,0,0,1
w6_persistent_bearing,min_reff,10019,4,dir,414.0,1198.956517,784.9565170000001,5,4,4,0,1119.4713340663598,1,244.89426681327194,231.4778753637709,500.0,4,0,0,1
w6_persistent_bearing,min_reff,10019,6,dir,35.0,627.699398,592.699398,2,0,0,0,0.0,0,0.0,0.0,0.0,0,0,0,1
w6_persistent_bearing,min_reff,10019,8,dir,390.0,4842.494611,4452.494611,22,21,4,17,1554.8786404436394,13,428.97572808872786,182.4507194202476,500.0,10,0,0,1
w6_persistent_bearing,min_reff,10019,9,omni,53.0,775.901863,722.901863,1,0,0,0,0.0,0,0.0,0.0,0.0,0,0,0,1
w6_persistent_bearing,min_reff,10019,10,omni,881.57221,1955.684735,1074.112525,4,3,2,1,413.5029557546147,3,100.70059115092293,413.50295575461456,413.50295575461456,1,0,0,1
w6_persistent_bearing,min_reff,10019,11,dir,6443.644049,6772.112041,328.46799199999987,6,4,4,0,452.6155942139382,0,110.52311884278764,100.77839790418045,215.07653189960712,4,0,0,1
w6_persistent_bearing,min_reff,10019,13,omni,4082.065301,5348.05974,1265.9944389999996,4,2,2,0,0.0,2,12.0,0.0,0.0,0,0,0,1
w6_persistent_bearing,min_reff,10019,15,dir,3072.127969,7809.589833,4737.461864,20,19,3,16,1548.4741699746023,15,419.6948339949205,318.28266280626457,500.0,6,0,0,1
w6_persistent_bearing,min_reff,10019,16,omni,3653.958626,6074.720848,2420.762222,7,6,2,4,0.0,6,36.0,0.0,0.0,0,0,0,1
w6_persistent_bearing,min_reff,10019,18,dir,4502.657952,5215.317237,712.6592850000006,2,0,0,0,0.0,0,0.0,0.0,0.0,0,0,0,1
w6_persistent_bearing,min_reff,10020,1,omni,880.830438,5920.950299,5040.119861,16,14,1,13,3918.0635501023385,13,866.6127100204677,0.0,0.0,0,0,0,1
w6_persistent_bearing,min_reff,10020,2,dir,5750.605769,6241.07966,490.47389100000055,2,0,0,0,0.0,0,0.0,0.0,0.0,0,0,0,1
w6_persistent_bearing,min_reff,10020,3,omni,17.0,2032.90236,2015.90236,4,2,0,2,0.0,2,12.0,0.0,0.0,0,0,0,1
w6_persistent_bearing,min_reff,10020,4,dir,23.0,1181.584832,1158.584832,2,1,1,0,0.0,1,6.0,0.0,0.0,0,0,0,1
w6_persistent_bearing,min_reff,10020,5,omni,29.0,1070.501904,1041.501904,2,0,0,0,0.0,0,0.0,0.0,0.0,0,0,0,1
w6_persistent_bearing,min_reff,10020,6,dir,35.0,2540.745007,2505.745007,13,12,2,10,1993.461093768986,6,464.6922187537972,328.125,500.0,8,0,0,1
w6_persistent_bearing,min_reff,10020,7,omni,41.0,740.512407,699.512407,1,0,0,0,0.0,0,0.0,0.0,0.0,0,0,0,1
w6_persistent_bearing,min_reff,10020,8,dir,47.0,605.576731,558.576731,3,0,0,0,0.0,0,0.0,0.0,0.0,0,0,0,1
w6_persistent_bearing,min_reff,10020,11,dir,2182.465963,4761.037279,2578.571316,10,9,2,7,454.78499785459826,9,144.95699957091966,454.78499785459826,454.78499785459826,1,0,0,1
w6_persistent_bearing,min_reff,10020,12,omni,71.0,1891.02277,1820.02277,4,3,3,0,0.0,3,18.0,0.0,0.0,0,0,0,1
w6_persistent_bearing,min_reff,10020,13,omni,940.830438,5649.347931,4708.517493,15,14,2,12,0.0,14,84.0,0.0,0.0,0,0,0,1
w6_persistent_bearing,min_reff,10020,16,dir,95.0,1518.592593,1423.592593,4,3,2,1,423.1267064820203,3,102.62534129640406,423.12670648202027,423.12670648202027,1,0,0,1
w6_persistent_bearing,min_reff,10020,17,omni,424.80796,5154.679889,4729.871929,15,14,3,11,671.9817766426908,14,218.39635532853816,499.4683193127457,499.4683193127457,1,0,0,1
w6_persistent_bearing,min_reff,10020,19,dir,2692.582952,3617.431079,924.8481269999997,11,10,2,8,912.7380017407528,3,235.54760034815055,217.65730861437376,415.8797309012548,8,0,0,1
w6_persistent_bearing,min_reff,10020,20,dir,982.830438,5531.299994,4548.469556,17,16,4,12,4765.927673925821,13,1046.1855347851642,152.75796277829224,203.64731917109458,2,0,0,1
w6_persistent_bearing,min_reff,10021,1,dir,2419.24106,3010.034088,590.793028,4,3,2,1,735.3146855386984,1,163.06293710773969,280.00268557777076,500.0,2,0,0,1
w6_persistent_bearing,min_reff,10021,2,dir,423.083431,1845.455744,1422.372313,18,17,3,14,2211.2938916849935,5,532.2587783369987,193.7370182485781,500.0,15,0,0,1
w6_persistent_bearing,min_reff,10021,4,dir,23.0,4373.028693,4350.028693,17,16,3,13,1520.6414624158408,12,396.12829248316814,316.7923840112989,500.0,6,0,0,1
w6_persistent_bearing,min_reff,10021,5,omni,441.083431,1183.725672,742.642241,3,0,0,0,0.0,0,0.0,0.0,0.0,0,0,0,1
w6_persistent_bearing,min_reff,10021,6,dir,4103.949588,6155.95908,2052.009491999999,12,11,3,8,340.893497317507,6,129.1786994635014,160.1356729782386,417.0801194359544,6,0,0,1
w6_persistent_bearing,min_reff,10021,7,dir,41.0,334.970557,293.970557,1,0,0,0,0.0,0,0.0,0.0,0.0,0,0,0,1
w6_persistent_bearing,min_reff,10021,8,dir,47.0,3566.217926,3519.217926,15,14,3,11,1002.8445399226121,9,279.5689079845224,302.8662656874843,500.0,6,0,0,1
w6_persistent_bearing,min_reff,10021,10,dir,3789.521179,7093.013844,3303.492665,10,9,2,7,1198.4265158814644,8,292.6853031762929,398.8612981965093,500.0,2,0,0,1
w6_persistent_bearing,min_reff,10021,11,dir,4121.949588,6836.343392,2714.3938039999994,14,13,1,12,1851.4658921360092,9,444.29317842720184,289.382134081991,426.4578818050394,7,0,0,1
w6_persistent_bearing,min_reff,10021,12,dir,4606.616766,6676.911837,2070.2950709999996,10,9,1,8,1556.6252428044718,7,363.32504856089434,437.5,500.0,4,0,0,1
w6_persistent_bearing,min_reff,10021,13,omni,4133.949588,5983.281553,1849.3319649999994,6,5,2,3,0.0,5,30.0,0.0,0.0,0,0,0,1
w6_persistent_bearing,min_reff,10021,15,dir,3759.521179,7589.763551,3830.242372,11,10,1,9,0.0,10,60.0,0.0,0.0,0,0,0,1
w6_persistent_bearing,min_reff,10021,16,dir,3303.415358,7926.500203,4623.084844999999,16,15,3,12,357.1418360318447,14,160.42836720636893,178.57091801592242,238.05445861239352,2,0,0,1
w6_persistent_bearing,min_reff,10021,18,omni,107.0,3843.525295,3736.525295,12,11,3,8,447.05099036541685,10,154.41019807308336,349.68996683606446,500.0,2,0,0,1
w6_persistent_bearing,min_reff,10022,1,dir,1051.259367,2598.967532,1547.708165,7,6,3,3,1317.8289863918196,5,298.5657972783639,274.0407938048019,500.0,3,0,0,1
w6_persistent_bearing,min_reff,10022,3,dir,6438.009466,8657.799936,2219.790469999999,6,3,0,3,0.0,3,18.0,0.0,0.0,0,0,0,1
w6_persistent_bearing,min_reff,10022,4,dir,1581.462915,7459.596222,5878.133307,16,14,1,13,962.7381735774165,14,276.5476347154833,492.6618013012116,492.6618013012116,1,0,0,1
w6_persistent_bearing,min_reff,10022,5,dir,2136.750482,2539.600265,402.8497830000001,5,4,4,0,516.0799126751224,1,124.21598253502448,174.5297736447632,500.0,4,0,0,1
w6_persistent_bearing,min_reff,10022,6,dir,6450.009466,6826.513503,376.5040369999997,5,3,3,0,421.97416815637064,0,99.39483363127412,185.57001537703306,451.7527277292594,3,0,0,1
w6_persistent_bearing,min_reff,10022,8,dir,3552.665851,4736.233394,1183.5675429999997,4,3,3,0,943.141414243034,2,205.6282828486068,368.4966029972437,500.0,2,0,0,1
w6_persistent_bearing,min_reff,10022,9,dir,7592.384835,7887.488546,295.10371099999975,1,0,0,0,0.0,0,0.0,0.0,0.0,0,0,0,1
w6_persistent_bearing,min_reff,10022,10,dir,997.259367,2287.544618,1290.2852509999998,5,4,2,2,583.0008518734293,4,140.60017037468586,489.31579107275854,489.31579107275854,1,0,0,1
w6_persistent_bearing,min_reff,10022,11,dir,3564.665851,4664.299951,1099.6340999999998,11,9,3,6,1240.0072619439743,1,294.00145238879486,190.38732177726996,500.0,9,0,0,1
w6_persistent_bearing,min_reff,10022,12,dir,3292.665851,3935.980952,643.3151009999997,8,7,3,4,930.2051717934786,2,223.04103435869573,219.5386632375572,500.0,6,0,0,1
w6_persistent_bearing,min_reff,10022,15,dir,1334.259367,7199.046829,5864.787462,18,17,2,15,361.0236229784028,16,173.20472459568055,354.8003070469679,354.8003070469679,2,0,0,1
w6_persistent_bearing,min_reff,10022,17,dir,336.0,5868.126361,5532.126361,33,32,3,29,4402.79342599167,15,1055.558685198334,169.09020438199047,500.0,18,0,0,1
w6_persistent_bearing,min_reff,10022,18,dir,2058.750482,2955.575243,896.8247609999999,2,0,0,0,0.0,0,0.0,0.0,0.0,0,0,0,1
w6_persistent_bearing,min_reff,10022,19,omni,113.0,501.688781,388.688781,1,0,0,0,0.0,0,0.0,0.0,0.0,0,0,0,1
w6_persistent_bearing,min_reff,10022,20,dir,943.259367,1399.143069,455.88370199999997,1,0,0,0,0.0,0,0.0,0.0,0.0,0,0,0,1
w6_persistent_bearing,min_reff,10023,1,dir,7327.195483,7678.489434,351.29395099999965,2,0,0,0,0.0,0,0.0,0.0,0.0,0,0,0,1
w6_persistent_bearing,min_reff,10023,2,dir,11.0,559.52481,548.52481,3,2,2,0,547.1638975291991,1,120.43277950583982,279.23656170483247,500.0,2,0,0,1
w6_persistent_bearing,min_reff,10023,4,dir,5316.965039,5925.710669,608.7456300000003,2,0,0,0,0.0,0,0.0,0.0,0.0,0,0,0,1
w6_persistent_bearing,min_reff,10023,5,omni,29.0,5236.210037,5207.210037,16,14,2,12,0.0,14,84.0,0.0,0.0,0,0,0,1
w6_persistent_bearing,min_reff,10023,6,omni,6010.304063,7373.362774,1363.0587110000006,5,4,4,0,945.3459243738989,4,213.06918487477978,449.7743973633651,500.0,2,0,0,1
w6_persistent_bearing,min_reff,10023,9,omni,5340.965039,5979.88207,638.917031,2,0,0,0,0.0,0,0.0,0.0,0.0,0,0,0,1
w6_persistent_bearing,min_reff,10023,10,dir,5346.965039,5838.572604,491.60756500000025,3,2,1,1,619.0908122755907,2,135.81816245511814,446.9234374747562,446.9234374747562,1,0,0,1
w6_persistent_bearing,min_reff,10023,11,omni,4309.176129,5560.487781,1251.3116519999994,3,0,0,0,0.0,0,0.0,0.0,0.0,0,0,0,1
w6_persistent_bearing,min_reff,10023,12,dir,6028.304063,6422.224624,393.9205610000008,6,4,4,0,514.1988193784146,0,122.8397638756829,133.63571342921082,331.8256812789652,4,0,0,1
w6_persistent_bearing,min_reff,10023,14,dir,6040.304063,7209.543932,1169.239869,6,4,4,0,788.0078336449316,1,178.6015667289863,182.27936712882973,476.23651107871945,4,0,0,1
w6_persistent_bearing,min_reff,10023,15,omni,1438.135313,7737.752409,6299.617096,20,18,3,15,0.0,18,108.0,0.0,0.0,0,0,0,1
w6_persistent_bearing,min_reff,10023,16,dir,5382.965039,6706.304878,1323.3398390000002,5,4,2,2,1340.4012693114037,3,291.08025386228076,311.5812622475936,500.0,2,0,0,1
w6_persistent_bearing,min_reff,10023,17,dir,336.0,4822.911712,4486.911712,19,18,4,14,581.4527343700184,15,221.2905468740037,180.20166894252418,500.0,4,0,0,1
w6_persistent_bearing,min_reff,10023,18,dir,330.0,5079.449715,4749.449715,19,18,3,15,1161.841823786031,16,338.3683647572062,198.33396603145218,500.0,3,0,0,1
w6_persistent_bearing,min_reff,10023,19,dir,324.0,4677.557336,4353.557336,19,18,4,14,711.6219093091416,15,247.32438186182833,179.66238365702438,500.0,4,0,0,1
w6_persistent_bearing,min_reff,10024,1,dir,3028.5175,3566.719694,538.202194,1,0,0,0,0.0,0,0.0,0.0,0.0,0,0,0,1
w6_persistent_bearing,min_reff,10024,2,dir,5397.759005,5889.89647,492.1374649999998,3,2,2,0,467.2669087428921,2,105.45338174857842,327.2669087428921,327.2669087428921,1,0,0,1
w6_persistent_bearing,min_reff,10024,4,dir,6169.809107,6686.130869,516.3217619999996,3,0,0,0,0.0,0,0.0,0.0,0.0,0,0,0,1
w6_persistent_bearing,min_reff,10024,5,dir,3321.27636,4347.361306,1026.084946,3,2,1,1,0.0,2,12.0,0.0,0.0,0,0,0,1
w6_persistent_bearing,min_reff,10024,10,omni,692.0,1238.078368,546.078368,1,0,0,0,0.0,0,0.0,0.0,0.0,0,0,0,1
w6_persistent_bearing,min_reff,10024,12,dir,4444.628979,4990.796827,546.167848,7,5,5,0,942.6694631421341,0,213.53389262842683,164.92861137039844,427.2123884468967,5,0,0,1
w6_persistent_bearing,min_reff,10024,15,dir,403.0,2110.746414,1707.7464140000002,9,8,4,4,176.0986196172405,5,80.2197239234481,162.26232895047715,500.0,4,0,0,1
w6_persistent_bearing,min_reff,10024,16,dir,4189.021583,4767.736473,578.7148900000002,3,0,0,0,0.0,0,0.0,0.0,0.0,0,0,0,1
w6_persistent_bearing,min_reff,10024,17,omni,650.0,926.090966,276.090966,2,0,0,0,0.0,0,0.0,0.0,0.0,0,0,0,1
w6_persistent_bearing,min_reff,10024,18,dir,107.0,3107.109726,3000.109726,10,8,0,8,0.0,8,48.0,0.0,0.0,0,0,0,1
w6_persistent_bearing,min_reff,10024,19,dir,427.0,2187.307421,1760.307421,10,9,5,4,1174.2344847477068,6,285.84689694954136,174.74179146347896,500.0,5,0,0,1
w6_persistent_bearing,min_reff,10025,1,dir,319.0,5990.28982,5671.28982,27,26,4,22,7753.014742161362,15,1695.6029484322723,286.55807473367844,500.0,10,0,0,1
w6_persistent_bearing,min_reff,10025,3,dir,6815.300079,7166.453543,351.153464,2,0,0,0,0.0,0,0.0,0.0,0.0,0,0,0,1
w6_persistent_bearing,min_reff,10025,6,dir,1342.407861,2773.27672,1430.868859,5,4,2,2,0.0,4,24.0,0.0,0.0,0,0,0,1
w6_persistent_bearing,min_reff,10025,8,dir,1613.407861,3025.882129,1412.4742680000002,5,3,1,2,1139.1319578049283,3,245.82639156098566,500.0,500.0,1,0,0,1
w6_persistent_bearing,min_reff,10025,10,dir,373.0,5751.457326,5378.457326,17,15,0,15,0.0,15,90.0,0.0,0.0,0,0,0,1
w6_persistent_bearing,min_reff,10025,11,dir,6160.756937,6464.075946,303.3190089999998,2,0,0,0,0.0,0,0.0,0.0,0.0,0,0,0,1
w6_persistent_bearing,min_reff,10025,13,dir,3526.179525,3885.634015,359.4544900000001,1,0,0,0,0.0,0,0.0,0.0,0.0,0,0,0,1
w6_persistent_bearing,min_reff,10025,14,omni,668.0,7041.445869,6373.445869,21,19,2,17,0.0,19,114.0,0.0,0.0,0,0,0,1
w6_persistent_bearing,min_reff,10025,15,dir,1288.407861,2317.443412,1029.0355510000002,3,2,1,1,0.0,2,12.0,0.0,0.0,0,0,0,1
w6_persistent_bearing,min_reff,10025,16,dir,1803.407861,2002.248488,198.84062700000004,1,0,0,0,0.0,0,0.0,0.0,0.0,0,0,0,1
w6_persistent_bearing,min_reff,10025,17,dir,101.0,4817.395786,4716.395786,19,17,4,13,912.345440152991,14,281.4690880305982,217.27370258841387,463.383441461672,4,0,0,1
w6_persistent_bearing,min_reff,10025,19,omni,638.0,7084.821521,6446.821521,21,19,2,17,5527.0412550661395,18,1218.408251013228,0.0,0.0,0,0,0,1
w6_persistent_bearing,min_reff,10025,20,omni,119.0,801.299638,682.299638,2,1,1,0,969.9999999999999,0,198.99999999999997,0.0,0.0,0,0,0,1
w6_persistent_bearing,min_reff,10026,1,dir,1653.652473,2221.613458,567.9609849999997,1,0,0,0,0.0,0,0.0,0.0,0.0,0,0,0,1
w6_persistent_bearing,min_reff,10026,2,dir,11.0,1779.329944,1768.329944,9,8,3,5,880.9809963332082,4,220.19619926664163,185.11357759462553,500.0,6,0,0,1
w6_persistent_bearing,min_reff,10026,4,dir,2014.624635,2507.304346,492.679711,2,0,0,0,0.0,0,0.0,0.0,0.0,0,0,0,1
w6_persistent_bearing,min_reff,10026,6,omni,35.0,635.45411,600.45411,1,0,0,0,0.0,0,0.0,0.0,0.0,0,0,0,1
w6_persistent_bearing,min_reff,10026,7,dir,41.0,532.276877,491.276877,2,0,0,0,0.0,0,0.0,0.0,0.0,0,0,0,1
w6_persistent_bearing,min_reff,10026,8,dir,361.0,1385.66761,1024.66761,7,6,3,3,1107.3271440499261,1,252.4654288099852,381.907522747883,500.0,6,0,0,1
w6_persistent_bearing,min_reff,10026,9,dir,6079.720582,6505.679497,425.95891500000016,8,7,4,3,962.5356474826751,0,227.50712949653501,279.5378759801375,500.0,7,0,0,1
w6_persistent_bearing,min_reff,10026,10,dir,2032.624635,5974.790272,3942.165637,19,18,1,17,0.0,18,108.0,0.0,0.0,0,0,0,1
w6_persistent_bearing,min_reff,10026,12,omni,71.0,703.232121,632.232121,2,0,0,0,0.0,0,0.0,0.0,0.0,0,0,0,1
w6_persistent_bearing,min_reff,10026,13,dir,77.0,1867.263032,1790.263032,3,2,1,1,0.0,2,12.0,0.0,0.0,0,0,0,1
w6_persistent_bearing,min_reff,10026,14,omni,83.0,1923.248117,1840.248117,3,2,1,1,0.0,2,12.0,0.0,0.0,0,0,0,1
w6_persistent_bearing,min_reff,10026,15,omni,89.0,483.549411,394.549411,2,0,0,0,0.0,0,0.0,0.0,0.0,0,0,0,1
w6_persistent_bearing,min_reff,10026,16,dir,4116.058209,4542.773764,426.71555499999977,3,0,0,0,0.0,0,0.0,0.0,0.0,0,0,0,1
w6_persistent_bearing,min_reff,10026,20,dir,119.0,1184.959322,1065.959322,3,1,1,0,621.9551724322919,1,130.39103448645838,500.0,500.0,1,0,0,1
w6_persistent_bearing,min_reff,10027,2,dir,325.0,1159.44042,834.4404199999999,9,8,2,6,881.7205064072798,1,217.34410128145595,263.54199770216576,485.18512060629416,8,0,0,1
w6_persistent_bearing,min_reff,10027,3,dir,2491.273074,2990.088247,498.81517299999996,9,8,2,6,915.572494468111,0,223.1144988936222,283.399035987608,500.0,8,0,0,1
w6_persistent_bearing,min_reff,10027,7,dir,5057.964407,6369.445254,1311.4808469999998,3,1,1,0,802.0593004248746,1,166.4118600849749,312.8238590640832,312.8238590640832,1,0,0,1
w6_persistent_bearing,min_reff,10027,8,omni,47.0,6405.286637,6358.286637,20,19,3,16,503.127052696339,19,214.6254105392678,500.0,500.0,1,0,0,1
w6_persistent_bearing,min_reff,10027,11,omni,65.0,481.300012,416.300012,2,0,0,0,0.0,0,0.0,0.0,0.0,0,0,0,1
w6_persistent_bearing,min_reff,10027,13,dir,2545.273074,3417.938117,872.665043,4,3,3,0,827.1924803964954,1,181.43849607929909,207.33969669181553,500.0,3,0,0,1
w6_persistent_bearing,min_reff,10027,15,dir,6464.321902,6957.389199,493.0672970000005,4,3,2,1,804.8387126238235,2,177.9677425247647,323.7368637563336,433.0612136311748,2,0,0,1
w6_persistent_bearing,min_reff,10027,16,dir,95.0,6108.179362,6013.179362,19,18,1,17,0.0,18,108.0,0.0,0.0,0,0,0,1
w6_persistent_bearing,min_reff,10027,17,dir,415.0,6140.210418,5725.210418,19,17,1,16,1301.2389458531923,17,362.24778917063844,497.19911979360677,497.19911979360677,1,0,0,1
w6_persistent_bearing,min_reff,10027,18,dir,4672.954203,5138.687533,465.73333,2,0,0,0,0.0,0,0.0,0.0,0.0,0,0,0,1
w6_persistent_bearing,min_reff,10027,19,dir,651.188498,1637.386721,986.1982230000001,3,1,0,1,0.0,1,6.0,0.0,0.0,0,0,0,1
w6_persistent_bearing,min_reff,10028,3,dir,1794.318075,2504.899409,710.5813340000002,5,3,2,1,840.9792566671124,2,185.19585133342247,220.51616613863803,316.30405458246906,2,0,0,1
w6_persistent_bearing,min_reff,10028,5,dir,5434.074511,5636.012852,201.93834100000004,1,0,0,0,0.0,0,0.0,0.0,0.0,0,0,0,1
w6_persistent_bearing,min_reff,10028,7,dir,3300.311531,3494.018253,193.70672200000035,1,0,0,0,0.0,0,0.0,0.0,0.0,0,0,0,1
w6_persistent_bearing,min_reff,10028,9,omni,384.0,842.900165,458.900165,1,0,0,0,0.0,0,0.0,0.0,0.0,0,0,0,1
w6_persistent_bearing,min_reff,10028,11,omni,65.0,551.486946,486.486946,1,0,0,0,0.0,0,0.0,0.0,0.0,0,0,0,1
w6_persistent_bearing,min_reff,10028,12,dir,2998.311531,4433.518825,1435.2072940000003,11,10,3,7,1140.297865924434,7,285.0595731848868,310.39554011389333,500.0,6,0,0,1
w6_persistent_bearing,min_reff,10028,13,dir,77.0,5827.013455,5750.013455,19,18,1,17,0.0,18,108.0,0.0,0.0,0,0,0,1
w6_persistent_bearing,min_reff,10028,14,omni,2986.311531,3874.476631,888.1651000000002,3,2,1,1,0.0,2,12.0,0.0,0.0,0,0,0,1
w6_persistent_bearing,min_reff,10028,15,omni,2980.311531,4497.659259,1517.3477280000002,6,5,3,2,165.3058091683132,5,63.06116183366264,500.0,500.0,1,0,0,1
w6_persistent_bearing,min_reff,10028,16,dir,342.0,1634.997657,1292.997657,5,4,2,2,570.0851991461903,4,138.01703982923806,493.07865640850855,493.07865640850855,1,0,0,1
w6_persistent_bearing,min_reff,10028,17,dir,101.0,2858.263023,2757.263023,9,8,1,7,0.0,8,48.0,0.0,0.0,0,0,0,1
w6_persistent_bearing,min_reff,10028,20,dir,4924.941841,5200.165438,275.22359700000015,3,1,1,0,131.30922862037949,0,31.261845724075897,162.70535013383244,162.70535013383244,1,0,0,1
w6_persistent_bearing,min_reff,10029,4,dir,337.0,1638.171103,1301.171103,6,5,3,2,941.9082581943069,3,216.38165163886137,204.90677132487738,500.0,3,0,0,1
w6_persistent_bearing,min_reff,10029,5,dir,29.0,3289.847929,3260.847929,10,8,0,8,0.0,8,48.0,0.0,0.0,0,0,0,1
w6_persistent_bearing,min_reff,10029,6,omni,35.0,5788.494881,5753.494881,19,18,2,16,0.0,18,108.0,0.0,0.0,0,0,0,1
w6_persistent_bearing,min_reff,10029,8,dir,6013.724325,6312.104139,298.3798139999999,1,0,0,0,0.0,0,0.0,0.0,0.0,0,0,0,1
w6_persistent_bearing,min_reff,10029,9,dir,6019.724325,6711.067664,691.343339,3,2,2,0,881.8143574235118,1,187.36287148470234,345.83135297662443,463.8769184255958,2,0,0,1
w6_persistent_bearing,min_reff,10029,12,dir,71.0,3137.485331,3066.485331,14,13,5,8,385.19947665963304,10,152.0398953319266,96.29986916490823,205.41358489523873,4,0,0,1
w6_persistent_bearing,min_reff,10029,14,dir,3439.473479,3922.432546,482.9590669999998,3,2,2,0,599.2984935502145,1,130.8596987100429,226.62351364351915,422.2492958291999,2,0,0,1
w6_persistent_bearing,min_reff,10029,16,dir,409.0,1425.022243,1016.0222429999999,7,6,4,2,911.4560817220416,3,215.29121634440833,191.7250535777085,420.7913343234264,4,0,0,1
w6_persistent_bearing,min_reff,10029,17,omni,2206.621162,2769.024741,562.4035790000003,2,0,0,0,0.0,0,0.0,0.0,0.0,0,0,0,1
w6_persistent_bearing,min_reff,10029,18,dir,4808.292937,5469.965408,661.6724709999999,6,5,4,1,1129.8406297940894,2,252.9681259588179,233.32002233021407,500.0,4,0,0,1
w6_persistent_bearing,min_reff,10029,19,omni,113.0,5916.72067,5803.72067,19,18,1,17,0.0,18,108.0,0.0,0.0,0,0,0,1
w6_persistent_bearing,min_reff,10030,1,dir,432.0,2415.74076,1983.7407600000001,7,6,3,3,849.6824501751187,6,205.93649003502372,413.8374425226542,413.8374425226542,1,0,0,1
w6_persistent_bearing,min_reff,10030,4,dir,832.345321,7146.721877,6314.376556,27,26,3,23,631.5839460094039,21,277.3167892018808,221.62032762115086,500.0,6,0,0,1
w6_persistent_bearing,min_reff,10030,6,dir,35.0,7254.766743,7219.766743,24,23,2,21,358.59033764715525,23,209.71806752943104,358.5903376471552,358.5903376471552,1,0,0,1
w6_persistent_bearing,min_reff,10030,7,dir,396.0,2345.841555,1949.841555,6,5,2,3,0.0,5,30.0,0.0,0.0,0,0,0,1
w6_persistent_bearing,min_reff,10030,8,dir,856.345321,6658.372084,5802.026763,21,20,4,16,467.1415274300844,20,213.42830548601688,467.1415274300844,467.1415274300844,1,0,0,1
w6_persistent_bearing,min_reff,10030,9,dir,384.0,1057.07596,673.0759599999999,1,0,0,0,0.0,0,0.0,0.0,0.0,0,0,0,1
w6_persistent_bearing,min_reff,10030,10,omni,868.345321,6547.335617,5678.990296,21,20,4,16,274.2347386114178,20,174.84694772228357,500.0,500.0,1,0,0,1
w6_persistent_bearing,min_reff,10030,11,omni,2517.714059,3023.751599,506.03754000000026,1,0,0,0,0.0,0,0.0,0.0,0.0,0,0,0,1
w6_persistent_bearing,min_reff,10030,13,dir,4902.386602,5500.26564,597.879038,1,0,0,0,0.0,0,0.0,0.0,0.0,0,0,0,1
w6_persistent_bearing,min_reff,10030,15,dir,348.0,2628.522343,2280.522343,8,7,3,4,373.6240926051931,7,116.72481852103861,373.62409260519314,373.62409260519314,1,0,0,1
w6_persistent_bearing,min_reff,10030,17,dir,4920.386602,5347.893518,427.5069160000003,3,0,0,0,0.0,0,0.0,0.0,0.0,0,0,0,1
w6_persistent_bearing,min_reff,10030,18,dir,3212.180697,3680.091337,467.91064000000006,3,1,1,0,536.0235945211538,0,112.20471890423076,500.0,500.0,1,0,0,1
w6_persistent_bearing,min_reff,10030,19,dir,324.0,6982.096396,6658.096396,24,23,2,21,346.0997138101751,22,206.21994276203503,500.0,500.0,1,0,0,1
w6_persistent_bearing,min_reff,10030,20,dir,928.345321,7368.173512,6439.8281910000005,21,18,0,18,6244.730174828951,17,1355.9460349657902,0.0,0.0,0,0,0,1
w6_persistent_bearing,min_reff,10031,2,dir,434.374487,5686.143987,5251.7695,21,20,4,16,667.4902501864692,14,247.49805003729384,246.5861638273599,444.598652093481,7,0,0,1
w6_persistent_bearing,min_reff,10031,3,omni,1729.155968,2769.011739,1039.855771,4,3,3,0,546.3767237011187,3,127.27534474022374,500.0,500.0,1,0,0,1
w6_persistent_bearing,min_reff,10031,4,dir,1735.155968,7960.502251,6225.346283,26,25,3,22,1521.7137806276623,20,449.34275612553245,315.1051835303234,500.0,6,0,0,1
w6_persistent_bearing,min_reff,10031,5,omni,416.374487,5509.214178,5092.839691,14,13,3,10,0.0,13,78.0,0.0,0.0,0,0,0,1
w6_persistent_bearing,min_reff,10031,10,dir,3528.257553,4014.858832,486.601279,5,3,3,0,733.420435270266,0,161.6840870540532,215.23392108229356,368.8750182363953,3,0,0,1
w6_persistent_bearing,min_reff,10031,12,omni,1783.155968,2223.944973,440.7890050000001,2,0,0,0,0.0,0,0.0,0.0,0.0,0,0,0,1
w6_persistent_bearing,min_reff,10031,13,omni,77.0,498.025649,421.025649,2,0,0,0,0.0,0,0.0,0.0,0.0,0,0,0,1
w6_persistent_bearing,min_reff,10031,15,dir,3510.257553,4808.679263,1298.42171,4,2,2,0,672.8720134353697,2,146.57440268707393,500.0,500.0,1,0,0,1
w6_persistent_bearing,min_reff,10031,17,dir,4406.011828,5047.602233,641.5904049999999,7,6,3,3,980.9794299503495,1,227.1958859900699,319.4603093708587,500.0,6,0,0,1
w6_persistent_bearing,min_reff,10031,18,dir,6726.561681,7096.309293,369.7476120000001,8,6,3,3,598.7445657081684,0,149.74891314163366,118.02788998817294,298.0626318700038,6,0,0,1
w6_persistent_bearing,min_reff,10031,19,dir,2904.247349,4233.860107,1329.6127580000002,5,4,2,2,2121.2852747940988,3,447.25705495881977,275.76869223325593,500.0,2,0,0,1
w6_persistent_bearing,min_reff,10031,20,dir,119.0,1221.058921,1102.058921,17,16,3,13,2006.781872911436,2,483.35637458228723,210.41666666666666,500.0,15,0,0,1
w6_persistent_bearing,min_reff,10032,2,dir,3249.568412,4661.498271,1411.9298590000003,5,4,2,2,0.0,4,24.0,0.0,0.0,0,0,0,1
w6_persistent_bearing,min_reff,10032,4,omni,649.0,1207.228045,558.2280450000001,2,0,0,0,0.0,0,0.0,0.0,0.0,0,0,0,1
w6_persistent_bearing,min_reff,10032,5,omni,3237.568412,4131.222481,893.6540689999997,4,2,2,0,556.3086149184859,2,123.26172298369718,500.0,500.0,1,0,0,1
w6_persistent_bearing,min_reff,10032,6,dir,5527.814142,6699.199458,1171.3853159999999,7,6,4,2,892.3705869526862,3,211.47411739053723,187.00008066425943,420.5641379081537,4,0,0,1
w6_persistent_bearing,min_reff,10032,9,omni,2835.902778,3332.830701,496.92792299999974,1,0,0,0,0.0,0,0.0,0.0,0.0,0,0,0,1
w6_persistent_bearing,min_reff,10032,12,omni,5497.814142,6837.366411,1339.5522689999998,3,1,1,0,0.0,1,6.0,0.0,0.0,0,0,0,1
w6_persistent_bearing,min_reff,10032,14,dir,1033.533203,5981.461522,4947.928319,21,20,3,17,2008.5431640511108,15,516.7086328102222,381.56054223165694,500.0,6,0,0,1
w6_persistent_bearing,min_reff,10032,15,omni,3177.568412,3476.779489,299.21107699999993,2,0,0,0,0.0,0,0.0,0.0,0.0,0,0,0,1
w6_persistent_bearing,min_reff,10032,16,dir,95.0,3056.033027,2961.033027,10,9,1,8,0.0,9,54.0,0.0,0.0,0,0,0,1
w6_persistent_bearing,min_reff,10032,20,dir,4785.746537,5240.972452,455.225915,9,8,2,6,1185.2476430905106,0,277.0495286181021,328.125,500.0,8,0,0,1
w6_persistent_bearing,min_reff,10033,1,omni,727.495584,1414.146985,686.6514010000001,2,0,0,0,0.0,0,0.0,0.0,0.0,0,0,0,1
w6_persistent_bearing,min_reff,10033,2,omni,733.495584,1484.496232,751.000648,2,0,0,0,0.0,0,0.0,0.0,0.0,0,0,0,1
w6_persistent_bearing,min_reff,10033,5,dir,4935.305187,5713.630564,778.3253770000001,3,2,1,1,0.0,2,12.0,0.0,0.0,0,0,0,1
w6_persistent_bearing,min_reff,10033,6,omni,757.495584,1330.675844,573.1802600000001,2,0,0,0,0.0,0,0.0,0.0,0.0,0,0,0,1
w6_persistent_bearing,min_reff,10033,7,omni,396.0,6062.264764,5666.264764,20,19,3,16,0.0,19,114.0,0.0,0.0,0,0,0,1
w6_persistent_bearing,min_reff,10033,8,omni,3936.999476,5099.304308,1162.3048319999998,5,4,2,2,1054.3989315144847,4,234.87978630289695,500.0,500.0,1,0,0,1
w6_persistent_bearing,min_reff,10033,11,dir,787.495584,1757.01172,969.516136,10,9,3,6,1096.607430584869,1,265.3214861169738,246.09117611594496,417.69410490019527,9,0,0,1
w6_persistent_bearing,min_reff,10033,12,dir,71.0,516.19889,445.19889,3,1,1,0,85.15026179447699,0,22.030052358895396,106.28022694157062,106.28022694157062,1,0,0,1
w6_persistent_bearing,min_reff,10033,14,dir,2836.101137,3548.547375,712.446238,3,0,0,0,0.0,0,0.0,0.0,0.0,0,0,0,1
w6_persistent_bearing,min_reff,10033,15,omni,89.0,1217.895836,1128.895836,3,2,1,1,0.0,2,12.0,0.0,0.0,0,0,0,1
w6_persistent_bearing,min_reff,10033,16,omni,95.0,946.486616,851.486616,2,1,1,0,0.0,1,6.0,0.0,0.0,0,0,0,1
w6_persistent_bearing,min_reff,10033,17,dir,2830.101137,3045.577416,215.47627899999998,1,0,0,0,0.0,0,0.0,0.0,0.0,0,0,0,1
w6_persistent_bearing,min_reff,10033,18,dir,330.0,6198.767348,5868.767348,20,19,2,17,0.0,19,114.0,0.0,0.0,0,0,0,1
w6_persistent_bearing,min_reff,10033,19,dir,324.0,6145.996775,5821.996775,20,19,1,18,0.0,19,114.0,0.0,0.0,0,0,0,1
w6_persistent_bearing,min_reff,10034,1,dir,631.0,3787.446349,3156.446349,10,9,2,7,3971.1636851359503,8,847.2327370271901,336.7457605035949,448.90337789318585,2,0,0,1
w6_persistent_bearing,min_reff,10034,2,omni,11.0,4653.900553,4642.900553,15,14,5,9,536.0913400082942,14,191.21826800165883,475.4775593255408,475.4775593255408,1,0,0,1
w6_persistent_bearing,min_reff,10034,4,dir,414.0,1022.953845,608.953845,3,1,1,0,471.3048532203468,0,99.26097064406936,159.2009246176293,159.2009246176293,1,0,0,1
w6_persistent_bearing,min_reff,10034,6,dir,4623.048861,5920.35194,1297.3030789999993,3,1,1,0,991.9783693992904,1,204.39567387985807,339.3142009748393,339.3142009748393,1,0,0,1
w6_persistent_bearing,min_reff,10034,7,dir,6541.282368,7097.730288,556.4479199999996,3,0,0,0,0.0,0,0.0,0.0,0.0,0,0,0,1
w6_persistent_bearing,min_reff,10034,9,omni,6529.282368,6999.548607,470.2662389999996,3,2,2,0,398.82745257793255,2,91.7654905155865,500.0,500.0,1,0,0,1
w6_persistent_bearing,min_reff,10034,11,dir,5180.176988,5649.075787,468.8987989999996,5,2,2,0,384.1211251071948,0,86.82422502143896,207.69631261732172,280.9660453910582,2,0,0,1
w6_persistent_bearing,min_reff,10034,13,omni,360.0,2326.779899,1966.7798990000001,5,4,3,1,0.0,4,24.0,0.0,0.0,0,0,0,1
w6_persistent_bearing,min_reff,10034,14,omni,6511.282368,6689.422592,178.14022399999976,1,0,0,0,0.0,0,0.0,0.0,0.0,0,0,0,1
w6_persistent_bearing,min_reff,10034,15,dir,348.0,764.740222,416.740222,1,0,0,0,0.0,0,0.0,0.0,0.0,0,0,0,1
w6_persistent_bearing,min_reff,10034,16,dir,4575.048861,4919.02467,343.9758089999996,2,0,0,0,0.0,0,0.0,0.0,0.0,0,0,0,1
w6_persistent_bearing,min_reff,10034,17,dir,2523.839913,2897.706073,373.86616000000004,3,2,2,0,564.2829308193182,0,122.85658616386362,288.6666499853623,500.0,2,0,0,1
w6_persistent_bearing,min_reff,10034,18,omni,107.0,1156.482463,1049.482463,2,0,0,0,0.0,0,0.0,0.0,0.0,0,0,0,1
w6_persistent_bearing,min_reff,10034,20,omni,1437.110112,7688.19762,6251.087508,22,18,2,16,5524.1607179184375,17,1211.8321435836874,0.0,0.0,0,0,0,1
w6_persistent_bearing,min_reff,10035,1,omni,4661.32529,5220.786357,559.4610670000002,2,0,0,0,0.0,0,0.0,0.0,0.0,0,0,0,1
w6_persistent_bearing,min_reff,10035,2,omni,11.0,3552.911368,3541.911368,10,9,1,8,0.0,9,54.0,0.0,0.0,0,0,0,1
w6_persistent_bearing,min_reff,10035,4,dir,337.0,5373.5787,5036.5787,17,16,1,15,0.0,16,96.0,0.0,0.0,0,0,0,1
w6_persistent_bearing,min_reff,10035,5,dir,6204.93344,6937.053259,732.1198190000005,9,8,5,3,1525.810751625086,0,345.1621503250172,300.53675649747856,500.0,8,0,0,1
w6_persistent_bearing,min_reff,10035,6,dir,716.0,6395.720853,5679.720853,20,19,1,18,0.0,19,114.0,0.0,0.0,0,0,0,1
w6_persistent_bearing,min_reff,10035,7,omni,1112.112957,1725.710094,613.597137,3,0,0,0,0.0,0,0.0,0.0,0.0,0,0,0,1
w6_persistent_bearing,min_reff,10035,9,omni,53.0,3451.059577,3398.059577,10,9,1,8,0.0,9,54.0,0.0,0.0,0,0,0,1
w6_persistent_bearing,min_reff,10035,10,dir,1130.112957,3056.598781,1926.485824,7,6,1,5,0.0,6,36.0,0.0,0.0,0,0,0,1
w6_persistent_bearing,min_reff,10035,11,dir,5956.565065,6302.292222,345.72715700000026,2,0,0,0,0.0,0,0.0,0.0,0.0,0,0,0,1
w6_persistent_bearing,min_reff,10035,12,omni,3704.049111,4276.332273,572.2831620000002,2,0,0,0,0.0,0,0.0,0.0,0.0,0,0,0,1
w6_persistent_bearing,min_reff,10035,13,dir,1148.112957,7261.781681,6113.668724,30,29,2,27,2295.4101081863205,20,624.0820216372641,229.14353435286606,500.0,11,0,0,1
w6_persistent_bearing,min_reff,10035,14,dir,83.0,924.192721,841.192721,4,3,2,1,394.182482473158,2,95.8364964946316,260.290176024833,500.0,2,0,0,1
w6_persistent_bearing,min_reff,10035,15,dir,3716.049111,4361.587522,645.538411,2,0,0,0,0.0,0,0.0,0.0,0.0,0,0,0,1
w6_persistent_bearing,min_reff,10035,17,omni,415.0,776.516497,361.51649699999996,1,0,0,0,0.0,0,0.0,0.0,0.0,0,0,0,1
w6_persistent_bearing,min_reff,10035,19,omni,113.0,827.654349,714.654349,2,0,0,0,0.0,0,0.0,0.0,0.0,0,0,0,1
w6_persistent_bearing,min_reff,10035,20,omni,433.0,6503.470266,6070.470266,21,19,1,18,5841.672088119227,16,1279.3344176238454,0.0,0.0,0,0,0,1
w6_persistent_bearing,min_reff,10036,2,omni,11.0,954.086969,943.086969,2,0,0,0,0.0,0,0.0,0.0,0.0,0,0,0,1
w6_persistent_bearing,min_reff,10036,3,dir,2124.479546,2481.437792,356.95824600000014,3,1,1,0,148.7948819922858,0,34.758976398457165,171.26085483669152,171.26085483669152,1,0,0,1
w6_persistent_bearing,min_reff,10036,7,dir,1165.469342,5943.303764,4777.834422,22,21,4,17,710.4944578243214,18,265.0988915648643,194.54982433914287,500.0,4,0,0,1
w6_persistent_bearing,min_reff,10036,8,dir,807.091631,4994.394362,4187.302731,16,15,2,13,0.0,15,90.0,0.0,0.0,0,0,0,1
w6_persistent_bearing,min_reff,10036,10,dir,2974.297874,3583.687281,609.3894070000001,2,0,0,0,0.0,0,0.0,0.0,0.0,0,0,0,1
w6_persistent_bearing,min_reff,10036,11,omni,65.0,549.025233,484.02523299999996,2,0,0,0,0.0,0,0.0,0.0,0.0,0,0,0,1
w6_persistent_bearing,min_reff,10036,13,omni,360.0,3931.938369,3571.938369,12,11,1,10,0.0,11,66.0,0.0,0.0,0,0,0,1
w6_persistent_bearing,min_reff,10036,14,dir,1425.469342,6404.814681,4979.3453389999995,22,20,4,16,1037.200854926321,17,324.4401709852642,118.26167648323616,252.35067359868503,4,0,0,1
w6_persistent_bearing,min_reff,10036,16,dir,95.0,628.999551,533.999551,2,0,0,0,0.0,0,0.0,0.0,0.0,0,0,0,1
w6_persistent_bearing,min_reff,10036,17,dir,336.0,4011.25505,3675.25505,13,12,2,10,482.4229482297559,12,168.4845896459512,482.422948229756,482.422948229756,1,0,0,1
w6_persistent_bearing,min_reff,10036,19,omni,1105.469342,5771.237163,4665.7678209999995,18,17,2,15,0.0,17,102.0,0.0,0.0,0,0,0,1
w6_persistent_bearing,min_reff,10036,20,dir,1099.469342,6538.194518,5438.725176,23,22,4,18,5414.065251306141,18,1210.8130502612282,203.5281666882176,500.0,4,0,0,1
w6_persistent_bearing,min_reff,10037,3,dir,17.0,2936.245418,2919.245418,6,5,1,4,0.0,5,30.0,0.0,0.0,0,0,0,1
w6_persistent_bearing,min_reff,10037,5,dir,1539.550946,6483.260075,4943.709129,18,17,1,16,505.16335506502844,17,203.03267101300568,500.0,500.0,1,0,0,1
w6_persistent_bearing,min_reff,10037,8,dir,47.0,2760.828142,2713.828142,7,6,2,4,496.15304805649953,6,135.2306096112999,496.15304805649953,496.15304805649953,1,0,0,1
w6_persistent_bearing,min_reff,10037,9,dir,2682.709466,3419.539089,736.8296230000001,1,0,0,0,0.0,0,0.0,0.0,0.0,0,0,0,1
w6_persistent_bearing,min_reff,10037,10,omni,378.0,3941.447559,3563.447559,8,6,3,3,907.1441466459972,6,217.42882932919946,494.74545695198134,494.74545695198134,1,0,0,1
w6_persistent_bearing,min_reff,10037,11,dir,6709.00342,7208.555223,499.5518030000003,7,6,3,3,893.3222979657809,1,209.66445959315618,177.69015341043914,500.0,6,0,0,1
w6_persistent_bearing,min_reff,10037,14,dir,83.0,3259.909424,3176.909424,21,20,3,17,1686.6298853980784,7,444.32597707961565,210.41666666666666,500.0,15,0,0,1
w6_persistent_bearing,min_reff,10037,15,dir,348.0,865.748212,517.748212,11,10,4,6,1081.1680338114725,0,266.23360676229447,270.98827456620495,500.0,10,0,0,1
w6_persistent_bearing,min_reff,10037,16,dir,95.0,1352.903055,1257.903055,4,3,2,1,1094.6954478102614,2,235.9390895620523,500.0,500.0,2,0,0,1
w6_persistent_bearing,min_reff,10037,19,dir,113.0,2214.129968,2101.129968,5,4,2,2,254.1537091789379,4,74.83074183578758,254.15370917893787,254.15370917893787,1,0,0,1
w6_persistent_bearing,min_reff,10037,20,dir,2330.53452,3023.758452,693.2239319999999,3,2,2,0,359.68581464890394,0,81.93716292978078,306.8463274089454,500.0,2,0,0,1
w6_persistent_bearing,min_reff,10038,4,dir,3011.164871,3622.809767,611.6448960000002,3,2,2,0,403.63215348713254,1,91.72643069742651,500.0,500.0,1,0,0,1
w6_persistent_bearing,min_reff,10038,6,omni,35.0,4989.520166,4954.520166,13,12,1,11,0.0,12,72.0,0.0,0.0,0,0,0,1
w6_persistent_bearing,min_reff,10038,7,dir,3867.282448,4417.916168,550.6337199999998,9,8,2,6,898.2113115322414,0,219.6422623064483,258.57244791846085,500.0,8,0,0,1
w6_persistent_bearing,min_reff,10038,9,dir,3855.282448,4804.785826,949.5033780000003,7,6,3,3,874.9775993700554,0,204.99551987401108,183.46492969515813,500.0,6,0,0,1
w6_persistent_bearing,min_reff,10038,11,dir,5142.753188,5494.483428,351.73023999999987,1,0,0,0,0.0,0,0.0,0.0,0.0,0,0,0,1
w6_persistent_bearing,min_reff,10038,13,dir,703.0,3997.756699,3294.756699,11,10,1,9,0.0,10,60.0,0.0,0.0,0,0,0,1
w6_persistent_bearing,min_reff,10038,15,omni,5124.753188,6770.702816,1645.9496280000003,5,4,2,2,0.0,4,24.0,0.0,0.0,0,0,0,1
w6_persistent_bearing,min_reff,10038,16,dir,6329.361251,7365.383165,1036.021914,3,1,1,0,494.5272245006838,1,104.90544490013676,500.0,500.0,1,0,0,1
w6_persistent_bearing,min_reff,10038,19,dir,6311.361251,7179.974996,868.6137449999997,16,15,2,13,1796.314410142162,2,436.2628820284324,207.58928571428572,500.0,14,0,0,1
w6_persistent_bearing,min_reff,10038,20,dir,745.0,1699.461157,954.461157,3,2,1,1,140.00000000000009,2,40.000000000000014,0.0,0.0,0,0,0,1
w6_persistent_bearing,min_reff,10039,1,omni,6238.88349,6788.517572,549.6340819999996,3,0,0,0,0.0,0,0.0,0.0,0.0,0,0,0,1
w6_persistent_bearing,min_reff,10039,5,dir,3708.350915,5618.40128,1910.050365,11,9,2,7,1268.5289090982494,5,303.70578181964987,450.0,500.0,5,0,0,1
w6_persistent_bearing,min_reff,10039,6,dir,35.0,5833.691735,5798.691735,16,15,1,14,0.0,15,90.0,0.0,0.0,0,0,0,1
w6_persistent_bearing,min_reff,10039,8,dir,47.0,5311.659354,5264.659354,16,15,1,14,0.0,15,90.0,0.0,0.0,0,0,0,1
w6_persistent_bearing,min_reff,10039,9,dir,2795.208361,3434.118244,638.9098829999998,7,6,3,3,846.88301812342,0,199.376603624684,279.3172543322259,448.63448721486066,6,0,0,1
w6_persistent_bearing,min_reff,10039,10,dir,59.0,587.946983,528.946983,2,0,0,0,0.0,0,0.0,0.0,0.0,0,0,0,1
w6_persistent_bearing,min_reff,10039,13,omni,77.0,5788.715373,5711.715373,16,15,2,13,0.0,15,90.0,0.0,0.0,0,0,0,1
w6_persistent_bearing,min_reff,10039,15,dir,1052.047584,1747.687929,695.640345,2,0,0,0,0.0,0,0.0,0.0,0.0,0,0,0,1
w6_persistent_bearing,min_reff,10039,16,dir,799.047584,1877.247527,1078.199943,3,2,1,1,0.0,2,12.0,0.0,0.0,0,0,0,1
w6_persistent_bearing,min_reff,10039,17,dir,2462.891405,3155.881519,692.9901140000002,11,10,3,7,1296.5498462525627,2,311.30996925051255,294.2908179589772,500.0,9,0,0,1
w6_persistent_bearing,min_reff,10039,18,dir,2759.208361,5676.53441,2917.3260490000002,7,5,0,5,0.0,5,30.0,0.0,0.0,0,0,0,1
w6_persistent_bearing,min_reff,10040,2,dir,671.035854,4367.153036,3696.117182,14,13,3,10,243.00247817846673,12,125.60049563569335,121.50123908923337,161.97257329179476,2,0,0,1
w6_persistent_bearing,min_reff,10040,3,dir,420.0,5531.042309,5111.042309,20,19,3,16,580.8022595027364,18,229.1604519005473,366.3466469018517,491.7027213427217,2,0,0,1
w6_persistent_bearing,min_reff,10040,4,dir,23.0,1253.871486,1230.871486,4,3,2,1,348.9921281552414,3,87.79842563104827,348.9921281552414,348.9921281552414,1,0,0,1
w6_persistent_bearing,min_reff,10040,6,dir,1407.632838,7048.163338,5640.530500000001,27,26,3,23,1286.0969154503139,20,407.21938309006276,392.85714285714283,500.0,7,0,0,1
w6_persistent_bearing,min_reff,10040,8,omni,47.0,576.050114,529.050114,1,0,0,0,0.0,0,0.0,0.0,0.0,0,0,0,1
w6_persistent_bearing,min_reff,10040,9,omni,384.0,5653.845375,5269.845375,19,18,3,15,235.20320980604944,18,155.04064196120987,328.90993287887846,328.90993287887846,1,0,0,1
w6_persistent_bearing,min_reff,10040,10,dir,1732.632838,6993.052983,5260.420145,21,20,2,18,399.11161378474276,20,199.82232275694855,399.11161378474276,399.11161378474276,1,0,0,1
w6_persistent_bearing,min_reff,10040,11,omni,1431.632838,2832.634209,1401.0013709999998,5,4,3,1,543.1594750656424,4,132.63189501312849,482.6006902336652,482.6006902336652,1,0,0,1
w6_persistent_bearing,min_reff,10040,12,omni,5824.661433,6315.106068,490.44463499999983,2,0,0,0,0.0,0,0.0,0.0,0.0,0,0,0,1
w6_persistent_bearing,min_reff,10040,13,omni,5830.661433,6366.496216,535.8347829999993,2,0,0,0,0.0,0,0.0,0.0,0.0,0,0,0,1
w6_persistent_bearing,min_reff,10040,14,dir,4572.654607,5133.072245,560.4176379999999,3,2,2,0,581.3836717775738,2,128.27673435551475,500.0,500.0,1,0,0,1
w6_persistent_bearing,min_reff,10040,15,dir,1030.29183,3661.047982,2630.756152,8,7,1,6,0.0,7,42.0,0.0,0.0,0,0,0,1
w6_persistent_bearing,min_reff,10040,17,omni,5341.30016,5995.614609,654.3144490000004,3,0,0,0,0.0,0,0.0,0.0,0.0,0,0,0,1
w6_persistent_bearing,min_reff,10040,18,dir,5848.661433,7388.766374,1540.1049409999996,8,7,4,3,1555.3360324417474,4,350.0672064883495,190.2577880187559,500.0,4,0,0,1
w6_persistent_bearing,min_reff,10040,20,dir,119.0,846.236718,727.236718,2,0,0,0,0.0,0,0.0,0.0,0.0,0,0,0,1
w6_persistent_bearing,min_reff,10041,2,dir,2928.267166,3700.214479,771.9473130000001,12,11,4,7,1405.209800861101,3,339.04196017222023,316.81489136616705,500.0,10,0,0,1
w6_persistent_bearing,min_reff,10041,3,omni,17.0,508.401672,491.401672,2,0,0,0,0.0,0,0.0,0.0,0.0,0,0,0,1
w6_persistent_bearing,min_reff,10041,4,omni,23.0,5766.157096,5743.157096,16,15,3,12,0.0,15,90.0,0.0,0.0,0,0,0,1
w6_persistent_bearing,min_reff,10041,5,dir,408.0,924.530213,516.530213,1,0,0,0,0.0,0,0.0,0.0,0.0,0,0,0,1
w6_persistent_bearing,min_reff,10041,7,dir,6268.79183,6718.935678,450.1438479999997,7,6,3,3,971.2617054680995,0,224.25234109361992,304.5942667079643,500.0,6,0,0,1
w6_persistent_bearing,min_reff,10041,8,dir,390.0,2401.959037,2011.959037,9,8,2,6,643.4804436178234,6,174.69608872356469,500.0,500.0,4,0,0,1
w6_persistent_bearing,min_reff,10041,10,dir,1262.954853,2073.597015,810.6421619999999,5,4,4,0,985.4091482493168,3,220.08182964986335,264.32571412097593,458.2029513153981,3,0,0,1
w6_persistent_bearing,min_reff,10041,11,dir,2141.376875,3376.591781,1235.2149060000002,7,6,5,1,822.3999996661752,2,196.47999993323504,175.80161530431954,500.0,5,0,0,1
w6_persistent_bearing,min_reff,10041,14,omni,728.692001,6038.259164,5309.567163,15,14,1,13,0.0,14,84.0,0.0,0.0,0,0,0,1
w6_persistent_bearing,min_reff,10041,16,dir,1738.965057,2678.708905,939.7438480000001,6,5,2,3,1211.8895367988564,1,268.37790735977126,450.0,500.0,5,0,0,1
w6_persistent_bearing,min_reff,10041,18,omni,3425.458795,4212.227646,786.7688510000003,4,3,3,0,1191.898167035567,1,254.3796334071134,188.4369177727219,500.0,3,0,0,1
w6_persistent_bearing,min_reff,10041,19,dir,5365.473071,5563.7548,198.28172899999936,1,0,0,0,0.0,0,0.0,0.0,0.0,0,0,0,1
w6_persistent_bearing,min_reff,10041,20,dir,119.0,2266.245847,2147.245847,7,5,1,4,385.0561174222699,4,106.01122348445398,487.7835239607618,487.7835239607618,1,0,0,1
w6_persistent_bearing,min_reff,10042,2,dir,7172.656241,7533.606309,360.9500680000001,1,0,0,0,0.0,0,0.0,0.0,0.0,0,0,0,1
w6_persistent_bearing,min_reff,10042,3,omni,2198.279151,3082.338102,884.058951,1,0,0,0,0.0,0,0.0,0.0,0.0,0,0,0,1
w6_persistent_bearing,min_reff,10042,4,dir,5473.511328,5977.895123,504.38379500000065,5,4,4,0,725.2552899013285,1,166.0510579802657,167.3576751157372,500.0,4,0,0,1
w6_persistent_bearing,min_reff,10042,8,dir,3667.966275,3969.519759,301.55348399999957,1,0,0,0,0.0,0,0.0,0.0,0.0,0,0,0,1
w6_persistent_bearing,min_reff,10042,9,dir,6867.163453,7310.764963,443.6015099999995,1,0,0,0,0.0,0,0.0,0.0,0.0,0,0,0,1
w6_persistent_bearing,min_reff,10042,10,dir,1019.597232,7717.558408,6697.961176,26,24,5,19,1214.37510948351,21,383.875021896702,167.84046067941995,433.08708380030464,5,0,0,1
w6_persistent_bearing,min_reff,10042,11,dir,2913.637192,4261.582719,1347.9455269999999,4,3,1,2,720.0900203549115,3,162.0180040709823,500.0,500.0,1,0,0,1
w6_persistent_bearing,min_reff,10042,12,dir,5756.511328,7022.224096,1265.7127680000003,7,6,2,4,536.0689538162607,5,142.21379076325212,261.47825172744245,500.0,2,0,0,1
w6_persistent_bearing,min_reff,10042,13,dir,2258.279151,2682.25354,423.974389,7,6,3,3,864.526094900055,0,202.905218980011,310.5877997863777,500.0,6,0,0,1
w6_persistent_bearing,min_reff,10042,14,dir,354.0,820.285566,466.285566,9,8,2,6,900.8667178315428,0,220.17334356630857,297.2514741997039,500.0,8,0,0,1
w6_persistent_bearing,min_reff,10042,16,dir,3631.966275,4620.81678,988.8505049999999,6,5,4,1,622.1668002345997,2,151.43336004691994,162.28038100030108,500.0,4,0,0,1
w6_persistent_bearing,min_reff,10042,17,dir,1884.607436,2409.172031,524.564595,2,0,0,0,0.0,0,0.0,0.0,0.0,0,0,0,1
w6_persistent_bearing,min_reff,10043,7,omni,41.0,1650.576497,1609.576497,4,3,2,1,59.76868897580736,3,29.953737795161473,500.0,500.0,1,0,0,1
w6_persistent_bearing,min_reff,10043,8,dir,687.867205,1415.380339,727.513134,8,7,4,3,994.4569654157655,1,234.8913930831531,270.13589450587875,500.0,7,0,0,1
w6_persistent_bearing,min_reff,10043,9,omni,391.369069,6059.256529,5667.88746,18,17,2,15,0.0,17,102.0,0.0,0.0,0,0,0,1
w6_persistent_bearing,min_reff,10043,10,omni,59.0,509.582368,450.582368,2,0,0,0,0.0,0,0.0,0.0,0.0,0,0,0,1
w6_persistent_bearing,min_reff,10043,11,omni,65.0,1078.13889,1013.13889,3,2,2,0,250.6304157702325,2,62.1260831540465,250.63041577023247,250.63041577023247,1,0,0,1
w6_persistent_bearing,min_reff,10043,14,dir,4931.040405,5516.132782,585.0923769999999,2,0,0,0,0.0,0,0.0,0.0,0.0,0,0,0,1
w6_persistent_bearing,min_reff,10043,16,dir,729.867205,5575.75798,4845.890775,15,14,1,13,0.0,14,84.0,0.0,0.0,0,0,0,1
w6_persistent_bearing,min_reff,10043,17,dir,4208.001372,4541.401449,333.40007700000024,2,0,0,0,0.0,0,0.0,0.0,0.0,0,0,0,1
w6_persistent_bearing,min_reff,10043,19,dir,2799.813659,3267.286913,467.473254,7,6,3,3,874.8958624802527,0,204.97917249605055,306.55375427160163,500.0,6,0,0,1
w6_persistent_bearing,min_reff,10043,20,dir,119.0,1016.306163,897.306163,3,1,1,0,545.749037501521,1,115.1498075003042,454.5356329450736,454.5356329450736,1,0,0,1
w6_persistent_bearing,min_reff,10044,1,dir,5082.131521,6264.916696,1182.785175,4,2,0,2,0.0,2,12.0,0.0,0.0,0,0,0,1
w6_persistent_bearing,min_reff,10044,2,dir,4155.553338,4943.60555,788.0522120000005,5,3,2,1,493.6626582385188,2,115.73253164770377,241.36077706470388,321.7550617578177,2,0,0,1
w6_persistent_bearing,min_reff,10044,4,omni,2596.020408,3757.393625,1161.3732170000003,3,1,1,0,0.0,1,6.0,0.0,0.0,0,0,0,1
w6_persistent_bearing,min_reff,10044,6,dir,35.0,3468.865203,3433.865203,14,13,3,10,888.8594525153169,11,253.7718905030634,249.86768706065445,500.0,3,0,0,1
w6_persistent_bearing,min_reff,10044,9,dir,5112.131521,6307.66653,1195.5350090000002,4,3,1,2,0.0,3,18.0,0.0,0.0,0,0,0,1
w6_persistent_bearing,min_reff,10044,10,dir,59.0,6924.462838,6865.462838,23,21,1,20,809.960194318791,21,287.9920388637582,189.538359691195,189.538359691195,1,0,0,1
w6_persistent_bearing,min_reff,10044,11,omni,4197.553338,4813.860519,616.3071810000001,2,0,0,0,0.0,0,0.0,0.0,0.0,0,0,0,1
w6_persistent_bearing,min_reff,10044,12,dir,2253.020408,2955.177779,702.1573710000002,6,5,4,1,623.0248200275074,2,151.60496400550147,192.55945725097035,500.0,4,0,0,1
w6_persistent_bearing,min_reff,10044,16,dir,2524.020408,2799.784221,275.763813,1,0,0,0,0.0,0,0.0,0.0,0.0,0,0,0,1
w6_persistent_bearing,min_reff,10044,17,dir,4221.553338,5247.624194,1026.0708560000003,4,3,3,0,324.3632741414816,3,82.87265482829632,324.36327414148155,324.36327414148155,1,0,0,1
w6_persistent_bearing,min_reff,10044,20,dir,747.0,7087.900817,6340.900817,20,17,0,17,6522.530400044567,15,1404.5060800089134,0.0,0.0,0,0,0,1
w6_persistent_bearing,min_reff,10045,1,dir,1765.631931,1998.006807,232.37487600000009,3,0,0,0,0.0,0,0.0,0.0,0.0,0,0,0,1
w6_persistent_bearing,min_reff,10045,3,dir,1753.631931,2227.291499,473.65956800000004,2,0,0,0,0.0,0,0.0,0.0,0.0,0,0,0,1
w6_persistent_bearing,min_reff,10045,5,dir,4192.096518,5427.443038,1235.34652,8,6,1,5,1605.184208982008,3,354.0368417964016,437.5,500.0,4,0,0,1
w6_persistent_bearing,min_reff,10045,6,dir,402.0,6728.860332,6326.860332,22,21,2,19,0.0,21,126.0,0.0,0.0,0,0,0,1
w6_persistent_bearing,min_reff,10045,8,dir,390.0,1001.418274,611.418274,3,0,0,0,0.0,0,0.0,0.0,0.0,0,0,0,1
w6_persistent_bearing,min_reff,10045,9,dir,1414.621727,2108.735192,694.1134650000001,6,5,4,1,390.59942961609124,2,105.11988592321825,186.7674901487124,500.0,4,0,0,1
w6_persistent_bearing,min_reff,10045,11,omni,372.0,6787.732161,6415.732161,22,19,2,17,0.0,19,114.0,0.0,0.0,0,0,0,1
w6_persistent_bearing,min_reff,10045,12,omni,4542.106722,5048.329878,506.2231559999991,3,0,0,0,0.0,0,0.0,0.0,0.0,0,0,0,1
w6_persistent_bearing,min_reff,10045,16,dir,776.347996,1231.467944,455.119948,3,1,1,0,333.6631822324077,0,71.73263644648154,296.3201749599535,296.3201749599535,1,0,0,1
w6_persistent_bearing,min_reff,10045,17,omni,336.0,1014.831156,678.831156,3,0,0,0,0.0,0,0.0,0.0,0.0,0,0,0,1
w6_persistent_bearing,min_reff,10045,18,omni,3625.08978,4057.932906,432.8431260000002,1,0,0,0,0.0,0,0.0,0.0,0.0,0,0,0,1
w6_persistent_bearing,min_reff,10045,20,dir,119.0,5814.348989,5695.348989,19,18,1,17,5338.877207534993,15,1172.7754415069987,0.0,0.0,0,0,0,1
w6_persistent_bearing,min_reff,10046,3,omni,427.369069,4031.532269,3604.1632,12,11,2,9,0.0,11,66.0,0.0,0.0,0,0,0,1
w6_persistent_bearing,min_reff,10046,4,omni,676.481523,3172.238362,2495.756839,8,6,2,4,0.0,6,36.0,0.0,0.0,0,0,0,1
w6_persistent_bearing,min_reff,10046,5,dir,1109.992481,2692.805518,1582.8130370000001,10,9,3,6,874.4378486164695,5,224.8875697232939,187.35483594715106,416.1862015710067,5,0,0,1
w6_persistent_bearing,min_reff,10046,8,dir,47.0,517.6114,470.6114,2,0,0,0,0.0,0,0.0,0.0,0.0,0,0,0,1
w6_persistent_bearing,min_reff,10046,10,dir,5537.348733,6049.060302,511.71156900000005,2,0,0,0,0.0,0,0.0,0.0,0.0,0,0,0,1
w6_persistent_bearing,min_reff,10046,13,omni,1398.992481,1907.617103,508.62462200000004,2,0,0,0,0.0,0,0.0,0.0,0.0,0,0,0,1
w6_persistent_bearing,min_reff,10046,14,dir,4421.345347,5451.112606,1029.7672589999993,6,4,4,0,950.1388038474647,1,211.02776076949294,198.06038101384584,422.49583359070823,4,0,0,1
w6_persistent_bearing,min_reff,10046,15,omni,89.0,4792.212173,4703.212173,16,14,2,12,0.0,14,84.0,0.0,0.0,0,0,0,1
w6_persistent_bearing,min_reff,10046,16,dir,95.0,919.29437,824.29437,4,3,2,1,670.4692645273594,2,151.0938529054719,274.9033666054876,500.0,2,0,0,1
w6_persistent_bearing,min_reff,10046,17,omni,748.481523,3553.134338,2804.652815,10,9,2,7,290.4737233928131,9,112.09474467856262,290.47372339281304,290.47372339281304,1,0,0,1
w6_persistent_bearing,min_reff,10046,18,dir,337.369069,5224.982454,4887.613385,17,16,2,14,746.8944391184846,16,245.3788878236969,500.0,500.0,1,0,0,1
w6_persistent_bearing,min_reff,10046,19,dir,4403.345347,4982.309171,578.9638239999995,6,4,1,3,674.9492159896156,0,154.9898431979231,437.5,500.0,4,0,0,1
w6_persistent_bearing,min_reff,10047,1,omni,4405.700723,4891.567288,485.86656500000026,3,0,0,0,0.0,0,0.0,0.0,0.0,0,0,0,1
w6_persistent_bearing,min_reff,10047,2,omni,2189.937115,2766.047118,576.1100029999998,2,0,0,0,0.0,0,0.0,0.0,0.0,0,0,0,1
w6_persistent_bearing,min_reff,10047,5,dir,408.0,868.516671,460.516671,6,4,2,2,153.06255487853682,0,50.612510975707366,71.67342105693953,114.63787301605888,4,0,0,1
w6_persistent_bearing,min_reff,10047,7,omni,3346.463645,3780.10697,433.643325,2,0,0,0,0.0,0,0.0,0.0,0.0,0,0,0,1
w6_persistent_bearing,min_reff,10047,9,omni,4375.700723,4802.494466,426.7937430000002,2,0,0,0,0.0,0,0.0,0.0,0.0,0,0,0,1
w6_persistent_bearing,min_reff,10047,10,omni,4369.700723,4858.488252,488.7875290000002,1,0,0,0,0.0,0,0.0,0.0,0.0,0,0,0,1
w6_persistent_bearing,min_reff,10047,11,dir,713.530422,1627.862952,914.3325299999999,4,3,2,1,1175.6966846835728,3,253.13933693671456,375.8977477752743,500.0,2,0,0,1
w6_persistent_bearing,min_reff,10047,12,dir,4363.700723,6116.555875,1752.855152,18,17,4,13,2840.00709995799,6,659.0014199915979,237.51274022408356,500.0,13,0,0,1
w6_persistent_bearing,min_reff,10047,15,dir,3660.463645,4245.80067,585.3370249999998,4,3,2,1,881.9985108833043,2,193.39970217666087,297.59230591541626,500.0,2,0,0,1
w6_persistent_bearing,min_reff,10047,17,dir,101.0,2581.525542,2480.525542,12,11,4,7,322.9421356564248,7,126.58842713128496,134.35330352045025,179.12493700565236,5,0,0,1
w6_persistent_bearing,min_reff,10047,18,omni,2105.937115,2836.763624,730.826509,1,0,0,0,0.0,0,0.0,0.0,0.0,0,0,0,1
w6_persistent_bearing,min_reff,10047,19,dir,761.530422,1529.97423,768.443808,7,6,3,3,700.2925966886912,1,171.05851933773823,318.2826896911222,500.0,6,0,0,1
w6_persistent_bearing,min_reff,10047,20,omni,119.0,572.061235,453.061235,2,0,0,0,0.0,0,0.0,0.0,0.0,0,0,0,1
w6_persistent_bearing,min_reff,10048,1,dir,3226.88459,6922.427567,3695.5429769999996,21,20,3,17,6675.382820875698,12,1447.0765641751395,320.4800149958019,500.0,6,0,0,1
w6_persistent_bearing,min_reff,10048,2,omni,11.0,6457.901945,6446.901945,23,22,2,20,0.0,22,132.0,0.0,0.0,0,0,0,1
w6_persistent_bearing,min_reff,10048,5,omni,1059.674643,2076.132971,1016.4583279999999,3,0,0,0,0.0,0,0.0,0.0,0.0,0,0,0,1
w6_persistent_bearing,min_reff,10048,6,omni,1065.674643,2137.789478,1072.114835,2,0,0,0,0.0,0,0.0,0.0,0.0,0,0,0,1
w6_persistent_bearing,min_reff,10048,7,dir,2547.032884,2945.844943,398.81205899999986,2,0,0,0,0.0,0,0.0,0.0,0.0,0,0,0,1
w6_persistent_bearing,min_reff,10048,8,omni,5546.272281,6077.632988,531.3607070000007,2,0,0,0,0.0,0,0.0,0.0,0.0,0,0,0,1
w6_persistent_bearing,min_reff,10048,9,omni,4426.904998,4811.738857,384.8338590000003,1,0,0,0,0.0,0,0.0,0.0,0.0,0,0,0,1
w6_persistent_bearing,min_reff,10048,10,dir,378.0,1566.862217,1188.862217,9,8,3,5,498.0810879307551,3,142.616217586151,306.62461319094837,500.0,6,0,0,1
w6_persistent_bearing,min_reff,10048,12,dir,5214.262077,5648.030169,433.76809199999934,2,0,0,0,0.0,0,0.0,0.0,0.0,0,0,0,1
w6_persistent_bearing,min_reff,10048,13,dir,360.0,1644.689753,1284.689753,4,3,2,1,235.99478435842215,3,65.19895687168443,465.19041187436557,465.19041187436557,1,0,0,1
w6_persistent_bearing,min_reff,10048,14,dir,354.0,878.592431,524.592431,2,1,1,0,600.5222649518838,1,126.10445299037676,437.9477242096617,437.9477242096617,1,0,0,1
w6_persistent_bearing,min_reff,10048,16,omni,95.0,6323.782616,6228.782616,23,21,2,19,0.0,21,126.0,0.0,0.0,0,0,0,1
w6_persistent_bearing,min_reff,10048,17,dir,101.0,1856.945774,1755.945774,8,7,4,3,876.21950817136,4,214.243901634272,229.69966391992796,500.0,4,0,0,1
w6_persistent_bearing,min_reff,10048,18,omni,330.0,2025.766011,1695.766011,5,4,4,0,416.8903352220923,4,107.37806704441846,416.8903352220923,416.8903352220923,1,0,0,1
w6_persistent_bearing,min_reff,10048,19,omni,2505.032884,2730.125805,225.09292099999993,1,0,0,0,0.0,0,0.0,0.0,0.0,0,0,0,1
w6_persistent_bearing,min_reff,10049,3,omni,3029.484399,7765.734819,4736.25042,17,14,2,12,0.0,14,84.0,0.0,0.0,0,0,0,1
w6_persistent_bearing,min_reff,10049,6,dir,402.0,3841.211375,3439.211375,12,11,2,9,1382.6955901935924,8,339.53911803871847,355.6505885862193,500.0,5,0,0,1
w6_persistent_bearing,min_reff,10049,7,dir,6786.032178,7130.395151,344.36297299999933,5,4,4,0,624.043834747723,0,144.8087669495446,167.8732958412001,500.0,4,0,0,1
w6_persistent_bearing,min_reff,10049,13,dir,1789.165459,6308.501298,4519.335839,14,13,1,12,0.0,13,78.0,0.0,0.0,0,0,0,1
w6_persistent_bearing,min_reff,10049,14,dir,3441.746473,4222.300554,780.5540810000002,3,0,0,0,0.0,0,0.0,0.0,0.0,0,0,0,1
w6_persistent_bearing,min_reff,10049,15,dir,348.0,3386.138964,3038.138964,6,5,2,3,389.1705466056228,5,107.83410932112456,389.17054660562275,389.17054660562275,1,0,0,1
w6_persistent_bearing,min_reff,10049,17,dir,962.0,2050.981459,1088.981459,6,5,4,1,436.7296155105894,2,114.34592310211788,167.73027688513005,500.0,4,0,0,1
w6_persistent_bearing,min_reff,10049,18,dir,956.0,1473.900058,517.900058,7,6,3,3,944.4394429787664,0,218.88788859575328,307.61125745595194,500.0,6,0,0,1
w6_persistent_bearing,min_reff,10049,19,dir,2441.608096,2864.46578,422.85768400000006,6,5,2,3,654.7855742252228,0,155.95711484504457,356.54652658821107,500.0,5,0,0,1
w6_persistent_bearing,min_reff,10049,20,dir,944.0,2256.582934,1312.582934,7,6,3,3,1379.1589448322252,1,306.83178896644506,381.3661743588907,500.0,6,0,0,1
w6_persistent_bearing,collinear,10000,1,dir,5.0,3932.167077,3927.167077,12,11,4,7,3471.9012165189197,9,758.3802433037839,500.0,500.0,2,0,0,1
w6_persistent_bearing,collinear,10000,2,dir,3377.427139,3808.893668,431.46652900000026,2,0,0,0,0.0,0,0.0,0.0,0.0,0,0,0,1
w6_persistent_bearing,collinear,10000,3,omni,17.0,1194.495571,1177.495571,2,0,0,0,0.0,0,0.0,0.0,0.0,0,0,0,1
w6_persistent_bearing,collinear,10000,4,dir,1612.867005,4058.906169,2446.039164,10,9,3,6,392.87583495547483,8,131.57516699109496,500.0,500.0,1,0,0,1
w6_persistent_bearing,collinear,10000,5,dir,29.0,922.477385,893.477385,2,1,1,0,0.9162977290761457,1,6.183259545815229,500.0,500.0,1,0,0,1
w6_persistent_bearing,collinear,10000,6,omni,35.0,1379.920317,1344.920317,5,4,4,0,749.0380217888528,2,171.80760435777057,165.8806122263022,500.0,4,0,0,1
w6_persistent_bearing,collinear,10000,7,omni,396.0,759.713829,363.71382900000003,1,0,0,0,0.0,0,0.0,0.0,0.0,0,0,0,1
w6_persistent_bearing,collinear,10000,9,dir,53.0,609.25117,556.25117,2,0,0,0,0.0,0,0.0,0.0,0.0,0,0,0,1
w6_persistent_bearing,collinear,10000,10,omni,59.0,476.878728,417.878728,2,0,0,0,0.0,0,0.0,0.0,0.0,0,0,0,1
w6_persistent_bearing,collinear,10000,13,dir,3714.437343,4220.612193,506.1748499999999,4,3,2,1,694.1227535550474,1,154.8245507110095,340.69471311667456,500.0,3,0,0,1
w6_persistent_bearing,collinear,10000,14,dir,1582.867005,1889.928698,307.0616929999999,2,0,0,0,0.0,0,0.0,0.0,0.0,0,0,0,1
w6_persistent_bearing,collinear,10000,16,dir,95.0,1935.505944,1840.505944,12,11,5,6,1439.8995131351717,4,346.97990262703433,275.0,500.0,10,0,0,1
w6_persistent_bearing,collinear,10000,17,dir,3335.427139,3878.450127,543.0229880000002,2,0,0,0,0.0,0,0.0,0.0,0.0,0,0,0,1
w6_persistent_bearing,collinear,10000,19,omni,113.0,1149.45813,1036.45813,2,0,0,0,0.0,0,0.0,0.0,0.0,0,0,0,1
w6_persistent_bearing,collinear,10001,1,dir,5.0,5914.665458,5909.665458,23,22,4,18,6661.205409082889,18,1460.2410818165777,302.5679963931321,500.0,4,0,0,1
w6_persistent_bearing,collinear,10001,2,omni,11.0,3559.284283,3548.284283,14,13,5,8,373.98306258325914,9,148.79661251665183,174.29046757384828,500.0,5,0,0,1
w6_persistent_bearing,collinear,10001,3,dir,17.0,1739.335758,1722.335758,7,6,2,4,219.47577943458992,5,78.89515588691799,294.0880853211784,500.0,2,0,0,1
w6_persistent_bearing,collinear,10001,4,omni,23.0,1759.175992,1736.175992,5,3,1,2,0.0,3,18.0,0.0,0.0,0,0,0,1
w6_persistent_bearing,collinear,10001,5,dir,408.0,1677.599778,1269.599778,7,6,4,2,601.8575405503113,4,154.37150811006228,200.61918018343712,343.8331529480236,3,0,0,1
w6_persistent_bearing,collinear,10001,8,dir,5604.05429,5755.596214,151.5419240000001,2,0,0,0,0.0,0,0.0,0.0,0.0,0,0,0,1
w6_persistent_bearing,collinear,10001,9,dir,384.0,3411.824656,3027.824656,12,11,4,7,994.9789900747978,8,261.9957980149596,238.7623871940171,500.0,4,0,0,1
w6_persistent_bearing,collinear,10001,14,omni,83.0,5983.711362,5900.711362,19,17,5,12,0.0,17,102.0,0.0,0.0,0,0,0,1
w6_persistent_bearing,collinear,10001,16,dir,2038.994006,2758.984661,719.9906550000001,3,0,0,0,0.0,0,0.0,0.0,0.0,0,0,0,1
w6_persistent_bearing,collinear,10001,17,dir,3689.88058,5816.450882,2126.570302,10,9,4,5,500.0,9,154.0,500.0,500.0,1,0,0,1
w6_persistent_bearing,collinear,10001,18,omni,107.0,3174.097007,3067.097007,9,7,2,5,0.0,7,42.0,0.0,0.0,0,0,0,1
w6_persistent_bearing,collinear,10001,20,dir,5249.900988,5969.240715,719.3397269999996,3,0,0,0,0.0,0,0.0,0.0,0.0,0,0,0,1
w6_persistent_bearing,collinear,10002,1,dir,1395.282296,5750.263649,4354.981353,13,12,2,10,4376.995047329671,10,945.3990094659342,0.0,0.0,0,0,0,1
w6_persistent_bearing,collinear,10002,2,dir,11.0,5476.522935,5465.522935,18,16,4,12,534.3403913766645,16,202.8680782753329,500.0,500.0,2,0,0,1
w6_persistent_bearing,collinear,10002,3,dir,420.0,4810.296961,4390.296961,15,13,2,11,500.0,13,178.0,500.0,500.0,1,0,0,1
w6_persistent_bearing,collinear,10002,4,omni,23.0,4760.623827,4737.623827,15,12,5,7,0.0,12,72.0,0.0,0.0,0,0,0,1
w6_persistent_bearing,collinear,10002,5,dir,1041.125639,5577.5614,4536.435761,14,13,2,11,635.4799468760182,13,205.09598937520363,500.0,500.0,1,0,0,1
w6_persistent_bearing,collinear,10002,6,dir,35.0,5321.069387,5286.069387,19,18,1,17,154.35952038120092,16,136.87190407624018,500.0,500.0,3,0,0,1
w6_persistent_bearing,collinear,10002,8,dir,390.0,4825.484367,4435.484367,14,13,1,12,0.0,13,78.0,0.0,0.0,0,0,0,1
w6_persistent_bearing,collinear,10002,9,dir,384.0,5459.471706,5075.471706,15,12,0,12,0.0,12,72.0,0.0,0.0,0,0,0,1
w6_persistent_bearing,collinear,10002,11,dir,1335.282296,5646.649479,4311.367182999999,13,9,0,9,0.0,9,54.0,0.0,0.0,0,0,0,1
w6_persistent_bearing,collinear,10002,12,omni,71.0,5367.339376,5296.339376,16,12,3,9,0.0,12,72.0,0.0,0.0,0,0,0,1
w6_persistent_bearing,collinear,10002,13,dir,993.125639,6280.708663,5287.5830240000005,22,21,2,19,971.5336236359615,17,316.3067247271923,326.9935889121357,435.99145188284757,6,0,0,1
w6_persistent_bearing,collinear,10002,17,dir,101.0,4539.857888,4438.857888,17,15,4,11,991.7857895938325,14,287.3571579187665,291.9603479964134,500.0,3,0,0,1
w6_persistent_bearing,collinear,10002,19,dir,113.0,1087.48928,974.48928,4,3,3,0,500.0,3,118.0,500.0,500.0,1,0,0,1
w6_persistent_bearing,collinear,10003,1,dir,5.0,1514.984719,1509.984719,5,4,3,1,2008.406889001704,2,423.6813778003408,426.6319999375082,500.0,2,0,0,1
w6_persistent_bearing,collinear,10003,2,dir,2281.959272,3161.022586,879.063314,6,5,4,1,452.447771987713,2,117.4895543975426,154.5216575984458,419.23651425235306,4,0,0,1
w6_persistent_bearing,collinear,10003,3,dir,1271.735874,5543.533719,4271.797845,18,17,2,15,3386.541078583542,10,772.3082157167084,375.0,500.0,6,0,0,1
w6_persistent_bearing,collinear,10003,5,omni,29.0,2062.62085,2033.6208499999998,3,0,0,0,0.0,0,0.0,0.0,0.0,0,0,0,1
w6_persistent_bearing,collinear,10003,6,dir,2263.959272,2926.993083,663.0338109999998,2,0,0,0,0.0,0,0.0,0.0,0.0,0,0,0,1
w6_persistent_bearing,collinear,10003,7,dir,2257.959272,2986.140332,728.1810599999999,9,8,3,5,1014.5165284525641,4,246.9033056905128,262.0225949880426,425.206820151028,6,0,0,1
w6_persistent_bearing,collinear,10003,8,omni,47.0,1407.776568,1360.776568,4,2,2,0,24.394576310087547,2,16.878915262017507,436.3309964188701,436.3309964188701,1,0,0,1
w6_persistent_bearing,collinear,10003,9,dir,5094.079977,5433.327959,339.24798199999987,2,0,0,0,0.0,0,0.0,0.0,0.0,0,0,0,1
w6_persistent_bearing,collinear,10003,13,omni,77.0,1422.256634,1345.256634,4,2,2,0,537.3769738990662,2,119.47539477981324,426.0482535641978,426.0482535641978,1,0,0,1
w6_persistent_bearing,collinear,10003,14,dir,1337.735874,1994.904726,657.168852,6,5,5,0,721.5219375304466,0,169.3043875060893,175.7046909767899,500.0,5,0,0,1
w6_persistent_bearing,collinear,10003,15,dir,2227.959272,3658.882219,1430.922947,7,6,4,2,1066.4683709038416,3,246.2936741807683,161.14430562898937,500.0,4,0,0,1
w6_persistent_bearing,collinear,10003,16,dir,95.0,1460.419589,1365.419589,3,1,0,1,0.0,1,6.0,0.0,0.0,0,0,0,1
w6_persistent_bearing,collinear,10003,17,dir,2221.959272,3417.523072,1195.5638,15,14,5,9,348.3496342100839,5,144.66992684201676,197.0721614801927,421.97999568037994,12,0,0,1
w6_persistent_bearing,collinear,10003,18,omni,107.0,1397.10867,1290.10867,4,2,2,0,14.51801855469579,2,14.903603710939159,440.4394456934155,440.4394456934155,1,0,0,1
w6_persistent_bearing,collinear,10003,19,dir,113.0,1216.707296,1103.707296,7,5,5,0,614.6922893081972,1,148.93845786163945,195.95768934733186,500.0,5,0,0,1
w6_persistent_bearing,collinear,10003,20,dir,1367.735874,5339.974755,3972.238881,14,13,3,10,3703.0480529593256,10,815.6096105918651,179.58384744499347,420.11471171918697,3,0,0,1
w6_persistent_bearing,collinear,10004,1,dir,319.0,3244.884948,2925.884948,9,8,5,3,1700.9367837119812,5,385.1873567423962,204.99110116677534,437.1702177723179,4,0,0,1
w6_persistent_bearing,collinear,10004,2,dir,5263.527585,5765.964792,502.43720699999994,2,0,0,0,0.0,0,0.0,0.0,0.0,0,0,0,1
w6_persistent_bearing,collinear,10004,3,omni,331.0,3220.227189,2889.227189,7,6,3,3,487.21989658194,6,133.443979316388,301.2874367076947,401.6507108338923,2,0,0,1
w6_persistent_bearing,collinear,10004,5,dir,2122.002513,2826.739964,704.737451,4,1,1,0,329.6625623845591,0,70.93251247691182,348.72206146621227,348.72206146621227,1,0,0,1
w6_persistent_bearing,collinear,10004,6,dir,35.0,1683.377093,1648.377093,8,7,5,2,250.50590165328882,4,89.10118033065777,208.75956494282235,500.0,5,0,0,1
w6_persistent_bearing,collinear,10004,8,dir,47.0,948.042951,901.042951,2,0,0,0,0.0,0,0.0,0.0,0.0,0,0,0,1
w6_persistent_bearing,collinear,10004,9,dir,53.0,1603.867445,1550.867445,5,4,3,1,348.3507913158229,4,93.67015826316458,326.59535750973447,500.0,2,0,0,1
w6_persistent_bearing,collinear,10004,10,dir,59.0,2660.44206,2601.44206,7,6,2,4,0.34906584331012774,6,36.06981316866202,500.0,500.0,1,0,0,1
w6_persistent_bearing,collinear,10004,12,dir,71.0,1118.993079,1047.993079,6,5,1,4,686.4268963171953,3,165.28537926343907,437.5,500.0,4,0,0,1
w6_persistent_bearing,collinear,10004,13,omni,391.0,3080.234023,2689.234023,5,4,1,3,0.0,4,24.0,0.0,0.0,0,0,0,1
w6_persistent_bearing,collinear,10004,14,dir,5040.527585,5594.577466,554.0498809999999,6,3,3,0,426.3648607032012,0,100.27297214064023,151.0794732483613,259.9679986814461,3,0,0,1
w6_persistent_bearing,collinear,10004,16,dir,409.0,3137.877566,2728.877566,8,7,3,4,1209.4641125475123,5,281.8928225095025,255.1396306005403,500.0,3,0,0,1
w6_persistent_bearing,collinear,10004,17,dir,101.0,1235.385304,1134.385304,2,0,0,0,0.0,0,0.0,0.0,0.0,0,0,0,1
w6_persistent_bearing,collinear,10004,19,dir,2396.135078,3687.064042,1290.9289640000002,8,7,3,4,1141.6646069185786,2,265.3329213837157,316.9949787439524,500.0,6,0,0,1
w6_persistent_bearing,collinear,10005,1,dir,3630.460794,4598.27071,967.8099159999997,6,4,4,0,603.3267371731553,2,142.66534743463106,72.41923611232086,127.41730908297286,3,0,0,1
w6_persistent_bearing,collinear,10005,2,omni,11.0,4660.006628,4649.006628,16,15,6,9,78.54609287820365,15,105.70921857564073,500.0,500.0,1,0,0,1
w6_persistent_bearing,collinear,10005,3,dir,17.0,941.291515,924.291515,3,1,1,0,218.66525459069632,1,49.73305091813926,487.5926605081418,487.5926605081418,1,0,0,1
w6_persistent_bearing,collinear,10005,4,dir,4489.03601,5360.566251,871.5302410000004,6,5,2,3,633.4266424975832,1,152.68532849951663,363.2933349137337,500.0,5,0,0,1
w6_persistent_bearing,collinear,10005,6,dir,1126.613589,1845.530716,718.9171269999999,4,3,2,1,929.1870529684489,2,202.83741059368978,341.2688112867647,454.93260705153534,2,0,0,1
w6_persistent_bearing,collinear,10005,7,omni,1120.613589,1331.442847,210.82925799999998,1,0,0,0,0.0,0,0.0,0.0,0.0,0,0,0,1
w6_persistent_bearing,collinear,10005,8,omni,47.0,1204.793443,1157.793443,2,0,0,0,0.0,0,0.0,0.0,0.0,0,0,0,1
w6_persistent_bearing,collinear,10005,9,omni,3654.460794,4673.053763,1018.5929689999998,3,0,0,0,0.0,0,0.0,0.0,0.0,0,0,0,1
w6_persistent_bearing,collinear,10005,10,dir,59.0,4609.824119,4550.824119,17,16,4,12,1009.2924327514108,16,297.8584865502822,485.8343930319317,500.0,2,0,0,1
w6_persistent_bearing,collinear,10005,12,omni,71.0,627.003546,556.003546,1,0,0,0,0.0,0,0.0,0.0,0.0,0,0,0,1
w6_persistent_bearing,collinear,10005,14,dir,4525.03601,5007.220621,482.1846110000006,3,2,2,0,592.8875661429829,0,128.5775132285966,268.5410463644737,500.0,2,0,0,1
w6_persistent_bearing,collinear,10005,15,dir,89.0,4300.57317,4211.57317,15,11,0,11,0.0,11,66.0,0.0,0.0,0,0,0,1
w6_persistent_bearing,collinear,10005,16,dir,95.0,707.889676,612.889676,3,2,2,0,175.54809893578505,1,46.10961978715701,323.4607496675475,500.0,2,0,0,1
w6_persistent_bearing,collinear,10005,17,omni,101.0,4292.581085,4191.581085,15,14,2,12,427.1773097381804,14,169.43546194763607,427.1773097381804,427.1773097381804,1,0,0,1
w6_persistent_bearing,collinear,10005,18,dir,107.0,4393.822204,4286.822204,14,13,1,12,0.0,13,78.0,0.0,0.0,0,0,0,1
w6_persistent_bearing,collinear,10005,19,dir,3702.460794,5202.880923,1500.4201289999996,4,1,1,0,535.751302373605,1,113.150260474721,401.97877917892913,401.97877917892913,1,0,0,1
w6_persistent_bearing,collinear,10006,1,omni,5.0,5446.324881,5441.324881,17,16,2,14,6252.651053114497,14,1344.5302106228994,0.0,0.0,0,0,0,1
w6_persistent_bearing,collinear,10006,2,omni,11.0,974.448112,963.448112,3,0,0,0,0.0,0,0.0,0.0,0.0,0,0,0,1
w6_persistent_bearing,collinear,10006,3,dir,17.0,6461.425674,6444.425674,27,26,1,25,1754.7434918343047,19,499.9486983668609,312.5,500.0,8,0,0,1
w6_persistent_bearing,collinear,10006,5,dir,29.0,5430.228322,5401.228322,17,14,2,12,0.0,14,84.0,0.0,0.0,0,0,0,1
w6_persistent_bearing,collinear,10006,6,dir,3030.999808,3596.200442,565.2006339999998,3,0,0,0,0.0,0,0.0,0.0,0.0,0,0,0,1
w6_persistent_bearing,collinear,10006,7,omni,41.0,5488.435241,5447.435241,19,16,6,10,731.4581732534634,15,241.29163465069269,491.0319910918204,500.0,2,0,0,1
w6_persistent_bearing,collinear,10006,16,dir,3301.999808,5503.543514,2201.543706,8,4,1,3,0.0,4,24.0,0.0,0.0,0,0,0,1
w6_persistent_bearing,collinear,10006,17,dir,427.368252,1076.366833,648.9985810000001,2,0,0,0,0.0,0,0.0,0.0,0.0,0,0,0,1
w6_persistent_bearing,collinear,10006,18,dir,708.160255,1370.469597,662.309342,1,0,0,0,0.0,0,0.0,0.0,0.0,0,0,0,1
w6_persistent_bearing,collinear,10006,19,dir,113.0,1224.916284,1111.916284,5,4,3,1,962.5691403154856,4,216.51382806309712,462.5700537806807,500.0,2,0,0,1
w6_persistent_bearing,collinear,10006,20,dir,119.0,5575.920749,5456.920749,18,17,2,15,5549.780960576763,14,1208.9561921153527,500.0,500.0,1,0,0,1
w6_persistent_bearing,collinear,10007,3,dir,420.0,862.479194,442.479194,1,0,0,0,0.0,0,0.0,0.0,0.0,0,0,0,1
w6_persistent_bearing,collinear,10007,4,omni,23.0,1204.998615,1181.998615,3,0,0,0,0.0,0,0.0,0.0,0.0,0,0,0,1
w6_persistent_bearing,collinear,10007,5,omni,29.0,840.139724,811.139724,2,0,0,0,0.0,0,0.0,0.0,0.0,0,0,0,1
w6_persistent_bearing,collinear,10007,6,dir,402.0,3975.75784,3573.75784,14,13,4,9,660.173963831881,11,208.0347927663762,210.97172371421388,361.5655358312854,3,0,0,1
w6_persistent_bearing,collinear,10007,7,dir,41.0,1853.646012,1812.646012,8,7,6,1,759.9841533730439,3,189.9968306746088,209.47042548445665,500.0,5,0,0,1
w6_persistent_bearing,collinear,10007,8,omni,47.0,773.258158,726.258158,3,0,0,0,0.0,0,0.0,0.0,0.0,0,0,0,1
w6_persistent_bearing,collinear,10007,9,omni,53.0,1602.422902,1549.422902,4,0,0,0,0.0,0,0.0,0.0,0.0,0,0,0,1
w6_persistent_bearing,collinear,10007,10,dir,59.0,1296.00433,1237.00433,6,5,4,1,320.41876213119264,2,91.08375242623853,197.32976915381317,500.0,4,0,0,1
w6_persistent_bearing,collinear,10007,11,omni,65.0,876.198131,811.198131,2,0,0,0,0.0,0,0.0,0.0,0.0,0,0,0,1
w6_persistent_bearing,collinear,10007,16,omni,729.116133,3895.026696,3165.910563,10,9,3,6,0.0,9,54.0,0.0,0.0,0,0,0,1
w6_persistent_bearing,collinear,10007,18,dir,107.0,1178.652929,1071.652929,5,3,3,0,1232.4580776147332,1,262.49161552294663,375.54463804618536,500.0,3,0,0,1
w6_persistent_bearing,collinear,10007,19,dir,113.0,1665.918002,1552.918002,3,1,1,0,0.0,1,6.0,0.0,0.0,0,0,0,1
w6_persistent_bearing,collinear,10008,2,dir,2110.385878,6770.467698,4660.08182,21,20,2,18,890.0961773335771,18,296.01923546671543,387.1638891781045,442.473016203548,4,0,0,1
w6_persistent_bearing,collinear,10008,3,omni,17.0,1855.187209,1838.187209,3,0,0,0,0.0,0,0.0,0.0,0.0,0,0,0,1
w6_persistent_bearing,collinear,10008,9,omni,53.0,1867.628625,1814.628625,3,1,0,1,0.0,1,6.0,0.0,0.0,0,0,0,1
w6_persistent_bearing,collinear,10008,10,omni,59.0,1474.023905,1415.023905,3,2,2,0,0.0,2,12.0,0.0,0.0,0,0,0,1
w6_persistent_bearing,collinear,10008,11,dir,65.0,1921.129125,1856.129125,4,3,2,1,499.99999999999994,3,117.99999999999999,500.0,500.0,1,0,0,1
w6_persistent_bearing,collinear,10008,12,dir,1345.303949,4621.098859,3275.7949099999996,20,19,2,17,2095.5070512365883,11,525.1014102473176,215.90119703177336,422.20678530657904,11,0,0,1
w6_persistent_bearing,collinear,10008,15,omni,89.0,1525.058271,1436.058271,3,2,2,0,0.0,2,12.0,0.0,0.0,0,0,0,1
w6_persistent_bearing,collinear,10008,16,dir,3571.406286,4182.554793,611.1485070000003,7,5,2,3,872.1551389539454,1,200.43102779078907,327.09285221547196,500.0,5,0,0,1
w6_persistent_bearing,collinear,10008,18,dir,107.0,1188.393688,1081.393688,8,7,5,2,1465.331437927104,2,330.0662875854208,239.94265394022378,500.0,6,0,0,1
w6_persistent_bearing,collinear,10008,19,dir,2044.385878,6466.630866,4422.244988,20,19,4,15,6670.37806560683,14,1443.0756131213661,172.22685168444275,416.7274735089066,4,0,0,1
w6_persistent_bearing,collinear,10008,20,dir,1387.303949,1687.180449,299.87649999999985,5,4,1,3,526.8350280907446,0,125.36700561814891,437.5,500.0,4,0,0,1
w6_persistent_bearing,collinear,10009,1,dir,1897.042338,2613.605195,716.5628570000001,9,8,4,4,1214.2798526371885,2,284.8559705274377,208.86201356907992,500.0,7,0,0,1
w6_persistent_bearing,collinear,10009,4,dir,1879.042338,4850.511785,2971.4694469999995,10,7,2,5,0.0,7,42.0,0.0,0.0,0,0,0,1
w6_persistent_bearing,collinear,10009,5,dir,1873.042338,4306.107504,2433.0651659999994,12,11,4,7,679.1458296866684,9,199.8291659373337,226.38194322888953,390.585063253508,3,0,0,1
w6_persistent_bearing,collinear,10009,7,dir,41.0,1011.287316,970.287316,17,16,3,13,1815.0802453132733,3,446.01604906265464,197.52373645548175,500.0,15,0,0,1
w6_persistent_bearing,collinear,10009,8,omni,47.0,1649.407357,1602.407357,3,2,1,1,319.3867334849178,2,75.87734669698355,500.0,500.0,1,0,0,1
w6_persistent_bearing,collinear,10009,10,dir,1855.042338,4800.318385,2945.2760469999994,11,10,2,8,500.0,10,160.0,500.0,500.0,1,0,0,1
w6_persistent_bearing,collinear,10009,12,dir,6715.604678,7012.906029,297.30135100000007,2,0,0,0,0.0,0,0.0,0.0,0.0,0,0,0,1
w6_persistent_bearing,collinear,10009,14,dir,795.82532,6639.841254,5844.015934,20,19,2,17,0.0,19,114.0,0.0,0.0,0,0,0,1
w6_persistent_bearing,collinear,10009,16,dir,1819.042338,2103.104259,284.0619210000002,2,0,0,0,0.0,0,0.0,0.0,0.0,0,0,0,1
w6_persistent_bearing,collinear,10009,17,omni,101.0,399.31356,298.31356,2,0,0,0,0.0,0,0.0,0.0,0.0,0,0,0,1
w6_persistent_bearing,collinear,10009,18,omni,107.0,1717.010988,1610.010988,5,4,4,0,1000.3638206582796,3,223.0727641316559,356.2207932209501,500.0,3,0,0,1
w6_persistent_bearing,collinear,10009,20,omni,119.0,1572.836105,1453.836105,2,0,0,0,0.0,0,0.0,0.0,0.0,0,0,0,1
w6_persistent_bearing,collinear,10010,1,dir,5.0,5405.008013,5400.008013,19,17,2,15,5979.956555436638,14,1294.9913110873276,500.0,500.0,1,0,0,1
w6_persistent_bearing,collinear,10010,4,dir,4476.251754,5455.044533,978.7927790000003,6,5,2,3,644.1172753315515,1,154.8234550663103,354.4142684190524,500.0,5,0,0,1
w6_persistent_bearing,collinear,10010,7,omni,41.0,4695.390657,4654.390657,17,14,2,12,0.0,14,84.0,0.0,0.0,0,0,0,1
w6_persistent_bearing,collinear,10010,8,dir,47.0,5423.09331,5376.09331,19,17,2,15,13.874922329877245,17,104.77498446597545,500.0,500.0,1,0,0,1
w6_persistent_bearing,collinear,10010,9,omni,53.0,623.672454,570.672454,1,0,0,0,0.0,0,0.0,0.0,0.0,0,0,0,1
w6_persistent_bearing,collinear,10010,10,omni,59.0,1179.715876,1120.715876,3,0,0,0,0.0,0,0.0,0.0,0.0,0,0,0,1
w6_persistent_bearing,collinear,10010,11,dir,1495.238305,7322.56142,5827.323115,22,20,2,18,1676.0237023711172,19,454.20474047422346,202.6319029653522,275.5621236526183,2,0,0,1
w6_persistent_bearing,collinear,10010,12,dir,71.0,5394.682556,5323.682556,19,18,2,16,492.5728985319362,18,206.51457970638722,500.0,500.0,1,0,0,1
w6_persistent_bearing,collinear,10010,13,dir,5681.164105,6950.588346,1269.4242409999997,10,9,6,3,799.8530199541955,5,209.9706039908391,159.97060399083907,412.6711049965305,5,0,0,1
w6_persistent_bearing,collinear,10010,15,dir,1035.048492,4850.62992,3815.5814280000004,15,12,1,11,0.0,12,72.0,0.0,0.0,0,0,0,1
w6_persistent_bearing,collinear,10010,16,dir,95.0,901.138162,806.138162,13,12,3,9,862.3317511410852,1,233.46635022821704,251.87982210239582,500.0,12,0,0,1
w6_persistent_bearing,collinear,10010,18,dir,107.0,1160.387472,1053.387472,2,0,0,0,0.0,0,0.0,0.0,0.0,0,0,0,1
w6_persistent_bearing,collinear,10010,19,omni,113.0,661.00196,548.00196,2,0,0,0,0.0,0,0.0,0.0,0.0,0,0,0,1
w6_persistent_bearing,collinear,10010,20,dir,1017.048492,1662.435489,645.386997,3,0,0,0,0.0,0,0.0,0.0,0.0,0,0,0,1
w6_persistent_bearing,collinear,10011,1,dir,439.324396,1517.432682,1078.1082860000001,3,1,1,0,542.6102956584417,1,114.52205913168834,405.6773406841179,405.6773406841179,1,0,0,1
w6_persistent_bearing,collinear,10011,3,dir,427.324396,4888.386512,4461.062116,14,12,1,11,992.5763200237569,12,270.5152640047514,482.0134052604326,482.0134052604326,1,0,0,1
w6_persistent_bearing,collinear,10011,6,dir,2340.356386,2582.828622,242.47223600000007,1,0,0,0,0.0,0,0.0,0.0,0.0,0,0,0,1
w6_persistent_bearing,collinear,10011,7,dir,2752.000293,3069.28229,317.28199700000005,2,0,0,0,0.0,0,0.0,0.0,0.0,0,0,0,1
w6_persistent_bearing,collinear,10011,9,omni,53.0,524.015985,471.015985,2,0,0,0,0.0,0,0.0,0.0,0.0,0,0,0,1
w6_persistent_bearing,collinear,10011,10,dir,4984.189295,5317.183619,332.99432400000023,2,0,0,0,0.0,0,0.0,0.0,0.0,0,0,0,1
w6_persistent_bearing,collinear,10011,11,omni,379.324396,4851.392146,4472.06775,13,11,0,11,0.0,11,66.0,0.0,0.0,0,0,0,1
w6_persistent_bearing,collinear,10011,12,omni,71.0,1322.4812,1251.4812,3,0,0,0,0.0,0,0.0,0.0,0.0,0,0,0,1
w6_persistent_bearing,collinear,10011,14,dir,361.324396,1028.552498,667.228102,8,7,4,3,1056.7386062826881,1,247.34772125653762,275.47611651399023,500.0,7,0,0,1
w6_persistent_bearing,collinear,10011,17,dir,343.324396,1280.182335,936.857939,4,3,3,0,495.8467029297165,2,116.1693405859433,321.7571673074204,500.0,3,0,0,1
w6_persistent_bearing,collinear,10011,18,omni,107.0,1070.698537,963.698537,2,0,0,0,0.0,0,0.0,0.0,0.0,0,0,0,1
w6_persistent_bearing,collinear,10012,1,dir,3777.748629,4470.009598,692.2609689999995,2,0,0,0,0.0,0,0.0,0.0,0.0,0,0,0,1
w6_persistent_bearing,collinear,10012,2,omni,11.0,4386.94937,4375.94937,14,11,5,6,0.0,11,66.0,0.0,0.0,0,0,0,1
w6_persistent_bearing,collinear,10012,3,dir,17.0,4490.693251,4473.693251,14,13,3,10,0.0,13,78.0,0.0,0.0,0,0,0,1
w6_persistent_bearing,collinear,10012,4,omni,23.0,4690.308942,4667.308942,14,8,0,8,0.0,8,48.0,0.0,0.0,0,0,0,1
w6_persistent_bearing,collinear,10012,6,dir,661.0,1492.887807,831.8878070000001,5,2,2,0,423.0715333678116,0,94.61430667356231,223.7466579748891,298.2794198908115,2,0,0,1
w6_persistent_bearing,collinear,10012,7,dir,3416.748629,3877.930251,461.18162200000006,2,0,0,0,0.0,0,0.0,0.0,0.0,0,0,0,1
w6_persistent_bearing,collinear,10012,11,omni,3723.748629,4234.995657,511.2470280000002,1,0,0,0,0.0,0,0.0,0.0,0.0,0,0,0,1
w6_persistent_bearing,collinear,10012,12,omni,71.0,908.864647,837.864647,7,6,6,0,653.7642822269887,2,162.75285644539775,130.75285644539775,337.3237975862409,5,0,0,1
w6_persistent_bearing,collinear,10012,13,dir,77.0,4295.912588,4218.912588,15,14,2,12,290.6835405129866,14,142.1367081025973,290.6835405129866,290.6835405129866,1,0,0,1
w6_persistent_bearing,collinear,10012,14,dir,1016.755631,4903.04283,3886.2871990000003,18,16,3,13,368.63548490557196,11,164.72709698111439,202.01543004204572,500.0,6,0,0,1
w6_persistent_bearing,collinear,10012,15,omni,715.0,1313.526089,598.526089,3,0,0,0,0.0,0,0.0,0.0,0.0,0,0,0,1
w6_persistent_bearing,collinear,10012,17,omni,101.0,4543.307765,4442.307765,14,11,4,7,0.0,11,66.0,0.0,0.0,0,0,0,1
w6_persistent_bearing,collinear,10012,18,dir,733.0,5002.94727,4269.94727,13,10,1,9,480.61896351388856,10,156.1237927027777,500.0,500.0,1,0,0,1
w6_persistent_bearing,collinear,10013,2,omni,11.0,1134.213252,1123.213252,5,4,4,0,807.6968226641363,3,184.53936453282728,403.84841133206817,500.0,2,0,0,1
w6_persistent_bearing,collinear,10013,4,dir,23.0,1303.807621,1280.807621,9,8,3,5,653.2095053746953,3,173.64190107493906,182.79967847952,500.0,6,0,0,1
w6_persistent_bearing,collinear,10013,5,omni,29.0,1933.013133,1904.013133,4,2,1,1,0.0,2,12.0,0.0,0.0,0,0,0,1
w6_persistent_bearing,collinear,10013,6,dir,2173.91241,2714.992429,541.080019,3,1,1,0,233.84273495138723,0,51.76854699027744,301.3359171802373,301.3359171802373,1,0,0,1
w6_persistent_bearing,collinear,10013,7,dir,41.0,1959.449392,1918.449392,5,4,2,2,201.80753721623842,4,64.36150744324769,500.0,500.0,1,0,0,1
w6_persistent_bearing,collinear,10013,8,dir,1823.5538,2573.028122,749.4743220000003,4,1,1,0,286.02074415798074,0,62.20414883159615,305.58496492579707,305.58496492579707,1,0,0,1
w6_persistent_bearing,collinear,10013,9,dir,384.0,1382.360671,998.3606709999999,2,0,0,0,0.0,0,0.0,0.0,0.0,0,0,0,1
w6_persistent_bearing,collinear,10013,11,dir,372.0,1642.487833,1270.487833,4,2,2,0,865.2476681014307,1,184.04953362028613,402.48463612669025,500.0,2,0,0,1
w6_persistent_bearing,collinear,10013,13,dir,5378.816474,5786.836323,408.01984900000025,5,4,4,0,766.773827416233,0,173.35476548324658,164.89752346154532,500.0,4,0,0,1
w6_persistent_bearing,collinear,10013,16,dir,95.0,1624.664298,1529.664298,3,0,0,0,0.0,0,0.0,0.0,0.0,0,0,0,1
w6_persistent_bearing,collinear,10013,17,omni,336.0,2037.504639,1701.504639,3,2,1,1,0.0,2,12.0,0.0,0.0,0,0,0,1
w6_persistent_bearing,collinear,10013,19,omni,974.983624,5221.811241,4246.827617000001,15,14,4,10,500.0,14,184.0,500.0,500.0,1,0,0,1
w6_persistent_bearing,collinear,10014,2,dir,3504.853447,4101.441752,596.5883049999998,4,0,0,0,0.0,0,0.0,0.0,0.0,0,0,0,1
w6_persistent_bearing,collinear,10014,3,dir,420.0,3288.063198,2868.063198,10,9,2,7,106.69177301379503,8,74.33835460275901,266.0704125889133,500.0,2,0,0,1
w6_persistent_bearing,collinear,10014,4,dir,23.0,2919.815938,2896.815938,10,9,2,7,29.152610787933813,9,59.83052215758676,500.0,500.0,1,0,0,1
w6_persistent_bearing,collinear,10014,7,omni,41.0,3410.403606,3369.403606,10,8,1,7,283.4559883563845,8,104.69119767127691,289.8861085382559,289.8861085382559,1,0,0,1
w6_persistent_bearing,collinear,10014,8,omni,390.0,3669.872979,3279.872979,9,7,1,6,0.0,7,42.0,0.0,0.0,0,0,0,1
w6_persistent_bearing,collinear,10014,9,dir,5414.034895,6238.631658,824.5967630000005,5,4,3,1,820.4508929573589,3,187.09017859147178,410.22544647867943,500.0,2,0,0,1
w6_persistent_bearing,collinear,10014,10,dir,2241.020408,3099.49199,858.4715820000001,3,0,0,0,0.0,0,0.0,0.0,0.0,0,0,0,1
w6_persistent_bearing,collinear,10014,13,omni,77.0,2547.555985,2470.555985,9,8,2,6,500.0,8,148.0,500.0,500.0,1,0,0,1
w6_persistent_bearing,collinear,10014,14,omni,83.0,3248.410464,3165.410464,9,6,1,5,0.0,6,36.0,0.0,0.0,0,0,0,1
w6_persistent_bearing,collinear,10014,15,dir,89.0,3193.150614,3104.150614,9,7,1,6,0.0,7,42.0,0.0,0.0,0,0,0,1
w6_persistent_bearing,collinear,10014,18,dir,330.0,2981.511491,2651.511491,11,10,5,5,429.28036240942095,9,144.85607248188418,309.7446876453328,500.0,3,0,0,1
w6_persistent_bearing,collinear,10014,19,omni,113.0,2568.701084,2455.701084,9,7,2,5,36.81812385535618,7,49.36362477107124,500.0,500.0,1,0,0,1
w6_persistent_bearing,collinear,10014,20,dir,3558.853447,4121.177461,562.3240140000003,2,0,0,0,0.0,0,0.0,0.0,0.0,0,0,0,1
w6_persistent_bearing,collinear,10015,2,omni,11.0,1454.04245,1443.04245,3,2,2,0,500.00000000000006,2,112.00000000000001,500.0,500.0,1,0,0,1
w6_persistent_bearing,collinear,10015,3,dir,17.0,1009.873208,992.873208,2,1,1,0,0.0,1,6.0,0.0,0.0,0,0,0,1
w6_persistent_bearing,collinear,10015,4,dir,23.0,1368.902883,1345.902883,15,14,4,10,640.6805913318072,4,202.13611826636145,237.78425090324498,500.0,13,0,0,1
w6_persistent_bearing,collinear,10015,5,omni,29.0,1177.435254,1148.435254,3,0,0,0,0.0,0,0.0,0.0,0.0,0,0,0,1
w6_persistent_bearing,collinear,10015,8,dir,47.0,4430.600599,4383.600599,16,12,1,11,0.0,12,72.0,0.0,0.0,0,0,0,1
w6_persistent_bearing,collinear,10015,10,omni,59.0,1168.329491,1109.329491,2,0,0,0,0.0,0,0.0,0.0,0.0,0,0,0,1
w6_persistent_bearing,collinear,10015,11,omni,65.0,1096.933311,1031.933311,2,1,1,0,0.0,1,6.0,0.0,0.0,0,0,0,1
w6_persistent_bearing,collinear,10015,13,dir,391.0,1117.95659,726.95659,2,0,0,0,0.0,0,0.0,0.0,0.0,0,0,0,1
w6_persistent_bearing,collinear,10015,16,dir,95.0,1139.847377,1044.847377,6,5,1,4,65.57619354861292,4,42.11523870972258,437.5,500.0,4,0,0,1
w6_persistent_bearing,collinear,10015,17,dir,101.0,4305.252768,4204.252768,18,17,3,14,95.45387213191195,16,120.09077442638238,47.726936065956,63.626093661291605,2,0,0,1
w6_persistent_bearing,collinear,10015,18,omni,107.0,1192.099557,1085.099557,2,1,1,0,0.0,1,6.0,0.0,0.0,0,0,0,1
w6_persistent_bearing,collinear,10016,2,dir,3110.091863,4941.510185,1831.418322,7,6,1,5,0.0,6,36.0,0.0,0.0,0,0,0,1
w6_persistent_bearing,collinear,10016,3,omni,17.0,2514.811126,2497.811126,9,8,2,6,454.0513744984303,8,138.81027489968605,454.0513744984303,454.0513744984303,1,0,0,1
w6_persistent_bearing,collinear,10016,5,dir,408.0,3350.418954,2942.418954,9,6,1,5,0.0,6,36.0,0.0,0.0,0,0,0,1
w6_persistent_bearing,collinear,10016,6,omni,35.0,3214.957263,3179.957263,10,6,1,5,0.0,6,36.0,0.0,0.0,0,0,0,1
w6_persistent_bearing,collinear,10016,10,dir,5749.721497,6319.342878,569.6213809999999,6,4,4,0,618.1550345357099,1,144.63100690714197,179.5071398145258,471.12881032058624,4,0,0,1
w6_persistent_bearing,collinear,10016,11,dir,709.575956,3280.100299,2570.524343,8,6,1,5,0.0,6,36.0,0.0,0.0,0,0,0,1
w6_persistent_bearing,collinear,10016,12,dir,2276.596364,2857.890348,581.2939839999999,2,0,0,0,0.0,0,0.0,0.0,0.0,0,0,0,1
w6_persistent_bearing,collinear,10016,14,dir,354.0,3344.712189,2990.712189,10,6,1,5,0.0,6,36.0,0.0,0.0,0,0,0,1
w6_persistent_bearing,collinear,10016,15,dir,2294.596364,2814.737808,520.1414439999999,1,0,0,0,0.0,0,0.0,0.0,0.0,0,0,0,1
w6_persistent_bearing,collinear,10016,16,omni,95.0,3031.915643,2936.915643,9,5,1,4,0.0,5,30.0,0.0,0.0,0,0,0,1
w6_persistent_bearing,collinear,10016,18,dir,5767.721497,6166.197076,398.4755789999999,2,0,0,0,0.0,0,0.0,0.0,0.0,0,0,0,1
w6_persistent_bearing,collinear,10016,19,dir,6384.475779,6656.00832,271.5325409999996,1,0,0,0,0.0,0,0.0,0.0,0.0,0,0,0,1
w6_persistent_bearing,collinear,10016,20,dir,2587.432027,6108.721879,3521.289852,12,11,2,9,3070.1020381602593,10,679.0204076320518,0.0,0.0,0,0,0,1
w6_persistent_bearing,collinear,10017,1,dir,3864.17365,5065.581756,1201.4081059999994,6,4,2,2,1854.0287023434284,2,392.8057404686857,357.28930379294536,479.343251883942,2,0,0,1
w6_persistent_bearing,collinear,10017,3,dir,17.0,3743.26658,3726.26658,12,11,2,9,252.49157701515782,11,116.49831540303157,500.0,500.0,1,0,0,1
w6_persistent_bearing,collinear,10017,4,dir,23.0,890.75016,867.75016,1,0,0,0,0.0,0,0.0,0.0,0.0,0,0,0,1
w6_persistent_bearing,collinear,10017,6,dir,3882.17365,4860.723273,978.5496229999994,5,1,1,0,0.0,1,6.0,0.0,0.0,0,0,0,1
w6_persistent_bearing,collinear,10017,8,dir,4217.895304,5597.05593,1379.1606260000008,4,3,2,1,0.0,3,18.0,0.0,0.0,0,0,0,1
w6_persistent_bearing,collinear,10017,9,dir,53.0,737.544207,684.544207,4,2,2,0,504.9045526918716,1,111.98091053837432,245.28087167403356,329.9838707218905,2,0,0,1
w6_persistent_bearing,collinear,10017,10,dir,4211.895304,5557.13113,1345.235826,4,3,2,1,0.0,3,18.0,0.0,0.0,0,0,0,1
w6_persistent_bearing,collinear,10017,12,omni,385.0,1275.263122,890.2631220000001,1,0,0,0,0.0,0,0.0,0.0,0.0,0,0,0,1
w6_persistent_bearing,collinear,10017,13,dir,1089.021289,1458.884676,369.8633869999999,4,2,2,0,270.5024023203532,0,64.10048046407064,149.36886564496237,202.16852992658102,2,0,0,1
w6_persistent_bearing,collinear,10017,14,dir,83.0,810.25741,727.25741,5,3,3,0,319.24254737351964,2,80.84850947470393,170.71774421723558,295.5040856442937,3,0,0,1
w6_persistent_bearing,collinear,10017,15,dir,89.0,941.116549,852.116549,3,2,2,0,163.5571164398203,1,43.71142328796406,262.1434220750658,500.0,2,0,0,1
w6_persistent_bearing,collinear,10017,17,dir,101.0,3753.744595,3652.744595,12,11,2,9,10.471784116246054,11,68.09435682324921,500.0,500.0,1,0,0,1
w6_persistent_bearing,collinear,10017,18,dir,1071.021289,3620.085686,2549.064397,13,12,5,7,1107.661713462284,10,291.53234269245684,237.41116521389387,500.0,4,0,0,1
w6_persistent_bearing,collinear,10017,19,omni,113.0,4024.177878,3911.177878,13,12,2,10,485.10926793781994,12,169.02185358756398,500.0,500.0,1,0,0,1
w6_persistent_bearing,collinear,10018,1,dir,5.0,6370.783495,6365.783495,24,23,3,20,6970.802838295708,20,1529.1605676591416,332.7429957081936,447.27407900983684,2,0,0,1
w6_persistent_bearing,collinear,10018,2,omni,740.0,1465.089243,725.0892429999999,3,0,0,0,0.0,0,0.0,0.0,0.0,0,0,0,1
w6_persistent_bearing,collinear,10018,3,dir,734.0,1429.078516,695.078516,5,4,2,2,801.0348542066804,3,183.20697084133607,271.36967683214755,451.8977195110921,2,0,0,1
w6_persistent_bearing,collinear,10018,5,dir,3611.801366,6410.209123,2798.4077569999995,9,4,0,4,0.0,4,24.0,0.0,0.0,0,0,0,1
w6_persistent_bearing,collinear,10018,6,dir,35.0,6244.775223,6209.775223,22,21,1,20,0.0,21,126.0,0.0,0.0,0,0,0,1
w6_persistent_bearing,collinear,10018,7,dir,3623.801366,3990.180046,366.3786799999998,2,0,0,0,0.0,0,0.0,0.0,0.0,0,0,0,1
w6_persistent_bearing,collinear,10018,9,dir,53.0,6191.14142,6138.14142,22,20,1,19,0.0,20,120.0,0.0,0.0,0,0,0,1
w6_persistent_bearing,collinear,10018,10,dir,59.0,5942.035257,5883.035257,22,20,1,19,0.0,20,120.0,0.0,0.0,0,0,0,1
w6_persistent_bearing,collinear,10018,11,dir,65.0,788.306598,723.306598,2,1,1,0,0.0,1,6.0,0.0,0.0,0,0,0,1
w6_persistent_bearing,collinear,10018,12,dir,71.0,6128.930617,6057.930617,22,19,1,18,0.0,19,114.0,0.0,0.0,0,0,0,1
w6_persistent_bearing,collinear,10018,14,dir,83.0,6272.346288,6189.346288,23,21,4,17,382.82257115115044,21,202.5645142302301,382.82257115115044,382.82257115115044,1,0,0,1
w6_persistent_bearing,collinear,10018,17,dir,101.0,6062.433792,5961.433792,22,19,1,18,0.0,19,114.0,0.0,0.0,0,0,0,1
w6_persistent_bearing,collinear,10018,19,dir,638.0,1488.81362,850.8136199999999,3,0,0,0,0.0,0,0.0,0.0,0.0,0,0,0,1
w6_persistent_bearing,collinear,10018,20,dir,632.0,1441.470997,809.4709969999999,3,0,0,0,0.0,0,0.0,0.0,0.0,0,0,0,1
w6_persistent_bearing,collinear,10019,1,dir,1986.020408,2719.964629,733.944221,4,1,1,0,200.61752681729394,1,46.12350536345879,221.0281895554918,221.0281895554918,1,0,0,1
w6_persistent_bearing,collinear,10019,2,dir,2296.030612,2739.945253,443.91464099999985,2,0,0,0,0.0,0,0.0,0.0,0.0,0,0,0,1
w6_persistent_bearing,collinear,10019,3,dir,4710.359402,5429.638548,719.2791459999999,2,0,0,0,0.0,0,0.0,0.0,0.0,0,0,0,1
w6_persistent_bearing,collinear,10019,4,dir,3039.581009,3893.956986,854.3759770000001,2,0,0,0,0.0,0,0.0,0.0,0.0,0,0,0,1
w6_persistent_bearing,collinear,10019,6,dir,35.0,3207.810268,3172.810268,13,12,5,7,321.7614495272322,11,135.35228990544644,328.81471239314936,500.0,3,0,0,1
w6_persistent_bearing,collinear,10019,8,dir,47.0,3321.636714,3274.636714,13,12,5,7,779.3087743615545,11,226.86175487231088,301.34381424624365,500.0,3,0,0,1
w6_persistent_bearing,collinear,10019,9,omni,53.0,3917.972117,3864.972117,11,9,2,7,0.0,9,54.0,0.0,0.0,0,0,0,1
w6_persistent_bearing,collinear,10019,10,dir,59.0,3989.671009,3930.671009,11,9,1,8,0.0,9,54.0,0.0,0.0,0,0,0,1
w6_persistent_bearing,collinear,10019,11,omni,4167.359402,5042.84946,875.4900580000003,3,1,1,0,7.663961344117088,1,7.5327922688234175,489.76130351000927,489.76130351000927,1,0,0,1
w6_persistent_bearing,collinear,10019,13,dir,2230.030612,3494.756128,1264.725516,5,3,3,0,697.7456068966109,1,155.54912137932217,239.41484048299466,500.0,3,0,0,1
w6_persistent_bearing,collinear,10019,15,omni,4185.359402,5035.223731,849.864329,3,1,1,0,1075.9713070233768,1,221.19426140467536,484.4509002962264,484.4509002962264,1,0,0,1
w6_persistent_bearing,collinear,10019,16,dir,2212.030612,2629.512631,417.48201900000004,2,0,0,0,0.0,0,0.0,0.0,0.0,0,0,0,1
w6_persistent_bearing,collinear,10019,18,omni,107.0,3115.635659,3008.635659,11,10,3,7,1.7453283658982275,10,60.349065673179645,500.0,500.0,1,0,0,1
w6_persistent_bearing,collinear,10020,1,dir,1784.924385,2562.984273,778.059888,3,0,0,0,0.0,0,0.0,0.0,0.0,0,0,0,1
w6_persistent_bearing,collinear,10020,2,omni,11.0,1057.969886,1046.969886,2,0,0,0,0.0,0,0.0,0.0,0.0,0,0,0,1
w6_persistent_bearing,collinear,10020,3,omni,4304.551929,4650.941033,346.38910399999986,2,0,0,0,0.0,0,0.0,0.0,0.0,0,0,0,1
w6_persistent_bearing,collinear,10020,4,omni,23.0,1027.707255,1004.707255,2,0,0,0,0.0,0,0.0,0.0,0.0,0,0,0,1
w6_persistent_bearing,collinear,10020,5,dir,655.0,1575.872659,920.8726590000001,8,7,4,3,823.3046753812267,0,199.66093507624535,280.76719808658754,500.0,7,0,0,1
w6_persistent_bearing,collinear,10020,6,omni,35.0,5674.213607,5639.213607,18,15,3,12,893.3338481661242,14,267.6667696332248,0.0,0.0,0,0,0,1
w6_persistent_bearing,collinear,10020,7,dir,667.0,1244.632581,577.6325810000001,2,0,0,0,0.0,0,0.0,0.0,0.0,0,0,0,1
w6_persistent_bearing,collinear,10020,8,dir,4814.036632,5249.011919,434.9752869999993,2,0,0,0,0.0,0,0.0,0.0,0.0,0,0,0,1
w6_persistent_bearing,collinear,10020,11,omni,4072.541725,4496.438865,423.89714000000004,2,0,0,0,0.0,0,0.0,0.0,0.0,0,0,0,1
w6_persistent_bearing,collinear,10020,12,dir,71.0,996.485925,925.485925,4,2,2,0,878.7409957870059,1,186.7481991574012,410.82254608669166,500.0,2,0,0,1
w6_persistent_bearing,collinear,10020,13,omni,703.0,2610.874812,1907.874812,4,1,1,0,0.0,1,6.0,0.0,0.0,0,0,0,1
w6_persistent_bearing,collinear,10020,16,dir,342.0,5740.036965,5398.036965,17,15,1,14,0.0,15,90.0,0.0,0.0,0,0,0,1
w6_persistent_bearing,collinear,10020,17,dir,727.0,1679.828318,952.8283180000001,1,0,0,0,0.0,0,0.0,0.0,0.0,0,0,0,1
w6_persistent_bearing,collinear,10020,19,dir,113.0,5600.860773,5487.860773,18,16,1,15,5330.507708356345,15,1161.101541671269,0.0,0.0,0,0,0,1
w6_persistent_bearing,collinear,10020,20,omni,745.0,1205.928309,460.9283089999999,1,0,0,0,0.0,0,0.0,0.0,0.0,0,0,0,1
w6_persistent_bearing,collinear,10021,1,dir,962.021887,6122.259645,5160.237758,14,13,2,11,4151.748256198559,12,907.3496512397118,0.0,0.0,0,0,0,1
w6_persistent_bearing,collinear,10021,2,dir,3828.729403,4091.133592,262.4041890000003,1,0,0,0,0.0,0,0.0,0.0,0.0,0,0,0,1
w6_persistent_bearing,collinear,10021,4,dir,728.0,1973.419851,1245.419851,3,1,1,0,430.7677569064899,0,91.15355138129799,456.8379270233732,456.8379270233732,1,0,0,1
w6_persistent_bearing,collinear,10021,5,dir,3455.719199,3949.024919,493.30571999999984,2,0,0,0,0.0,0,0.0,0.0,0.0,0,0,0,1
w6_persistent_bearing,collinear,10021,6,dir,35.0,2010.436215,1975.436215,3,0,0,0,0.0,0,0.0,0.0,0.0,0,0,0,1
w6_persistent_bearing,collinear,10021,7,dir,2252.000053,3234.040838,982.0407849999997,8,7,1,6,875.7940254013566,2,212.15880508027132,375.0,500.0,6,0,0,1
w6_persistent_bearing,collinear,10021,8,dir,1004.021887,5949.753915,4945.732028,22,21,4,17,435.9202983990841,16,208.1840596798168,339.2857142857143,500.0,7,0,0,1
w6_persistent_bearing,collinear,10021,10,dir,1016.021887,1742.470376,726.448489,7,6,3,3,932.2440652496734,2,218.4488130499347,206.20960391707828,500.0,6,0,0,1
w6_persistent_bearing,collinear,10021,11,omni,65.0,2004.020496,1939.020496,3,0,0,0,0.0,0,0.0,0.0,0.0,0,0,0,1
w6_persistent_bearing,collinear,10021,12,omni,71.0,2093.827161,2022.8271610000002,3,1,0,1,0.0,1,6.0,0.0,0.0,0,0,0,1
w6_persistent_bearing,collinear,10021,13,dir,2234.000053,2649.625045,415.62499199999957,6,5,5,0,441.3312742016935,1,114.26625484033869,162.06584753236788,500.0,5,0,0,1
w6_persistent_bearing,collinear,10021,15,dir,89.0,1310.287664,1221.287664,9,8,3,5,401.0705131092541,3,123.21410262185081,230.50889689021622,500.0,6,0,0,1
w6_persistent_bearing,collinear,10021,16,omni,95.0,1083.825624,988.8256240000001,6,5,5,0,893.3740836298688,3,206.67481672597376,297.7913612099563,500.0,3,0,0,1
w6_persistent_bearing,collinear,10021,18,dir,107.0,1198.487977,1091.487977,4,3,1,2,480.7054864968506,3,114.14109729937012,500.0,500.0,1,0,0,1
w6_persistent_bearing,collinear,10022,1,dir,6007.411377,6448.630195,441.2188179999994,2,0,0,0,0.0,0,0.0,0.0,0.0,0,0,0,1
w6_persistent_bearing,collinear,10022,3,dir,17.0,4742.74661,4725.74661,16,15,3,12,500.00000000000006,15,190.0,500.0,500.0,1,0,0,1
w6_persistent_bearing,collinear,10022,4,dir,23.0,1862.973767,1839.973767,8,7,4,3,910.3955296040874,6,223.07910592081748,181.90195027498442,317.87178976522034,3,0,0,1
w6_persistent_bearing,collinear,10022,5,dir,5562.619248,6203.742685,641.1234370000002,2,0,0,0,0.0,0,0.0,0.0,0.0,0,0,0,1
w6_persistent_bearing,collinear,10022,6,dir,35.0,4772.521855,4737.521855,15,13,0,13,0.0,13,78.0,0.0,0.0,0,0,0,1
w6_persistent_bearing,collinear,10022,8,dir,47.0,5324.819017,5277.819017,16,15,1,14,0.0,15,90.0,0.0,0.0,0,0,0,1
w6_persistent_bearing,collinear,10022,9,dir,2041.309278,4551.780358,2510.4710800000003,9,6,1,5,0.0,6,36.0,0.0,0.0,0,0,0,1
w6_persistent_bearing,collinear,10022,10,dir,6274.006836,6402.904923,128.8980870000005,1,0,0,0,0.0,0,0.0,0.0,0.0,0,0,0,1
w6_persistent_bearing,collinear,10022,11,dir,65.0,5357.192551,5292.192551,17,15,2,13,74.02146341734519,15,104.80429268346904,500.0,500.0,1,0,0,1
w6_persistent_bearing,collinear,10022,12,omni,71.0,5418.218328,5347.218328,17,16,2,14,269.5021232218944,16,149.9004246443789,269.5021232218944,269.5021232218944,1,0,0,1
w6_persistent_bearing,collinear,10022,15,dir,89.0,4597.687832,4508.687832,16,13,4,9,500.00000000000006,13,178.0,500.0,500.0,1,0,0,1
w6_persistent_bearing,collinear,10022,17,dir,336.0,5307.421305,4971.421305,17,16,3,13,910.1631004172785,16,278.0326200834557,408.94353242856084,500.0,2,0,0,1
w6_persistent_bearing,collinear,10022,18,dir,5120.993589,6225.029363,1104.035774,2,0,0,0,0.0,0,0.0,0.0,0.0,0,0,0,1
w6_persistent_bearing,collinear,10022,19,dir,5126.993589,5685.702478,558.7088890000005,2,1,1,0,487.7412744201865,1,103.5482548840373,500.0,500.0,1,0,0,1
w6_persistent_bearing,collinear,10022,20,dir,1209.010204,4545.885861,3336.8756569999996,13,12,5,7,3952.428634313925,10,860.485726862785,500.0,500.0,2,0,0,1
w6_persistent_bearing,collinear,10023,1,omni,5.0,474.403951,469.403951,2,0,0,0,0.0,0,0.0,0.0,0.0,0,0,0,1
w6_persistent_bearing,collinear,10023,2,dir,1842.901577,2174.883483,331.981906,6,5,2,3,550.7214896223738,0,135.14429792447476,354.7823510835361,500.0,5,0,0,1
w6_persistent_bearing,collinear,10023,4,dir,337.0,3477.934221,3140.934221,8,7,2,5,696.6154627402483,5,179.32309254804966,500.0,500.0,3,0,0,1
w6_persistent_bearing,collinear,10023,5,dir,29.0,2834.556228,2805.556228,5,2,1,1,467.74755839995765,2,105.54951167999153,500.0,500.0,1,0,0,1
w6_persistent_bearing,collinear,10023,6,omni,35.0,3017.155458,2982.155458,4,1,0,1,0.0,1,6.0,0.0,0.0,0,0,0,1
w6_persistent_bearing,collinear,10023,9,dir,53.0,790.942452,737.942452,5,4,1,3,194.68049734720472,3,61.93609946944095,437.5,500.0,4,0,0,1
w6_persistent_bearing,collinear,10023,10,dir,59.0,2615.828209,2556.828209,12,11,3,8,870.3228593357344,8,237.06457186714687,312.5,500.0,8,0,0,1
w6_persistent_bearing,collinear,10023,11,omni,65.0,2576.073978,2511.073978,4,0,0,0,0.0,0,0.0,0.0,0.0,0,0,0,1
w6_persistent_bearing,collinear,10023,12,dir,71.0,742.415717,671.415717,8,7,4,3,174.64569398271524,4,73.92913879654304,272.85499711394385,500.0,7,0,0,1
w6_persistent_bearing,collinear,10023,14,dir,83.0,624.747231,541.747231,2,1,1,0,0.7417648640760425,1,6.148352972815209,500.0,500.0,1,0,0,1
w6_persistent_bearing,collinear,10023,15,dir,89.0,3083.620701,2994.620701,6,5,3,2,504.7996370149744,5,130.95992740299488,500.0,500.0,2,0,0,1
w6_persistent_bearing,collinear,10023,16,omni,95.0,2584.894517,2489.894517,4,0,0,0,0.0,0,0.0,0.0,0.0,0,0,0,1
w6_persistent_bearing,collinear,10023,17,dir,1770.901577,3630.174687,1859.27311,12,11,4,7,1693.5873633661533,2,395.71747267323065,262.1528817588723,500.0,10,0,0,1
w6_persistent_bearing,collinear,10023,18,dir,107.0,1918.794365,1811.794365,5,4,2,2,423.71743929139416,4,108.74348785827883,423.7174392913941,423.7174392913941,1,0,0,1
w6_persistent_bearing,collinear,10023,19,omni,113.0,1991.982594,1878.982594,4,0,0,0,0.0,0,0.0,0.0,0.0,0,0,0,1
w6_persistent_bearing,collinear,10024,1,dir,5.0,3276.904988,3271.904988,12,10,2,8,2880.5936449289175,7,633.1187289857835,433.3997529629204,500.0,2,0,0,1
w6_persistent_bearing,collinear,10024,2,dir,11.0,3990.103105,3979.103105,14,13,3,10,858.2737544961983,11,247.65475089923967,205.1030486605359,500.0,3,0,0,1
w6_persistent_bearing,collinear,10024,4,omni,23.0,3793.802997,3770.802997,12,11,2,9,210.62121518250532,11,108.12424303650107,210.62121518250538,210.62121518250538,1,0,0,1
w6_persistent_bearing,collinear,10024,5,dir,29.0,3417.368744,3388.368744,10,8,1,7,0.0,8,48.0,0.0,0.0,0,0,0,1
w6_persistent_bearing,collinear,10024,10,dir,1777.010204,2423.701574,646.6913700000002,2,0,0,0,0.0,0,0.0,0.0,0.0,0,0,0,1
w6_persistent_bearing,collinear,10024,12,dir,385.0,4376.197488,3991.197488,12,11,2,9,433.15053788190744,11,152.63010757638148,500.0,500.0,1,0,0,1
w6_persistent_bearing,collinear,10024,15,dir,1807.010204,2688.635102,881.6248980000003,3,0,0,0,0.0,0,0.0,0.0,0.0,0,0,0,1
w6_persistent_bearing,collinear,10024,16,dir,3653.240949,4635.296513,982.0555640000002,4,2,2,0,700.1656008850473,0,150.03312017700947,363.36851801520015,487.76119736218254,2,0,0,1
w6_persistent_bearing,collinear,10024,17,dir,1819.010204,2388.216663,569.2064590000002,3,0,0,0,0.0,0,0.0,0.0,0.0,0,0,0,1
w6_persistent_bearing,collinear,10024,18,dir,107.0,2745.002545,2638.002545,9,7,2,5,0.0,7,42.0,0.0,0.0,0,0,0,1
w6_persistent_bearing,collinear,10024,19,omni,113.0,2702.668468,2589.668468,9,8,4,4,0.0,8,48.0,0.0,0.0,0,0,0,1
w6_persistent_bearing,collinear,10025,1,dir,3318.109516,7249.706666,3931.59715,12,11,2,9,3221.5172297747717,10,709.3034459549543,0.0,0.0,0,0,0,1
w6_persistent_bearing,collinear,10025,3,dir,420.0,1531.111805,1111.111805,2,0,0,0,0.0,0,0.0,0.0,0.0,0,0,0,1
w6_persistent_bearing,collinear,10025,6,dir,402.0,1458.128083,1056.128083,11,10,1,9,1371.4888663528618,3,327.29777327057235,291.6666666666667,500.0,9,0,0,1
w6_persistent_bearing,collinear,10025,8,dir,390.0,867.063493,477.063493,7,6,3,3,614.7463319390479,2,154.9492663878096,169.06370146392993,500.0,6,0,0,1
w6_persistent_bearing,collinear,10025,10,omni,3354.109516,7221.035271,3866.9257549999998,12,11,2,9,0.0,11,66.0,0.0,0.0,0,0,0,1
w6_persistent_bearing,collinear,10025,11,dir,3077.109516,7256.293959,4179.184443,14,12,1,11,739.7516684542138,12,219.95033369084277,349.5691368310647,349.5691368310647,1,0,0,1
w6_persistent_bearing,collinear,10025,13,dir,3372.109516,6959.383197,3587.273681,13,11,1,10,2203.437615581439,11,506.68752311628776,444.9897218547924,444.9897218547924,1,0,0,1
w6_persistent_bearing,collinear,10025,14,dir,1840.099312,6052.905301,4212.8059889999995,17,16,2,14,324.57409248096496,16,160.914818496193,324.574092480965,324.574092480965,1,0,0,1
w6_persistent_bearing,collinear,10025,15,omni,89.0,555.196875,466.196875,2,0,0,0,0.0,0,0.0,0.0,0.0,0,0,0,1
w6_persistent_bearing,collinear,10025,16,dir,342.0,784.163506,442.163506,2,1,1,0,9.686425867708028,1,7.937285173541605,500.0,500.0,1,0,0,1
w6_persistent_bearing,collinear,10025,17,dir,3384.109516,7030.120284,3646.0107679999996,12,9,0,9,0.0,9,54.0,0.0,0.0,0,0,0,1
w6_persistent_bearing,collinear,10025,19,omni,324.0,5673.778721,5349.778721,18,14,2,12,0.0,14,84.0,0.0,0.0,0,0,0,1
w6_persistent_bearing,collinear,10025,20,dir,5261.140128,5769.177285,508.03715699999975,5,4,4,0,978.899718587216,1,216.7799437174432,201.37634073236876,500.0,4,0,0,1
w6_persistent_bearing,collinear,10026,1,dir,1256.151248,1916.816483,660.6652350000002,2,0,0,0,0.0,0,0.0,0.0,0.0,0,0,0,1
w6_persistent_bearing,collinear,10026,2,omni,11.0,870.867783,859.867783,4,3,3,0,109.90982297110929,2,38.98196459422186,202.99470244040296,500.0,3,0,0,1
w6_persistent_bearing,collinear,10026,4,dir,23.0,931.43953,908.43953,4,3,3,0,37.92907772044691,3,25.58581554408938,240.13890315167498,500.0,3,0,0,1
w6_persistent_bearing,collinear,10026,6,omni,35.0,596.905045,561.905045,2,0,0,0,0.0,0,0.0,0.0,0.0,0,0,0,1
w6_persistent_bearing,collinear,10026,7,dir,5029.437363,6373.228819,1343.791456,6,5,2,3,465.997617380012,5,123.1995234760024,465.997617380012,465.997617380012,1,0,0,1
w6_persistent_bearing,collinear,10026,8,dir,47.0,6360.411084,6313.411084,25,23,3,20,0.0,23,138.0,0.0,0.0,0,0,0,1
w6_persistent_bearing,collinear,10026,9,dir,53.0,1088.533717,1035.533717,5,4,4,0,172.9163797502284,3,57.58327595004568,293.56771724603317,500.0,4,0,0,1
w6_persistent_bearing,collinear,10026,10,dir,1226.151248,1829.836346,603.6850980000002,2,0,0,0,0.0,0,0.0,0.0,0.0,0,0,0,1
w6_persistent_bearing,collinear,10026,12,omni,71.0,577.995602,506.99560199999996,3,0,0,0,0.0,0,0.0,0.0,0.0,0,0,0,1
w6_persistent_bearing,collinear,10026,13,omni,77.0,989.586913,912.586913,6,5,5,0,646.0825032403834,3,157.21650064807667,176.19172232368442,500.0,5,0,0,1
w6_persistent_bearing,collinear,10026,14,dir,83.0,1021.835938,938.835938,5,4,4,0,92.17671204233585,4,42.43534240846717,237.12522683776206,500.0,4,0,0,1
w6_persistent_bearing,collinear,10026,15,dir,2031.396547,6383.330416,4351.9338689999995,19,18,2,16,0.0,18,108.0,0.0,0.0,0,0,0,1
w6_persistent_bearing,collinear,10026,16,dir,3775.416955,6628.896749,2853.4797940000003,11,8,0,8,0.0,8,48.0,0.0,0.0,0,0,0,1
w6_persistent_bearing,collinear,10026,20,dir,439.957012,6555.907108,6115.9500960000005,23,22,2,20,7633.053376504102,20,1656.6106753008203,0.0,0.0,0,0,0,1
w6_persistent_bearing,collinear,10027,2,dir,426.0,3588.563194,3162.563194,14,13,2,11,640.9917049365392,10,203.19834098730786,362.4521422155706,500.0,5,0,0,1
w6_persistent_bearing,collinear,10027,3,dir,17.0,5388.879237,5371.879237,22,21,6,15,422.4095219594623,17,206.48190439189247,128.96415867280635,332.69358115148077,5,0,0,1
w6_persistent_bearing,collinear,10027,7,dir,396.0,2618.678147,2222.678147,8,7,2,5,75.58785853316817,7,57.11757170663363,500.0,500.0,1,0,0,1
w6_persistent_bearing,collinear,10027,8,dir,390.0,2703.119504,2313.119504,10,9,3,6,299.8289866326077,7,111.96579732652154,201.39111070967235,500.0,3,0,0,1
w6_persistent_bearing,collinear,10027,11,dir,65.0,3596.699709,3531.699709,11,8,1,7,575.2281503741924,8,163.04563007483847,500.0,500.0,1,0,0,1
w6_persistent_bearing,collinear,10027,13,omni,77.0,5443.190985,5366.190985,18,17,2,15,281.40114621395526,17,158.28022924279105,281.40114621395526,281.40114621395526,1,0,0,1
w6_persistent_bearing,collinear,10027,15,dir,89.0,2741.529204,2652.529204,9,8,2,6,103.92092494820086,8,68.78418498964018,500.0,500.0,1,0,0,1
w6_persistent_bearing,collinear,10027,16,dir,95.0,5401.574174,5306.574174,17,16,2,14,0.0,16,96.0,0.0,0.0,0,0,0,1
w6_persistent_bearing,collinear,10027,17,omni,101.0,2876.881418,2775.881418,9,7,1,6,358.02223634400053,7,113.6044472688001,282.67290565991806,282.67290565991806,1,0,0,1
w6_persistent_bearing,collinear,10027,18,dir,330.0,2579.681436,2249.681436,9,8,3,5,834.8750269345555,8,214.9750053869111,377.86018652833786,500.0,2,0,0,1
w6_persistent_bearing,collinear,10027,19,dir,324.0,3471.486388,3147.486388,12,10,3,7,582.6021272386486,9,175.5204254477297,322.53509400512456,500.0,3,0,0,1
w6_persistent_bearing,collinear,10028,3,omni,17.0,2661.350204,2644.350204,10,9,4,5,499.99999999999994,9,154.0,500.0,500.0,1,0,0,1
w6_persistent_bearing,collinear,10028,5,omni,29.0,3718.410575,3689.410575,12,11,2,9,674.4610691076341,11,200.8922138215268,500.0,500.0,1,0,0,1
w6_persistent_bearing,collinear,10028,7,dir,1950.020408,2554.18831,604.1679019999999,2,0,0,0,0.0,0,0.0,0.0,0.0,0,0,0,1
w6_persistent_bearing,collinear,10028,9,dir,53.0,3216.943263,3163.943263,10,8,0,8,0.0,8,48.0,0.0,0.0,0,0,0,1
w6_persistent_bearing,collinear,10028,11,dir,65.0,6217.360834,6152.360834,24,23,2,21,388.14183265786323,21,213.62836653157265,437.5,500.0,4,0,0,1
w6_persistent_bearing,collinear,10028,12,dir,71.0,3812.550594,3741.550594,16,15,5,10,795.7700173238487,12,246.15400346476974,274.20878774618205,500.0,5,0,0,1
w6_persistent_bearing,collinear,10028,13,dir,3590.459128,4767.817816,1177.3586879999998,4,0,0,0,0.0,0,0.0,0.0,0.0,0,0,0,1
w6_persistent_bearing,collinear,10028,14,dir,3927.197149,4945.794258,1018.5971089999998,3,0,0,0,0.0,0,0.0,0.0,0.0,0,0,0,1
w6_persistent_bearing,collinear,10028,15,dir,3602.459128,4890.026532,1287.567404,5,4,2,2,299.2466476967352,4,83.84932953934704,299.246647696735,299.246647696735,1,0,0,1
w6_persistent_bearing,collinear,10028,16,dir,95.0,3103.165664,3008.165664,12,10,2,8,877.54754924643,9,234.509509849286,407.77997602045093,500.0,2,0,0,1
w6_persistent_bearing,collinear,10028,17,omni,1890.020408,2564.804473,674.784065,2,0,0,0,0.0,0,0.0,0.0,0.0,0,0,0,1
w6_persistent_bearing,collinear,10028,20,omni,119.0,3440.630213,3321.630213,14,13,4,9,3632.5047190495875,8,799.5009438099175,183.67734462556336,500.0,4,0,0,1
w6_persistent_bearing,collinear,10029,4,omni,23.0,2459.011868,2436.011868,7,5,1,4,77.56376595056385,5,45.51275319011277,449.03573918357154,449.03573918357154,1,0,0,1
w6_persistent_bearing,collinear,10029,5,dir,2563.482196,3782.428269,1218.946073,9,8,3,5,909.7487113729426,3,224.94974227458852,195.6310485484977,415.31625443025996,6,0,0,1
w6_persistent_bearing,collinear,10029,6,dir,1808.010204,4958.106771,3150.0965669999996,7,6,2,4,900.6111406786202,6,216.12222813572404,500.0,500.0,1,0,0,1
w6_persistent_bearing,collinear,10029,8,dir,361.0,2145.765702,1784.7657020000001,7,6,3,3,782.1949299172722,5,191.43898598345444,391.0974649586361,500.0,2,0,0,1
w6_persistent_bearing,collinear,10029,9,omni,53.0,2082.131334,2029.1313340000002,6,4,1,3,0.0,4,24.0,0.0,0.0,0,0,0,1
w6_persistent_bearing,collinear,10029,12,omni,71.0,2423.61028,2352.61028,7,5,1,4,411.9039062863703,5,112.38078125727405,427.64708948777104,427.64708948777104,1,0,0,1
w6_persistent_bearing,collinear,10029,14,dir,4501.908739,5677.549142,1175.6404029999994,4,3,2,1,0.0,3,18.0,0.0,0.0,0,0,0,1
w6_persistent_bearing,collinear,10029,16,dir,95.0,3964.501862,3869.501862,26,25,5,20,999.6835844841349,12,336.93671689682697,115.68139709425327,500.0,16,0,0,1
w6_persistent_bearing,collinear,10029,17,dir,101.0,4153.159402,4052.1594020000002,15,14,2,12,1794.1227567173323,12,440.82455134346645,354.3309722002793,500.0,5,0,0,1
w6_persistent_bearing,collinear,10029,18,dir,4513.908739,4991.515313,477.60657399999945,1,0,0,0,0.0,0,0.0,0.0,0.0,0,0,0,1
w6_persistent_bearing,collinear,10029,19,dir,113.0,2068.4678,1955.4678,6,4,1,3,0.0,4,24.0,0.0,0.0,0,0,0,1
w6_persistent_bearing,collinear,10030,1,dir,5.0,5923.209971,5918.209971,19,18,5,13,6350.03749792486,15,1375.007499584972,451.01438277228374,451.01438277228374,1,0,0,1
w6_persistent_bearing,collinear,10030,4,dir,7213.837217,7733.308194,519.470977,4,2,2,0,269.16487086777636,1,64.83297417355527,316.64331667281056,497.6736045817767,2,0,0,1
w6_persistent_bearing,collinear,10030,6,omni,4138.040816,6413.553074,2275.5122580000007,4,3,1,2,0.0,3,18.0,0.0,0.0,0,0,0,1
w6_persistent_bearing,collinear,10030,7,dir,396.0,6118.541298,5722.541298,20,19,3,16,772.4845084326334,17,266.4969016865267,274.96630471724876,500.0,3,0,0,1
w6_persistent_bearing,collinear,10030,8,dir,6292.564739,7766.501383,1473.9366439999994,7,6,4,2,410.33419462303164,5,117.06683892460633,154.90482239365997,450.0951636981743,4,0,0,1
w6_persistent_bearing,collinear,10030,9,dir,6298.564739,6767.114127,468.54938799999945,2,0,0,0,0.0,0,0.0,0.0,0.0,0,0,0,1
w6_persistent_bearing,collinear,10030,10,dir,6304.564739,7630.994314,1326.4295749999992,5,4,2,2,66.99471965387868,3,36.39894393077574,245.3021790933631,461.4581914283407,2,0,0,1
w6_persistent_bearing,collinear,10030,11,dir,65.0,5853.007389,5788.007389,19,18,4,14,78.6532809974818,18,123.73065619949637,500.0,500.0,1,0,0,1
w6_persistent_bearing,collinear,10030,13,dir,4817.064846,5226.705308,409.6404619999994,7,6,3,3,854.0646267428746,0,200.8129253485749,300.7826455650366,495.05842800554876,6,0,0,1
w6_persistent_bearing,collinear,10030,15,dir,89.0,5903.90833,5814.90833,19,18,5,13,37.48974661177968,18,115.49794932235594,472.6511179697024,472.6511179697024,1,0,0,1
w6_persistent_bearing,collinear,10030,17,dir,101.0,5691.911518,5590.911518,19,18,2,16,401.312488789978,18,188.2624977579956,401.3124887899779,401.3124887899779,1,0,0,1
w6_persistent_bearing,collinear,10030,18,dir,107.0,5864.22446,5757.22446,18,16,1,15,0.0,16,96.0,0.0,0.0,0,0,0,1
w6_persistent_bearing,collinear,10030,19,omni,4060.040816,6420.248181,2360.2073649999998,4,3,1,2,0.0,3,18.0,0.0,0.0,0,0,0,1
w6_persistent_bearing,collinear,10030,20,dir,6334.564739,8086.348885,1751.784146,20,19,2,17,1998.4535871338471,3,497.6907174267694,210.9375,500.0,16,0,0,1
w6_persistent_bearing,collinear,10031,2,dir,1570.207065,2236.738879,666.5318139999999,14,13,4,9,1262.4636311324248,0,317.49272622648493,237.5154836517909,500.0,13,0,0,1
w6_persistent_bearing,collinear,10031,3,omni,17.0,737.545185,720.545185,2,0,0,0,0.0,0,0.0,0.0,0.0,0,0,0,1
w6_persistent_bearing,collinear,10031,4,dir,414.0,4302.137242,3888.137242,14,13,4,9,973.8592106397352,12,271.771842127947,333.8348739037729,500.0,3,0,0,1
w6_persistent_bearing,collinear,10031,5,dir,29.0,1339.951902,1310.951902,4,2,2,0,1190.3491053223615,1,249.0698210644723,472.2621061291817,500.0,2,0,0,1
w6_persistent_bearing,collinear,10031,10,dir,59.0,673.532911,614.532911,2,1,1,0,261.21198561859023,1,58.24239712371805,500.0,500.0,1,0,0,1
w6_persistent_bearing,collinear,10031,12,omni,71.0,910.644342,839.644342,2,0,0,0,0.0,0,0.0,0.0,0.0,0,0,0,1
w6_persistent_bearing,collinear,10031,13,omni,77.0,1418.826059,1341.826059,6,5,4,1,200.60722460004814,3,68.12144492000962,173.0164538923784,500.0,4,0,0,1
w6_persistent_bearing,collinear,10031,15,dir,1522.207065,1862.159211,339.95214599999986,2,0,0,0,0.0,0,0.0,0.0,0.0,0,0,0,1
w6_persistent_bearing,collinear,10031,17,dir,1510.207065,1822.385812,312.17874699999993,1,0,0,0,0.0,0,0.0,0.0,0.0,0,0,0,1
w6_persistent_bearing,collinear,10031,18,dir,6493.32547,6811.673034,318.3475640000006,2,0,0,0,0.0,0,0.0,0.0,0.0,0,0,0,1
w6_persistent_bearing,collinear,10031,19,omni,113.0,608.528016,495.528016,1,0,0,0,0.0,0,0.0,0.0,0.0,0,0,0,1
w6_persistent_bearing,collinear,10031,20,dir,119.0,1595.866639,1476.866639,7,6,5,1,294.61028599506585,3,91.92205719901317,232.71246057223178,500.0,4,0,0,1
w6_persistent_bearing,collinear,10032,2,dir,325.0,1951.755494,1626.755494,5,4,2,2,783.4905043152037,3,179.69810086304074,383.6222007226817,500.0,2,0,0,1
w6_persistent_bearing,collinear,10032,4,omni,23.0,1222.662242,1199.662242,3,2,2,0,0.0,2,12.0,0.0,0.0,0,0,0,1
w6_persistent_bearing,collinear,10032,5,omni,1709.721788,2552.729999,843.0082110000001,2,0,0,0,0.0,0,0.0,0.0,0.0,0,0,0,1
w6_persistent_bearing,collinear,10032,6,omni,35.0,1536.563212,1501.563212,3,1,0,1,0.0,1,6.0,0.0,0.0,0,0,0,1
w6_persistent_bearing,collinear,10032,9,dir,993.0,5267.552353,4274.552353,15,14,4,10,18.23767951724284,14,87.64753590344857,500.0,500.0,1,0,0,1
w6_persistent_bearing,collinear,10032,12,dir,385.0,1550.505669,1165.505669,3,1,1,0,577.4666048661364,1,121.49332097322728,500.0,500.0,1,0,0,1
w6_persistent_bearing,collinear,10032,14,omni,83.0,1471.158903,1388.158903,3,1,0,1,0.0,1,6.0,0.0,0.0,0,0,0,1
w6_persistent_bearing,collinear,10032,15,dir,1029.0,5248.312241,4219.312241,15,14,4,10,1130.5481770838805,14,310.1096354167761,500.0,500.0,1,0,0,1
w6_persistent_bearing,collinear,10032,16,dir,5395.951553,5818.952097,423.00054400000045,2,0,0,0,0.0,0,0.0,0.0,0.0,0,0,0,1
w6_persistent_bearing,collinear,10032,20,omni,1637.721788,2481.087816,843.3660280000001,3,0,0,0,0.0,0,0.0,0.0,0.0,0,0,0,1
w6_persistent_bearing,collinear,10033,1,dir,1446.776328,2373.55208,926.775752,5,4,2,2,257.6987416417275,3,74.5397483283455,252.4662083891934,468.5814101384818,2,0,0,1
w6_persistent_bearing,collinear,10033,2,dir,1660.671548,2436.767607,776.0960590000002,6,4,4,0,406.8549330489946,2,103.37098660979892,171.10730855251182,495.2320178361781,4,0,0,1
w6_persistent_bearing,collinear,10033,5,omni,29.0,995.152081,966.152081,2,0,0,0,0.0,0,0.0,0.0,0.0,0,0,0,1
w6_persistent_bearing,collinear,10033,6,dir,1678.671548,2245.606274,566.9347260000002,3,0,0,0,0.0,0,0.0,0.0,0.0,0,0,0,1
w6_persistent_bearing,collinear,10033,7,dir,41.0,1035.489141,994.489141,2,0,0,0,0.0,0,0.0,0.0,0.0,0,0,0,1
w6_persistent_bearing,collinear,10033,8,omni,47.0,922.863618,875.863618,2,0,0,0,0.0,0,0.0,0.0,0.0,0,0,0,1
w6_persistent_bearing,collinear,10033,11,dir,1696.671548,2479.534681,782.8631330000001,3,0,0,0,0.0,0,0.0,0.0,0.0,0,0,0,1
w6_persistent_bearing,collinear,10033,12,omni,71.0,1252.125281,1181.125281,3,1,1,0,465.3618782282392,1,99.07237564564784,487.29298349990427,487.29298349990427,1,0,0,1
w6_persistent_bearing,collinear,10033,14,dir,4355.659579,4891.436353,535.7767739999999,5,4,4,0,723.7099127488889,1,165.7419825497778,165.38182014395287,500.0,4,0,0,1
w6_persistent_bearing,collinear,10033,15,dir,662.0,4496.547489,3834.5474889999996,14,13,4,9,499.99999999999994,13,178.0,500.0,500.0,1,0,0,1
w6_persistent_bearing,collinear,10033,16,omni,1380.776328,2330.374995,949.5986670000002,4,0,0,0,0.0,0,0.0,0.0,0.0,0,0,0,1
w6_persistent_bearing,collinear,10033,17,omni,650.0,4581.130038,3931.1300380000002,16,15,4,11,606.322645399427,13,209.2645290798854,198.16797235670106,339.6266874627534,3,0,0,1
w6_persistent_bearing,collinear,10033,18,omni,107.0,1275.616147,1168.616147,3,1,1,0,26.35916644763964,1,11.271833289527928,500.0,500.0,1,0,0,1
w6_persistent_bearing,collinear,10033,19,omni,113.0,1260.606095,1147.606095,3,1,1,0,13.906296248654755,1,8.781259249730951,492.25052015642734,492.25052015642734,1,0,0,1
w6_persistent_bearing,collinear,10034,1,dir,849.933499,2159.44724,1309.513741,5,2,0,2,0.0,2,12.0,0.0,0.0,0,0,0,1
w6_persistent_bearing,collinear,10034,2,dir,1297.352138,2069.498928,772.14679,5,4,4,0,1164.6528945128612,2,254.93057890257222,388.21763150428706,500.0,3,0,0,1
w6_persistent_bearing,collinear,10034,4,dir,23.0,6716.792237,6693.792237,25,24,3,21,1094.5832903072835,22,360.9166580614567,342.89672158260464,500.0,3,0,0,1
w6_persistent_bearing,collinear,10034,6,dir,35.0,4849.753251,4814.753251,17,16,3,13,721.0698979979722,16,240.21397959959444,465.9179943443617,500.0,2,0,0,1
w6_persistent_bearing,collinear,10034,7,dir,3375.871223,4263.513533,887.6423100000002,5,1,1,0,178.4964154844823,0,40.69928309689646,213.63478699460086,213.63478699460086,1,0,0,1
w6_persistent_bearing,collinear,10034,9,dir,4047.761636,4651.664536,603.9029,2,0,0,0,0.0,0,0.0,0.0,0.0,0,0,0,1
w6_persistent_bearing,collinear,10034,11,omni,3752.871223,4943.848512,1190.9772889999995,2,0,0,0,0.0,0,0.0,0.0,0.0,0,0,0,1
w6_persistent_bearing,collinear,10034,13,omni,77.0,403.573049,326.573049,2,0,0,0,0.0,0,0.0,0.0,0.0,0,0,0,1
w6_persistent_bearing,collinear,10034,14,omni,83.0,4153.446151,4070.446151,15,14,5,9,499.99999999999994,14,184.0,500.0,500.0,1,0,0,1
w6_persistent_bearing,collinear,10034,15,omni,89.0,711.12147,622.12147,2,0,0,0,0.0,0,0.0,0.0,0.0,0,0,0,1
w6_persistent_bearing,collinear,10034,16,dir,612.114764,1151.043204,538.92844,3,0,0,0,0.0,0,0.0,0.0,0.0,0,0,0,1
w6_persistent_bearing,collinear,10034,17,omni,101.0,376.797587,275.797587,1,0,0,0,0.0,0,0.0,0.0,0.0,0,0,0,1
w6_persistent_bearing,collinear,10034,18,omni,107.0,365.259381,258.259381,1,0,0,0,0.0,0,0.0,0.0,0.0,0,0,0,1
w6_persistent_bearing,collinear,10034,20,dir,119.0,6474.004797,6355.004797,24,22,2,20,8571.785609805045,18,1842.357121961009,396.05155319976575,500.0,2,0,0,1
w6_persistent_bearing,collinear,10035,1,dir,5.0,573.714579,568.714579,3,2,2,0,71.982429644406,1,25.396485928881198,278.31644782997404,500.0,2,0,0,1
w6_persistent_bearing,collinear,10035,2,dir,1173.763671,2196.434903,1022.6712319999999,4,3,3,0,467.68912293279027,1,109.53782458655806,206.43955027017503,500.0,3,0,0,1
w6_persistent_bearing,collinear,10035,4,dir,23.0,541.209419,518.209419,2,1,1,0,472.33507835781086,1,100.46701567156217,500.0,500.0,1,0,0,1
w6_persistent_bearing,collinear,10035,5,omni,1161.763671,1616.635299,454.8716280000001,2,0,0,0,0.0,0,0.0,0.0,0.0,0,0,0,1
w6_persistent_bearing,collinear,10035,6,omni,349.0,2617.548623,2268.548623,4,3,2,1,1726.5236777065281,3,363.3047355413056,229.73262617804542,420.36975836097804,2,0,0,1
w6_persistent_bearing,collinear,10035,7,omni,1149.763671,1351.101967,201.33829600000013,1,0,0,0,0.0,0,0.0,0.0,0.0,0,0,0,1
w6_persistent_bearing,collinear,10035,9,omni,53.0,913.370661,860.370661,5,4,4,0,809.3835867179396,2,183.87671734358793,212.25171978500913,500.0,4,0,0,1
w6_persistent_bearing,collinear,10035,10,dir,1137.763671,2077.916137,940.1524660000002,2,0,0,0,0.0,0,0.0,0.0,0.0,0,0,0,1
w6_persistent_bearing,collinear,10035,11,omni,379.0,2600.581014,2221.581014,4,3,2,1,50.38160551305395,3,28.07632110261079,226.09275883375443,419.8161969570696,2,0,0,1
w6_persistent_bearing,collinear,10035,12,omni,71.0,710.995432,639.995432,2,0,0,0,0.0,0,0.0,0.0,0.0,0,0,0,1
w6_persistent_bearing,collinear,10035,13,omni,77.0,1208.509522,1131.509522,4,3,3,0,77.51631774775151,3,33.503263549550304,286.401973104189,500.0,2,0,0,1
w6_persistent_bearing,collinear,10035,14,dir,1526.305861,1853.510635,327.20477400000004,5,4,3,1,433.3686600699077,0,106.67373201398155,275.5302354643548,500.0,4,0,0,1
w6_persistent_bearing,collinear,10035,15,dir,89.0,693.10127,604.10127,1,0,0,0,0.0,0,0.0,0.0,0.0,0,0,0,1
w6_persistent_bearing,collinear,10035,17,omni,415.0,2719.035969,2304.035969,5,4,3,1,61.15888733482667,3,35.23177746696533,219.6696690376982,416.8602147494479,3,0,0,1
w6_persistent_bearing,collinear,10035,19,dir,427.0,2766.701144,2339.701144,6,5,4,1,121.73293910410864,3,52.346587820821725,174.12155792861844,416.8489034221492,4,0,0,1
w6_persistent_bearing,collinear,10035,20,dir,433.0,2827.254351,2394.254351,8,7,3,4,1215.5325566934866,4,282.1065113386973,196.51036663928562,417.40029083269945,6,0,0,1
w6_persistent_bearing,collinear,10036,2,omni,11.0,5272.477042,5261.477042,17,14,3,11,0.0,14,84.0,0.0,0.0,0,0,0,1
w6_persistent_bearing,collinear,10036,3,omni,3799.79792,6223.986717,2424.188797,4,2,1,1,0.0,2,12.0,0.0,0.0,0,0,0,1
w6_persistent_bearing,collinear,10036,7,omni,41.0,5320.902573,5279.902573,17,15,1,14,0.0,15,90.0,0.0,0.0,0,0,0,1
w6_persistent_bearing,collinear,10036,8,dir,1842.767308,5149.969315,3307.2020070000003,11,9,2,7,0.0,9,54.0,0.0,0.0,0,0,0,1
w6_persistent_bearing,collinear,10036,10,dir,1830.767308,4971.993035,3141.2257270000005,11,8,0,8,0.0,8,48.0,0.0,0.0,0,0,0,1
w6_persistent_bearing,collinear,10036,11,dir,686.0,5084.721762,4398.721762,16,15,7,8,500.0,15,190.0,500.0,500.0,1,0,0,1
w6_persistent_bearing,collinear,10036,13,dir,1812.767308,5068.832959,3256.0656510000003,11,9,1,8,0.0,9,54.0,0.0,0.0,0,0,0,1
w6_persistent_bearing,collinear,10036,14,omni,83.0,5683.875269,5600.875269,17,16,1,15,0.0,16,96.0,0.0,0.0,0,0,0,1
w6_persistent_bearing,collinear,10036,16,dir,95.0,5175.033284,5080.033284,17,14,0,14,0.0,14,84.0,0.0,0.0,0,0,0,1
w6_persistent_bearing,collinear,10036,17,dir,1788.767308,5054.696911,3265.929603,12,9,3,6,500.00000000000006,9,154.0,500.0,500.0,1,0,0,1
w6_persistent_bearing,collinear,10036,19,dir,4209.79792,5995.01251,1785.2145899999996,10,9,2,7,1371.639179472258,3,322.3278358944516,392.85714285714283,500.0,7,0,0,1
w6_persistent_bearing,collinear,10036,20,dir,119.0,5714.540073,5595.540073,22,21,5,16,6467.913248833126,13,1411.5826497666253,161.16172433662717,500.0,5,0,0,1
w6_persistent_bearing,collinear,10037,3,dir,6433.734936,7139.207716,705.4727800000001,8,7,1,6,591.0380012760593,2,155.20760025521184,375.0,500.0,6,0,0,1
w6_persistent_bearing,collinear,10037,5,dir,29.0,529.685198,500.685198,2,0,0,0,0.0,0,0.0,0.0,0.0,0,0,0,1
w6_persistent_bearing,collinear,10037,8,dir,47.0,1619.936222,1572.936222,4,3,2,1,755.2817584631248,3,169.05635169262496,500.0,500.0,1,0,0,1
w6_persistent_bearing,collinear,10037,9,omni,53.0,1337.118796,1284.118796,4,3,2,1,68.24979311869771,2,30.649958623739543,283.3394987189335,500.0,2,0,0,1
w6_persistent_bearing,collinear,10037,10,dir,1483.081076,3682.281317,2199.200241,8,7,2,5,493.8037094318553,7,140.76074188637105,493.8037094318553,493.8037094318553,1,0,0,1
w6_persistent_bearing,collinear,10037,11,dir,380.01402,932.869986,552.8559660000001,5,4,3,1,735.3576675739771,2,169.07153351479542,186.67802241841056,500.0,3,0,0,1
w6_persistent_bearing,collinear,10037,14,dir,83.0,518.82926,435.82926,1,0,0,0,0.0,0,0.0,0.0,0.0,0,0,0,1
w6_persistent_bearing,collinear,10037,15,dir,1501.081076,4572.042099,3070.9610230000003,10,8,2,6,847.6179656132197,8,217.52359312264394,500.0,500.0,1,0,0,1
w6_persistent_bearing,collinear,10037,16,dir,350.01402,3552.61041,3202.5963899999997,22,21,4,17,1904.0092473426882,10,495.8018494685376,255.24959560853205,500.0,13,0,0,1
w6_persistent_bearing,collinear,10037,19,dir,6385.734936,6926.19943,540.4644939999998,7,6,3,3,606.6981647859745,1,152.3396329571949,303.1158032080868,500.0,6,0,0,1
w6_persistent_bearing,collinear,10037,20,dir,326.01402,6306.116671,5980.102651,18,16,1,15,7219.576663466573,13,1536.9153326933147,0.0,0.0,0,0,0,1
w6_persistent_bearing,collinear,10038,4,dir,23.0,2907.293309,2884.293309,10,9,2,7,714.031349854447,9,196.8062699708894,500.0,500.0,2,0,0,1
w6_persistent_bearing,collinear,10038,6,dir,5773.219268,6076.345873,303.1266050000004,1,0,0,0,0.0,0,0.0,0.0,0.0,0,0,0,1
w6_persistent_bearing,collinear,10038,7,dir,3411.745331,3745.865796,334.12046499999997,5,4,4,0,567.4862803366185,0,133.4972560673237,178.89810011434838,500.0,4,0,0,1
w6_persistent_bearing,collinear,10038,9,dir,53.0,3206.486561,3153.486561,18,17,3,14,676.2237195310634,11,231.24474390621268,340.74280221980666,500.0,9,0,0,1
w6_persistent_bearing,collinear,10038,11,dir,5406.209064,5941.666924,535.4578600000004,2,0,0,0,0.0,0,0.0,0.0,0.0,0,0,0,1
w6_persistent_bearing,collinear,10038,13,omni,77.0,2730.907204,2653.907204,9,8,2,6,31.58520540256607,8,54.317041080513214,500.0,500.0,1,0,0,1
w6_persistent_bearing,collinear,10038,15,dir,89.0,707.472377,618.472377,3,1,1,0,323.1794101838489,0,69.63588203676979,248.11346922382484,248.11346922382484,1,0,0,1
w6_persistent_bearing,collinear,10038,16,dir,95.0,542.670858,447.67085799999995,3,1,1,0,116.26050663143778,0,28.252101326287555,149.12654422031383,149.12654422031383,1,0,0,1
w6_persistent_bearing,collinear,10038,19,omni,324.0,1233.870471,909.870471,3,0,0,0,0.0,0,0.0,0.0,0.0,0,0,0,1
w6_persistent_bearing,collinear,10038,20,dir,119.0,2710.054521,2591.054521,9,8,2,6,1387.9404469209876,7,324.58808938419753,500.0,500.0,1,0,0,1
w6_persistent_bearing,collinear,10039,1,dir,3925.238738,5109.342363,1184.1036249999997,5,1,0,1,140.00000000000009,1,34.000000000000014,0.0,0.0,0,0,0,1
w6_persistent_bearing,collinear,10039,5,omni,29.0,781.760833,752.760833,2,0,0,0,0.0,0,0.0,0.0,0.0,0,0,0,1
w6_persistent_bearing,collinear,10039,6,dir,2126.865234,7330.014957,5203.149723,20,18,1,17,0.0,18,108.0,0.0,0.0,0,0,0,1
w6_persistent_bearing,collinear,10039,8,dir,1594.764123,1895.216764,300.4526410000001,2,0,0,0,0.0,0,0.0,0.0,0.0,0,0,0,1
w6_persistent_bearing,collinear,10039,9,dir,679.0,1378.233324,699.233324,11,10,4,6,1328.8775574754816,0,315.77551149509634,271.1440034133847,500.0,10,0,0,1
w6_persistent_bearing,collinear,10039,10,dir,1588.764123,3688.716897,2099.952774,9,8,3,5,719.3635252016777,7,190.87270504033555,359.68176260083885,479.4974855888569,2,0,0,1
w6_persistent_bearing,collinear,10039,13,dir,2096.865234,7408.238813,5311.373579,20,18,3,15,0.0,18,108.0,0.0,0.0,0,0,0,1
w6_persistent_bearing,collinear,10039,15,dir,3865.238738,5468.958177,1603.7194390000004,12,11,4,7,1581.0603397151567,5,376.21206794303134,331.72088554577067,500.0,7,0,0,1
w6_persistent_bearing,collinear,10039,16,dir,342.0,936.541658,594.541658,2,0,0,0,0.0,0,0.0,0.0,0.0,0,0,0,1
w6_persistent_bearing,collinear,10039,17,omni,101.0,860.304647,759.304647,2,0,0,0,0.0,0,0.0,0.0,0.0,0,0,0,1
w6_persistent_bearing,collinear,10039,18,dir,733.0,1807.355888,1074.355888,2,0,0,0,0.0,0,0.0,0.0,0.0,0,0,0,1
w6_persistent_bearing,collinear,10040,2,dir,11.0,565.942922,554.942922,2,0,0,0,0.0,0,0.0,0.0,0.0,0,0,0,1
w6_persistent_bearing,collinear,10040,3,omni,17.0,3044.808235,3027.808235,8,5,1,4,0.0,5,30.0,0.0,0.0,0,0,0,1
w6_persistent_bearing,collinear,10040,4,dir,2148.257467,5859.327134,3711.069667,12,9,0,9,0.0,9,54.0,0.0,0.0,0,0,0,1
w6_persistent_bearing,collinear,10040,6,omni,35.0,2708.520998,2673.520998,9,8,4,4,500.0,8,148.0,500.0,500.0,1,0,0,1
w6_persistent_bearing,collinear,10040,8,dir,47.0,4124.567484,4077.567484,10,9,4,5,236.09529473524614,9,101.21905894704923,236.09529473524617,236.09529473524617,1,0,0,1
w6_persistent_bearing,collinear,10040,9,dir,53.0,3193.89272,3140.89272,14,13,3,10,552.7850711526314,8,183.55701423052628,304.865708752662,500.0,6,0,0,1
w6_persistent_bearing,collinear,10040,10,dir,59.0,2796.923231,2737.923231,11,10,3,7,320.84792611716176,8,122.16958522343235,199.23498149674742,500.0,3,0,0,1
w6_persistent_bearing,collinear,10040,11,dir,65.0,2398.336889,2333.336889,10,9,4,5,584.096425956222,7,168.8192851912444,194.69880865207404,333.68112237846367,3,0,0,1
w6_persistent_bearing,collinear,10040,12,dir,2560.044145,3904.901752,1344.8576070000004,10,8,2,6,813.0875081681402,2,204.61750163362802,254.58778123313053,375.18199339619235,7,0,0,1
w6_persistent_bearing,collinear,10040,13,omni,77.0,2948.879158,2871.879158,8,5,3,2,0.0,5,30.0,0.0,0.0,0,0,0,1
w6_persistent_bearing,collinear,10040,14,omni,83.0,3240.534397,3157.534397,8,5,0,5,0.0,5,30.0,0.0,0.0,0,0,0,1
w6_persistent_bearing,collinear,10040,15,omni,348.0,4256.196372,3908.1963720000003,8,5,0,5,0.0,5,30.0,0.0,0.0,0,0,0,1
w6_persistent_bearing,collinear,10040,17,dir,101.0,3010.163498,2909.163498,9,8,3,5,306.99900789025986,8,109.39980157805198,500.0,500.0,1,0,0,1
w6_persistent_bearing,collinear,10040,18,dir,107.0,3232.458121,3125.458121,8,6,0,6,0.0,6,36.0,0.0,0.0,0,0,0,1
w6_persistent_bearing,collinear,10040,20,omni,318.0,4169.924243,3851.9242430000004,9,5,0,5,1465.9406558638416,5,323.1881311727683,0.0,0.0,0,0,0,1
w6_persistent_bearing,collinear,10041,2,dir,4459.321007,4937.934767,478.6137600000002,2,0,0,0,0.0,0,0.0,0.0,0.0,0,0,0,1
w6_persistent_bearing,collinear,10041,3,dir,17.0,5569.516401,5552.516401,17,14,0,14,0.0,14,84.0,0.0,0.0,0,0,0,1
w6_persistent_bearing,collinear,10041,4,dir,728.0,1616.518435,888.518435,8,7,4,3,1267.7393322543178,1,289.5478664508636,334.02493883331505,500.0,7,0,0,1
w6_persistent_bearing,collinear,10041,5,omni,29.0,5595.180652,5566.180652,17,15,2,13,0.0,15,90.0,0.0,0.0,0,0,0,1
w6_persistent_bearing,collinear,10041,7,dir,710.0,1319.02875,609.02875,3,2,2,0,324.73302128558515,1,75.94660425711703,500.0,500.0,1,0,0,1
w6_persistent_bearing,collinear,10041,8,omni,47.0,5770.373224,5723.373224,18,16,5,11,0.0,16,96.0,0.0,0.0,0,0,0,1
w6_persistent_bearing,collinear,10041,10,dir,4423.321007,5143.105178,719.7841710000002,2,0,0,0,0.0,0,0.0,0.0,0.0,0,0,0,1
w6_persistent_bearing,collinear,10041,11,dir,4819.321007,5910.081248,1090.7602410000009,4,2,2,0,322.0208098138625,2,76.4041619627725,346.41989991569056,346.41989991569056,1,0,0,1
w6_persistent_bearing,collinear,10041,14,omni,83.0,930.923278,847.923278,2,0,0,0,0.0,0,0.0,0.0,0.0,0,0,0,1
w6_persistent_bearing,collinear,10041,16,dir,409.0,5135.482595,4726.482595,20,19,6,13,213.14557762500866,17,154.62911552500174,158.64699994531725,414.79004421505846,5,0,0,1
w6_persistent_bearing,collinear,10041,18,omni,644.0,1711.452626,1067.452626,2,0,0,0,0.0,0,0.0,0.0,0.0,0,0,0,1
w6_persistent_bearing,collinear,10041,19,dir,1918.710241,2511.954444,593.244203,3,0,0,0,0.0,0,0.0,0.0,0.0,0,0,0,1
w6_persistent_bearing,collinear,10041,20,dir,433.0,5091.654994,4658.654994,20,19,6,13,5623.133675599376,15,1234.6267351198753,142.75463404342773,374.2084611616923,5,0,0,1
w6_persistent_bearing,collinear,10042,2,dir,11.0,2090.872098,2079.872098,9,8,5,3,419.521613364574,4,127.9043226729148,163.94350936440162,500.0,5,0,0,1
w6_persistent_bearing,collinear,10042,3,dir,17.0,2485.19437,2468.19437,15,14,6,8,1311.7236046084204,9,341.3447209216841,261.3636363636364,500.0,11,0,0,1
w6_persistent_bearing,collinear,10042,4,dir,3408.137195,3954.080742,545.9435470000003,3,0,0,0,0.0,0,0.0,0.0,0.0,0,0,0,1
w6_persistent_bearing,collinear,10042,8,dir,47.0,813.982182,766.982182,9,8,2,6,464.14279841040343,3,135.82855968208068,328.125,500.0,8,0,0,1
w6_persistent_bearing,collinear,10042,9,dir,5476.265443,5956.454749,480.1893060000002,2,0,0,0,0.0,0,0.0,0.0,0.0,0,0,0,1
w6_persistent_bearing,collinear,10042,10,dir,1822.356587,5938.432982,4116.076395,14,13,2,11,0.0,13,78.0,0.0,0.0,0,0,0,1
w6_persistent_bearing,collinear,10042,11,dir,379.0,674.718549,295.71854900000005,1,0,0,0,0.0,0,0.0,0.0,0.0,0,0,0,1
w6_persistent_bearing,collinear,10042,12,dir,1816.356587,5865.117493,4048.7609059999995,14,13,2,11,0.0,13,78.0,0.0,0.0,0,0,0,1
w6_persistent_bearing,collinear,10042,13,dir,77.0,2681.299396,2604.299396,5,3,1,2,370.41060721935594,3,92.08212144387119,500.0,500.0,1,0,0,1
w6_persistent_bearing,collinear,10042,14,omni,83.0,1928.229837,1845.229837,5,4,3,1,470.93427159900114,4,118.18685431980023,470.93427159900114,470.93427159900114,1,0,0,1
w6_persistent_bearing,collinear,10042,16,dir,409.0,1001.514556,592.514556,10,9,3,6,990.4587838782023,2,245.09175677564048,294.8026993388403,500.0,9,0,0,1
w6_persistent_bearing,collinear,10042,17,dir,1189.904194,2441.238889,1251.3346950000002,4,1,1,0,434.85872859761434,0,91.97174571952287,455.3840733216731,455.3840733216731,1,0,0,1
w6_persistent_bearing,collinear,10043,7,dir,1609.673356,6053.809086,4444.13573,17,15,1,14,0.0,15,90.0,0.0,0.0,0,0,0,1
w6_persistent_bearing,collinear,10043,8,dir,3587.238291,4203.649151,616.4108599999995,1,0,0,0,0.0,0,0.0,0.0,0.0,0,0,0,1
w6_persistent_bearing,collinear,10043,9,omni,53.0,817.170717,764.170717,2,0,0,0,0.0,0,0.0,0.0,0.0,0,0,0,1
w6_persistent_bearing,collinear,10043,10,omni,59.0,783.914887,724.914887,1,0,0,0,0.0,0,0.0,0.0,0.0,0,0,0,1
w6_persistent_bearing,collinear,10043,11,dir,989.301854,3964.954507,2975.652653,13,12,3,9,546.9729369422053,10,179.39458738844104,258.3679214012779,500.0,3,0,0,1
w6_persistent_bearing,collinear,10043,14,dir,402.48008,3816.84448,3414.3644000000004,11,10,1,9,0.0,10,60.0,0.0,0.0,0,0,0,1
w6_persistent_bearing,collinear,10043,16,dir,95.0,700.816305,605.816305,4,2,2,0,119.0083730484121,2,35.80167460968242,168.15066403654043,224.16130630684773,2,0,0,1
w6_persistent_bearing,collinear,10043,17,omni,1567.673356,6062.09137,4494.418014,17,15,1,14,0.0,15,90.0,0.0,0.0,0,0,0,1
w6_persistent_bearing,collinear,10043,19,omni,113.0,1755.263662,1642.263662,5,4,3,1,1717.5131923925333,2,365.50263847850664,500.0,500.0,1,0,0,1
w6_persistent_bearing,collinear,10043,20,dir,119.0,657.224555,538.224555,6,3,3,0,377.3113375591979,2,92.46226751183958,136.16688280944547,233.36433486407864,3,0,0,1
w6_persistent_bearing,collinear,10044,1,dir,5.0,1846.154601,1841.154601,7,6,5,1,1630.362915223713,5,361.0725830447426,258.13388824645943,500.0,4,0,0,1
w6_persistent_bearing,collinear,10044,2,dir,11.0,2135.440991,2124.440991,16,15,4,11,149.79162338680726,3,107.95832467736145,28.136250766311235,55.12408313399752,12,0,0,1
w6_persistent_bearing,collinear,10044,4,dir,1387.405538,2683.646919,1296.2413809999998,7,6,3,3,1041.3444068178887,2,240.26888136357775,385.8604064055626,500.0,6,0,0,1
w6_persistent_bearing,collinear,10044,6,dir,35.0,2384.765437,2349.765437,6,4,3,1,553.8076234338255,4,134.76152468676509,500.0,500.0,2,0,0,1
w6_persistent_bearing,collinear,10044,9,omni,53.0,1878.45253,1825.45253,5,4,3,1,84.47710502250804,4,40.89542100450161,385.5109698262647,500.0,2,0,0,1
w6_persistent_bearing,collinear,10044,10,dir,59.0,459.958245,400.958245,2,0,0,0,0.0,0,0.0,0.0,0.0,0,0,0,1
w6_persistent_bearing,collinear,10044,11,omni,65.0,1932.634021,1867.634021,8,7,6,1,624.4711143964436,5,164.89422287928872,188.33983910373655,496.4295757602447,5,0,0,1
w6_persistent_bearing,collinear,10044,12,dir,1996.36883,2479.367845,482.9990150000003,5,4,4,0,333.4699747887764,0,86.69399495775528,177.51479178314204,500.0,4,0,0,1
w6_persistent_bearing,collinear,10044,16,dir,679.408839,2758.97873,2079.569891,5,4,3,1,896.065046592867,4,203.2130093185734,444.0311102676974,500.0,2,0,0,1
w6_persistent_bearing,collinear,10044,17,dir,101.0,1864.90272,1763.90272,6,5,4,1,168.74237631944732,5,63.74847526388946,307.67509316167155,500.0,3,0,0,1
w6_persistent_bearing,collinear,10044,20,dir,3792.385435,4366.839923,574.4544880000003,3,0,0,0,0.0,0,0.0,0.0,0.0,0,0,0,1
w6_persistent_bearing,collinear,10045,1,dir,1895.33741,3273.947425,1378.6100149999997,9,8,4,4,848.1526813931224,2,211.63053627862448,330.3590375352697,500.0,7,0,0,1
w6_persistent_bearing,collinear,10045,3,dir,420.0,2207.338002,1787.338002,8,7,3,4,654.4683156283488,7,172.89366312566978,344.759993068537,462.6825793430556,2,0,0,1
w6_persistent_bearing,collinear,10045,5,dir,722.0,1782.641589,1060.641589,4,1,0,1,0.0,1,6.0,0.0,0.0,0,0,0,1
w6_persistent_bearing,collinear,10045,6,omni,35.0,2734.552049,2699.552049,8,6,1,5,109.73431109104462,6,57.94686221820892,500.0,500.0,1,0,0,1
w6_persistent_bearing,collinear,10045,8,omni,47.0,3098.457729,3051.457729,9,7,2,5,623.161596507723,7,166.63231930154458,500.0,500.0,1,0,0,1
w6_persistent_bearing,collinear,10045,9,omni,53.0,2176.18806,2123.18806,7,5,1,4,0.0,5,30.0,0.0,0.0,0,0,0,1
w6_persistent_bearing,collinear,10045,11,dir,65.0,3028.47105,2963.47105,11,10,4,6,429.4352205514484,9,144.88704411028968,131.78740653179366,233.67783728005494,3,0,0,1
w6_persistent_bearing,collinear,10045,12,omni,2853.198214,5337.239151,2484.0409369999998,9,8,1,7,0.0,8,48.0,0.0,0.0,0,0,0,1
w6_persistent_bearing,collinear,10045,16,dir,95.0,3135.780397,3040.780397,11,9,4,5,285.79689991256134,8,110.15937998251226,326.484954328386,500.0,3,0,0,1
w6_persistent_bearing,collinear,10045,17,dir,101.0,3088.176224,2987.176224,10,9,3,6,195.19523655041897,9,93.03904731008379,255.5974071826751,352.3321033777716,2,0,0,1
w6_persistent_bearing,collinear,10045,18,dir,1197.010204,1802.454604,605.4444000000001,2,0,0,0,0.0,0,0.0,0.0,0.0,0,0,0,1
w6_persistent_bearing,collinear,10045,20,dir,5432.684325,5803.79614,371.1118150000002,2,0,0,0,0.0,0,0.0,0.0,0.0,0,0,0,1
w6_persistent_bearing,collinear,10046,3,dir,343.481281,6127.233314,5783.752033,20,17,4,13,286.34555779566,17,159.269111559132,500.0,500.0,1,0,0,1
w6_persistent_bearing,collinear,10046,4,dir,2833.200837,6775.515919,3942.3150820000005,20,19,4,15,2468.762517313733,10,598.7525034627466,316.13058730448466,500.0,10,0,0,1
w6_persistent_bearing,collinear,10046,5,omni,29.0,6855.225805,6826.225805,21,20,6,14,500.0,20,220.0,500.0,500.0,1,0,0,1
w6_persistent_bearing,collinear,10046,8,omni,47.0,6101.218738,6054.218738,21,17,4,13,0.0,17,102.0,0.0,0.0,0,0,0,1
w6_persistent_bearing,collinear,10046,10,dir,59.0,658.440159,599.440159,8,6,3,3,436.9505132670063,0,117.39010265340126,84.53496163141848,222.44116689726576,6,0,0,1
w6_persistent_bearing,collinear,10046,13,dir,77.0,7071.466604,6994.466604,22,21,3,18,500.0,21,226.0,500.0,500.0,1,0,0,1
w6_persistent_bearing,collinear,10046,14,dir,825.573575,3440.505606,2614.9320310000003,9,7,1,6,0.0,7,42.0,0.0,0.0,0,0,0,1
w6_persistent_bearing,collinear,10046,15,dir,415.481281,6222.130594,5806.649313,20,17,2,15,81.62196747070976,17,118.32439349414196,460.91258260806853,460.91258260806853,1,0,0,1
w6_persistent_bearing,collinear,10046,16,omni,95.0,6807.32188,6712.32188,20,19,3,16,0.0,19,114.0,0.0,0.0,0,0,0,1
w6_persistent_bearing,collinear,10046,17,omni,101.0,6031.659345,5930.659345,21,18,4,14,0.0,18,108.0,0.0,0.0,0,0,0,1
w6_persistent_bearing,collinear,10046,18,dir,433.481281,3424.399965,2990.918684,11,7,0,7,0.0,7,42.0,0.0,0.0,0,0,0,1
w6_persistent_bearing,collinear,10046,19,omni,113.0,3368.87662,3255.87662,11,6,2,4,0.0,6,36.0,0.0,0.0,0,0,0,1
w6_persistent_bearing,collinear,10047,1,omni,5.0,918.27364,913.27364,2,0,0,0,0.0,0,0.0,0.0,0.0,0,0,0,1
w6_persistent_bearing,collinear,10047,2,dir,1757.381467,6927.317981,5169.936514,22,21,3,18,7489.246545743197,19,1621.8493091486393,362.64371284814075,362.64371284814075,1,0,0,1
w6_persistent_bearing,collinear,10047,5,omni,29.0,4307.185101,4278.185101,14,13,5,8,428.49511966030275,13,163.69902393206056,428.4951196603027,428.4951196603027,1,0,0,1
w6_persistent_bearing,collinear,10047,7,dir,41.0,729.294075,688.294075,4,3,3,0,608.0214360676723,1,137.60428721353446,267.980218898661,500.0,3,0,0,1
w6_persistent_bearing,collinear,10047,9,dir,367.0,1427.084372,1060.084372,1,0,0,0,0.0,0,0.0,0.0,0.0,0,0,0,1
w6_persistent_bearing,collinear,10047,10,omni,59.0,904.945776,845.945776,2,0,0,0,0.0,0,0.0,0.0,0.0,0,0,0,1
w6_persistent_bearing,collinear,10047,11,dir,4240.207257,4848.458147,608.2508900000003,10,9,3,6,1180.2937944857842,1,282.05875889715685,253.40520484245658,429.1887578425141,9,0,0,1
w6_persistent_bearing,collinear,10047,12,omni,71.0,1390.856756,1319.856756,3,0,0,0,0.0,0,0.0,0.0,0.0,0,0,0,1
w6_persistent_bearing,collinear,10047,15,dir,89.0,1497.580571,1408.580571,13,11,3,8,193.65615728449256,1,94.73123145689851,42.288790915610555,116.60188894314548,10,0,0,1
w6_persistent_bearing,collinear,10047,17,omni,3344.412079,4434.438817,1090.026738,3,0,0,0,0.0,0,0.0,0.0,0.0,0,0,0,1
w6_persistent_bearing,collinear,10047,18,omni,421.0,1660.712649,1239.712649,4,3,3,0,691.1423222192157,1,154.22846444384314,179.9813068947233,422.7546510876515,3,0,0,1
w6_persistent_bearing,collinear,10047,19,omni,113.0,4376.341232,4263.341232,14,13,5,8,596.8785272374676,13,197.37570544749352,500.0,500.0,1,0,0,1
w6_persistent_bearing,collinear,10047,20,dir,119.0,4184.831552,4065.8315519999996,15,14,3,11,4544.753923061571,10,988.9507846123142,275.9076952209955,500.0,3,0,0,1
w6_persistent_bearing,collinear,10048,1,dir,945.0,1726.064838,781.064838,5,3,3,0,901.7776068056829,1,196.3555213611366,253.87572145839223,488.0097923229123,3,0,0,1
w6_persistent_bearing,collinear,10048,2,omni,11.0,1792.991843,1781.991843,5,3,3,0,0.0,3,18.0,0.0,0.0,0,0,0,1
w6_persistent_bearing,collinear,10048,5,dir,2722.027911,4933.357232,2211.329321,7,6,1,5,0.0,6,36.0,0.0,0.0,0,0,0,1
w6_persistent_bearing,collinear,10048,6,dir,4717.59938,5436.801677,719.2022970000007,2,0,0,0,0.0,0,0.0,0.0,0.0,0,0,0,1
w6_persistent_bearing,collinear,10048,7,dir,41.0,2816.102056,2775.102056,8,7,2,5,0.6108652002066162,7,42.122173040041325,500.0,500.0,1,0,0,1
w6_persistent_bearing,collinear,10048,8,omni,47.0,2172.630926,2125.630926,6,4,1,3,0.0,4,24.0,0.0,0.0,0,0,0,1
w6_persistent_bearing,collinear,10048,9,omni,53.0,2037.699094,1984.699094,6,4,1,3,0.0,4,24.0,0.0,0.0,0,0,0,1
w6_persistent_bearing,collinear,10048,10,dir,2704.027911,5000.27974,2296.251829,7,5,1,4,0.0,5,30.0,0.0,0.0,0,0,0,1
w6_persistent_bearing,collinear,10048,12,dir,71.0,2439.060308,2368.060308,14,13,5,8,563.5943160418852,6,183.71886320837706,174.10962295094376,500.0,8,0,0,1
w6_persistent_bearing,collinear,10048,13,dir,2692.027911,4972.266638,2280.238727,14,13,4,9,652.3347503519087,7,202.46695007038176,375.0,500.0,6,0,0,1
w6_persistent_bearing,collinear,10048,14,omni,83.0,2575.686639,2492.686639,9,8,3,5,982.7268243658992,7,243.54536487317984,201.29550462626534,500.0,3,0,0,1
w6_persistent_bearing,collinear,10048,16,omni,95.0,2151.234198,2056.234198,6,4,1,3,0.0,4,24.0,0.0,0.0,0,0,0,1
w6_persistent_bearing,collinear,10048,17,omni,2680.027911,4895.602715,2215.574804,8,7,3,4,604.0554782494147,7,162.81109564988293,500.0,500.0,1,0,0,1
w6_persistent_bearing,collinear,10048,18,omni,107.0,2769.149053,2662.149053,9,8,3,5,174.80730204718682,8,82.96146040943736,397.7692251145261,500.0,2,0,0,1
w6_persistent_bearing,collinear,10048,19,omni,113.0,4838.486498,4725.486498,15,14,6,8,0.6108652002066113,14,84.12217304004132,500.0,500.0,1,0,0,1
w6_persistent_bearing,collinear,10049,3,omni,17.0,22.0,5.0,0,0,0,0,0.0,0,0.0,0.0,0.0,0,0,0,1
w6_persistent_bearing,collinear,10049,6,dir,4268.322642,5670.594957,1402.2723150000002,5,2,1,1,0.0,2,12.0,0.0,0.0,0,0,0,1
w6_persistent_bearing,collinear,10049,7,dir,46.0,486.441542,440.441542,2,0,0,0,0.0,0,0.0,0.0,0.0,0,0,0,1
w6_persistent_bearing,collinear,10049,13,dir,711.674319,1260.136393,548.462074,7,6,3,3,1420.042891037624,0,314.0085782075248,390.0948240512501,500.0,6,0,0,1
w6_persistent_bearing,collinear,10049,14,dir,88.0,4452.892974,4364.892974,13,12,1,11,0.0,12,72.0,0.0,0.0,0,0,0,1
w6_persistent_bearing,collinear,10049,15,dir,4610.61831,5755.240546,1144.6222360000002,7,6,4,2,273.98296965061877,3,87.79659393012375,177.51481712664776,500.0,4,0,0,1
w6_persistent_bearing,collinear,10049,17,dir,1480.949806,2369.47663,888.526824,7,6,4,2,944.0328363047081,3,221.80656726094162,162.43725376623541,500.0,4,0,0,1
w6_persistent_bearing,collinear,10049,18,dir,4214.322642,4874.513629,660.190987,3,1,1,0,291.4695806155612,0,63.29391612311224,327.53649490235773,327.53649490235773,1,0,0,1
w6_persistent_bearing,collinear,10049,19,dir,329.0,912.956043,583.956043,1,0,0,0,0.0,0,0.0,0.0,0.0,0,0,0,1
w6_persistent_bearing,collinear,10049,20,dir,1468.949806,1784.852361,315.9025549999999,1,0,0,0,0.0,0,0.0,0.0,0.0,0,0,0,1
